{
    "1442526317.683467,CHQiWo46zvhVQ1bLg": {
        "domain": "google.com", 
        "dst_ip": "216.58.217.142", 
        "dst_port": "80", 
        "headers": {
            "ACCEPT-ENCODING": "gzip", 
            "CONNECTION": "Keep-Alive", 
            "HOST": "clients3.google.com", 
            "USER-AGENT": "Dalvik/2.1.0 (Linux; U; Android 5.1.1; Nexus 6 Build/LMY48I)"
        }, 
        "host": "clients3.google.com", 
        "is_host_ip": 0, 
        "label": 0, 
        "md5": null, 
        "method": "GET", 
        "package_name": "com.rovio.baba", 
        "pii_types": null, 
        "platform": "android", 
        "post_body": "-", 
        "referrer": "-", 
        "src_ip": "10.11.2.3", 
        "src_port": "44258", 
        "tk_flag": 1, 
        "ts": "1442526317.683467", 
        "uri": "/generate_204", 
        "user_agent": "Dalvik/2.1.0 (Linux; U; Android 5.1.1; Nexus 6 Build/LMY48I)"
    }, 
    "1442526793.388595,CiJboFf6tCyZB6Aeg": {
        "domain": "google.com", 
        "dst_ip": "74.125.228.193", 
        "dst_port": "80", 
        "headers": {
            "ACCEPT-ENCODING": "gzip", 
            "CONNECTION": "Keep-Alive", 
            "HOST": "clients3.google.com", 
            "USER-AGENT": "Dalvik/2.1.0 (Linux; U; Android 5.1.1; Nexus 6 Build/LMY48I)"
        }, 
        "host": "clients3.google.com", 
        "is_host_ip": 0, 
        "label": 0, 
        "md5": null, 
        "method": "GET", 
        "package_name": "com.rovio.baba", 
        "pii_types": null, 
        "platform": "android", 
        "post_body": "-", 
        "referrer": "-", 
        "src_ip": "10.11.2.3", 
        "src_port": "55379", 
        "tk_flag": 1, 
        "ts": "1442526793.388595", 
        "uri": "/generate_204", 
        "user_agent": "Dalvik/2.1.0 (Linux; U; Android 5.1.1; Nexus 6 Build/LMY48I)"
    }, 
    "1442526908.268322,CvZR4219BDHgCJbaR1": {
        "domain": "everyplay.com", 
        "dst_ip": "93.184.215.113", 
        "dst_port": "80", 
        "headers": {
            "ACCEPT-ENCODING": "gzip", 
            "CONNECTION": "Keep-Alive", 
            "HOST": "static.everyplay.com", 
            "USER-AGENT": "Dalvik/2.1.0 (Linux; U; Android 5.1.1; Nexus 6 Build/LMY48I)"
        }, 
        "host": "static.everyplay.com", 
        "is_host_ip": 0, 
        "label": 0, 
        "md5": null, 
        "method": "GET", 
        "package_name": "com.rovio.baba", 
        "pii_types": null, 
        "platform": "android", 
        "post_body": "-", 
        "referrer": "-", 
        "src_ip": "10.11.2.3", 
        "src_port": "37513", 
        "tk_flag": 0, 
        "ts": "1442526908.268322", 
        "uri": "/impact/videos/62366/125a1c7ebfac8b70/db-hero/b30-600.mp4", 
        "user_agent": "Dalvik/2.1.0 (Linux; U; Android 5.1.1; Nexus 6 Build/LMY48I)"
    }, 
    "1442526909.308434,CjTwae4CaQHohForrh": {
        "domain": "akamaihd.net", 
        "dst_ip": "63.130.78.122", 
        "dst_port": "80", 
        "headers": {
            "ACCEPT": "*/*", 
            "HOST": "cloudads-a.akamaihd.net", 
            "USER-AGENT": "Mozilla/5.0 (Linux; Android 5.1.1; Nexus 6 Build/LMY48I; wv) AppleWebKit/537.36 (KHTML\\x2c like Gecko) Version/4.0 Chrome/44.0.2403.117 Mobile Safari/537.36"
        }, 
        "host": "cloudads-a.akamaihd.net", 
        "is_host_ip": 0, 
        "label": 0, 
        "md5": null, 
        "method": "GET", 
        "package_name": "com.rovio.baba", 
        "pii_types": null, 
        "platform": "android", 
        "post_body": "-", 
        "referrer": "-", 
        "src_ip": "10.11.2.3", 
        "src_port": "50998", 
        "tk_flag": 0, 
        "ts": "1442526909.308434", 
        "uri": "/ads/uploads/f95a24529d52417da267ec9060a9f0fc.json", 
        "user_agent": "Mozilla/5.0 (Linux; Android 5.1.1; Nexus 6 Build/LMY48I; wv) AppleWebKit/537.36 (KHTML, like Gecko) Version/4.0 Chrome/44.0.2403.117 Mobile Safari/537.36"
    }, 
    "1442526912.386779,CFkOJ02irGEoTLvdCd": {
        "domain": "akamaihd.net", 
        "dst_ip": "63.130.78.122", 
        "dst_port": "80", 
        "headers": {
            "ACCEPT": "image/webp\\x2c*/*;q=0.8", 
            "ACCEPT-ENCODING": "gzip\\x2c deflate", 
            "ACCEPT-LANGUAGE": "en-US", 
            "CONNECTION": "keep-alive", 
            "HOST": "cloudads-a.akamaihd.net", 
            "USER-AGENT": "Mozilla/5.0 (Linux; Android 5.1.1; Nexus 6 Build/LMY48I; wv) AppleWebKit/537.36 (KHTML\\x2c like Gecko) Version/4.0 Chrome/44.0.2403.117 Mobile Safari/537.36", 
            "X-REQUESTED-WITH": "com.rovio.baba"
        }, 
        "host": "cloudads-a.akamaihd.net", 
        "is_host_ip": 0, 
        "label": 0, 
        "md5": null, 
        "method": "GET", 
        "package_name": "com.rovio.baba", 
        "pii_types": null, 
        "platform": "android", 
        "post_body": "-", 
        "referrer": "-", 
        "src_ip": "10.11.2.3", 
        "src_port": "51003", 
        "tk_flag": 0, 
        "ts": "1442526912.386779", 
        "uri": "/images/scl/faf631bf80ba452d8d5429a086b58962ad4c68e558df442b9ba050855325b253_1536x864.jpg", 
        "user_agent": "Mozilla/5.0 (Linux; Android 5.1.1; Nexus 6 Build/LMY48I; wv) AppleWebKit/537.36 (KHTML, like Gecko) Version/4.0 Chrome/44.0.2403.117 Mobile Safari/537.36"
    }, 
    "1442526921.913250,CFkOJ02irGEoTLvdCd": {
        "domain": "akamaihd.net", 
        "dst_ip": "63.130.78.122", 
        "dst_port": "80", 
        "headers": {
            "ACCEPT": "image/webp\\x2c*/*;q=0.8", 
            "ACCEPT-ENCODING": "gzip\\x2c deflate", 
            "ACCEPT-LANGUAGE": "en-US", 
            "CONNECTION": "keep-alive", 
            "HOST": "cloudads-a.akamaihd.net", 
            "USER-AGENT": "Mozilla/5.0 (Linux; Android 5.1.1; Nexus 6 Build/LMY48I; wv) AppleWebKit/537.36 (KHTML\\x2c like Gecko) Version/4.0 Chrome/44.0.2403.117 Mobile Safari/537.36", 
            "X-REQUESTED-WITH": "com.rovio.baba"
        }, 
        "host": "cloudads-a.akamaihd.net", 
        "is_host_ip": 0, 
        "label": 0, 
        "md5": null, 
        "method": "GET", 
        "package_name": "com.rovio.baba", 
        "pii_types": null, 
        "platform": "android", 
        "post_body": "-", 
        "referrer": "-", 
        "src_ip": "10.11.2.3", 
        "src_port": "51003", 
        "tk_flag": 0, 
        "ts": "1442526921.913250", 
        "uri": "/images/scl/4e7411fd3562466cbdbb8ab45deac147100bd8ab5acd4fc29ec685238ff5d73d_1536x864.jpg", 
        "user_agent": "Mozilla/5.0 (Linux; Android 5.1.1; Nexus 6 Build/LMY48I; wv) AppleWebKit/537.36 (KHTML, like Gecko) Version/4.0 Chrome/44.0.2403.117 Mobile Safari/537.36"
    }
}
