{
    "1441737958.573967,Cm6IeR10KvaXvgkMQk": {
        "domain": "google.com", 
        "dst_ip": "74.125.226.33", 
        "dst_port": "80", 
        "headers": {
            "ACCEPT-ENCODING": "gzip", 
            "CONNECTION": "Keep-Alive", 
            "HOST": "clients3.google.com", 
            "USER-AGENT": "Dalvik/2.1.0 (Linux; U; Android 5.1.1; Nexus 6 Build/LMY48I)"
        }, 
        "host": "clients3.google.com", 
        "is_host_ip": 0, 
        "label": 0, 
        "md5": null, 
        "method": "GET", 
        "package_name": "com.contextlogic.wish", 
        "pii_types": null, 
        "platform": "android", 
        "post_body": "-", 
        "referrer": "-", 
        "src_ip": "10.11.2.3", 
        "src_port": "48276", 
        "tk_flag": 1, 
        "ts": "1441737958.573967", 
        "uri": "/generate_204", 
        "user_agent": "Dalvik/2.1.0 (Linux; U; Android 5.1.1; Nexus 6 Build/LMY48I)"
    }, 
    "1441738358.826893,CiFWCQ2pwyKWT6PEd2": {
        "domain": "wish.com", 
        "dst_ip": "54.230.195.6", 
        "dst_port": "80", 
        "headers": {
            "CONNECTION": "Keep-Alive", 
            "HOST": "contestimg.wish.com", 
            "USER-AGENT": "Mozilla/5.0 (Linux; Android 5.1.1; Nexus 6 Build/LMY48I; wv) AppleWebKit/537.36 (KHTML\\x2c like Gecko) Version/4.0 Chrome/44.0.2403.117 Mobile Safari/537.36"
        }, 
        "host": "contestimg.wish.com", 
        "is_host_ip": 0, 
        "label": 0, 
        "md5": null, 
        "method": "GET", 
        "package_name": "com.contextlogic.wish", 
        "pii_types": null, 
        "platform": "android", 
        "post_body": "-", 
        "referrer": "-", 
        "src_ip": "10.11.2.3", 
        "src_port": "33232", 
        "tk_flag": 0, 
        "ts": "1441738358.826893", 
        "uri": "/api/webimage/534260f8aad56a0d571849c6-1-large.jpg", 
        "user_agent": "Mozilla/5.0 (Linux; Android 5.1.1; Nexus 6 Build/LMY48I; wv) AppleWebKit/537.36 (KHTML, like Gecko) Version/4.0 Chrome/44.0.2403.117 Mobile Safari/537.36"
    }, 
    "1441738371.385242,CfTmPA4w3frZy5rAwb": {
        "domain": "wish.com", 
        "dst_ip": "54.230.195.6", 
        "dst_port": "80", 
        "headers": {
            "CONNECTION": "Keep-Alive", 
            "HOST": "contestimg.wish.com", 
            "USER-AGENT": "Mozilla/5.0 (Linux; Android 5.1.1; Nexus 6 Build/LMY48I; wv) AppleWebKit/537.36 (KHTML\\x2c like Gecko) Version/4.0 Chrome/44.0.2403.117 Mobile Safari/537.36"
        }, 
        "host": "contestimg.wish.com", 
        "is_host_ip": 0, 
        "label": 0, 
        "md5": null, 
        "method": "GET", 
        "package_name": "com.contextlogic.wish", 
        "pii_types": null, 
        "platform": "android", 
        "post_body": "-", 
        "referrer": "-", 
        "src_ip": "10.11.2.3", 
        "src_port": "38909", 
        "tk_flag": 0, 
        "ts": "1441738371.385242", 
        "uri": "/api/image/rating?name=2036d21e4c5d11e58f4202790a4a23ef.jpg&w=200&h=200&m=1&t=0", 
        "user_agent": "Mozilla/5.0 (Linux; Android 5.1.1; Nexus 6 Build/LMY48I; wv) AppleWebKit/537.36 (KHTML, like Gecko) Version/4.0 Chrome/44.0.2403.117 Mobile Safari/537.36"
    }, 
    "1441738520.896830,CRWpcX1QAkSdjUGlJl": {
        "domain": "wish.com", 
        "dst_ip": "54.192.103.222", 
        "dst_port": "80", 
        "headers": {
            "CONNECTION": "Keep-Alive", 
            "HOST": "contestimg.wish.com", 
            "USER-AGENT": "Mozilla/5.0 (Linux; Android 5.1.1; Nexus 6 Build/LMY48I; wv) AppleWebKit/537.36 (KHTML\\x2c like Gecko) Version/4.0 Chrome/44.0.2403.117 Mobile Safari/537.36"
        }, 
        "host": "contestimg.wish.com", 
        "is_host_ip": 0, 
        "label": 0, 
        "md5": null, 
        "method": "GET", 
        "package_name": "com.contextlogic.wish", 
        "pii_types": null, 
        "platform": "android", 
        "post_body": "-", 
        "referrer": "-", 
        "src_ip": "10.11.2.3", 
        "src_port": "55333", 
        "tk_flag": 0, 
        "ts": "1441738520.896830", 
        "uri": "/api/webimage/5369ac8c34067e5f0e06a788-1-large.jpg", 
        "user_agent": "Mozilla/5.0 (Linux; Android 5.1.1; Nexus 6 Build/LMY48I; wv) AppleWebKit/537.36 (KHTML, like Gecko) Version/4.0 Chrome/44.0.2403.117 Mobile Safari/537.36"
    }, 
    "1441738577.127978,CdkI7K13gXvdpqIOdh": {
        "domain": "ggpht.com", 
        "dst_ip": "216.58.217.129", 
        "dst_port": "80", 
        "headers": {
            "CONNECTION": "Keep-Alive", 
            "HOST": "lh3.ggpht.com", 
            "USER-AGENT": "unused/0 (shamu LMY48I); gzip"
        }, 
        "host": "lh3.ggpht.com", 
        "is_host_ip": 0, 
        "label": 0, 
        "md5": null, 
        "method": "GET", 
        "package_name": "com.contextlogic.wish", 
        "pii_types": null, 
        "platform": "android", 
        "post_body": "-", 
        "referrer": "-", 
        "src_ip": "10.11.2.3", 
        "src_port": "52868", 
        "tk_flag": 0, 
        "ts": "1441738577.127978", 
        "uri": "/STkLA3lthJ3mrb1mScEIdKgag30BABVWAz3m-zTnwTeUShZIZz8fAkQR0tgCe4GLSEY=rw-w49-h49", 
        "user_agent": "unused/0 (shamu LMY48I); gzip"
    }, 
    "1441738577.360776,CvmrcKD3UUhV8XPe7": {
        "domain": "ggpht.com", 
        "dst_ip": "216.58.217.129", 
        "dst_port": "80", 
        "headers": {
            "CONNECTION": "Keep-Alive", 
            "HOST": "lh3.ggpht.com", 
            "USER-AGENT": "unused/0 (shamu LMY48I); gzip"
        }, 
        "host": "lh3.ggpht.com", 
        "is_host_ip": 0, 
        "label": 0, 
        "md5": null, 
        "method": "GET", 
        "package_name": "com.contextlogic.wish", 
        "pii_types": null, 
        "platform": "android", 
        "post_body": "-", 
        "referrer": "-", 
        "src_ip": "10.11.2.3", 
        "src_port": "42111", 
        "tk_flag": 0, 
        "ts": "1441738577.360776", 
        "uri": "/CeWJKGm89oRjN2GdTnDgGe1by2GZvlA3eJr3yILWcwuIUAXmdcUh2LuH_Vmm7wv_Yiw=rw-w190-h190", 
        "user_agent": "unused/0 (shamu LMY48I); gzip"
    }, 
    "1441738577.611402,CyMfUt3luuVrQCu4z3": {
        "domain": "ggpht.com", 
        "dst_ip": "216.58.217.129", 
        "dst_port": "80", 
        "headers": {
            "CONNECTION": "Keep-Alive", 
            "HOST": "lh4.ggpht.com", 
            "USER-AGENT": "unused/0 (shamu LMY48I); gzip"
        }, 
        "host": "lh4.ggpht.com", 
        "is_host_ip": 0, 
        "label": 0, 
        "md5": null, 
        "method": "GET", 
        "package_name": "com.contextlogic.wish", 
        "pii_types": null, 
        "platform": "android", 
        "post_body": "-", 
        "referrer": "-", 
        "src_ip": "10.11.2.3", 
        "src_port": "34280", 
        "tk_flag": 0, 
        "ts": "1441738577.611402", 
        "uri": "/V6puNE0GEPVHzUskq0MmfWk2YiA7uBRhoI-ZcWqhVGG9aazYjt-WqrNiQzHlIEpxPc8=rw-w190-h190", 
        "user_agent": "unused/0 (shamu LMY48I); gzip"
    }
}
