{
    "1441727333.472810,CFWgZf2oiMj8PlYrs2": {
        "domain": "google.com", 
        "dst_ip": "173.194.123.33", 
        "dst_port": "80", 
        "headers": {
            "ACCEPT-ENCODING": "gzip", 
            "CONNECTION": "Keep-Alive", 
            "HOST": "clients3.google.com", 
            "USER-AGENT": "Dalvik/2.1.0 (Linux; U; Android 5.1.1; Nexus 6 Build/LMY48I)"
        }, 
        "host": "clients3.google.com", 
        "is_host_ip": 0, 
        "label": 0, 
        "md5": null, 
        "method": "GET", 
        "package_name": "com.fungamesforfree.colorfy", 
        "pii_types": null, 
        "platform": "android", 
        "post_body": "-", 
        "referrer": "-", 
        "src_ip": "10.11.2.3", 
        "src_port": "37829", 
        "tk_flag": 1, 
        "ts": "1441727333.472810", 
        "uri": "/generate_204", 
        "user_agent": "Dalvik/2.1.0 (Linux; U; Android 5.1.1; Nexus 6 Build/LMY48I)"
    }, 
    "1441727440.473010,CuHg9orzUAnOBzQX4": {
        "domain": "fungames-forfree.com", 
        "dst_ip": "54.231.11.17", 
        "dst_port": "80", 
        "headers": {
            "ACCEPT-ENCODING": "gzip", 
            "CONNECTION": "Keep-Alive", 
            "HOST": "s3.fungames-forfree.com", 
            "USER-AGENT": "Dalvik/2.1.0 (Linux; U; Android 5.1.1; Nexus 6 Build/LMY48I)"
        }, 
        "host": "s3.fungames-forfree.com", 
        "is_host_ip": 0, 
        "label": 0, 
        "md5": null, 
        "method": "GET", 
        "package_name": "com.fungamesforfree.colorfy", 
        "pii_types": null, 
        "platform": "android", 
        "post_body": "-", 
        "referrer": "-", 
        "src_ip": "10.11.2.3", 
        "src_port": "46098", 
        "tk_flag": 0, 
        "ts": "1441727440.473010", 
        "uri": "/colorfy/android_config.json", 
        "user_agent": "Dalvik/2.1.0 (Linux; U; Android 5.1.1; Nexus 6 Build/LMY48I)"
    }, 
    "1441727441.360267,CjlOm83uDKwIObD1Ah": {
        "domain": "topaz-analytics.com", 
        "dst_ip": "107.22.195.179", 
        "dst_port": "80", 
        "headers": {
            "ACCEPT-ENCODING": "gzip", 
            "CONNECTION": "Keep-Alive", 
            "CONTENT-ENCODING": "gzip", 
            "CONTENT-LENGTH": "814", 
            "CONTENT-TYPE": "application/x-gzip", 
            "HOST": "android-com-fungamesforfree-colorfy.topaz-analytics.com", 
            "USER-AGENT": "Dalvik/2.1.0 (Linux; U; Android 5.1.1; Nexus 6 Build/LMY48I)", 
            "X-APP-ID": "com-fungamesforfree-colorfy", 
            "X-CLIENT-VERSION": "android_1.0.4", 
            "X-INSTALL-ID": "48d744ee-3a42-4d08-8c64-01943e65f2d9", 
            "X-UPLOAD-TIME": "1441727437"
        }, 
        "host": "android-com-fungamesforfree-colorfy.topaz-analytics.com", 
        "is_host_ip": 0, 
        "label": 1, 
        "md5": null, 
        "method": "POST", 
        "package_name": "com.fungamesforfree.colorfy", 
        "pii_types": [
            "AdvertiserId", 
            "AndroidId"
        ], 
        "platform": "android", 
        "post_body": "{\"dt\":\"h\",\"pa\":1441727360,\"seq\":1,\"u\":\"ae72e168-6991-4ba7-a8f1-b39a3fc38e72\",\"attrs\":{\"adid\":\"RECON_AdvertiserId_43e74e6e1e4b4c67b97709ecf617fee1\",\"dmem\":\"25332158464\",\"tz\":10800,\"j\":false,\"av\":\"1.1.0\",\"dac\":\"android_network_type_3\",\"du\":\"b924c1be94f3a26d52dfbb5c38d25bdd08f79bdad2e79a322b5bacf310345ab9\",\"dc\":\"US\",\"dma\":\"motorola\",\"dmo\":\"Nexus 6\",\"dov\":\"5.1.1\",\"dp\":\"Android\",\"dms\":\"4164e0a1781172e1db10170d5f36948670e16c01f48a01c260dda4956c22fe0d\",\"dsdk\":\"22\",\"wmac\":null,\"au\":\"com-fungamesforfree-colorfy\",\"lv\":\"android_1.0.4\",\"dt\":\"a\",\"ctdid\":null,\"caid\":\"RECON_AndroidId_04d783d362a045d7af83c7cd5e614e3f\",\"iu\":\"48d744ee-3a42-4d08-8c64-01943e65f2d9\",\"dlc\":\"United States\",\"dll\":\"English\",\"nca\":\"Elisa Oyj\",\"nc\":\"fi\",\"aid\":\"RECON_AndroidId_04d783d362a045d7af83c7cd5e614e3f\",\"pkg\":\"com.fungamesforfree.colorfy\"},\"ids\":{\"dd\":\"1\",\"activation_date\":\"2015-09-08\",\"fiu\":\"48d744ee-3a42-4d08-8c64-01943e65f2d9\",\"sv\":\"0.00\"}}\\x0a{\"dt\":\"s\",\"ct\":1441727437,\"u\":\"a5837355-3700-4dac-b8de-42d8d17f06b2\",\"nth\":1}\\x0a{\"dt\":\"e\",\"ct\":1441727437,\"u\":\"fde196a6-201d-436c-b524-122089a801a9\",\"su\":\"a5837355-3700-4dac-b8de-42d8d17f06b2\",\"n\":\"EVENT_RETURN_RATE_DAY_INIT\",\"au\":\"com-fungamesforfree-colorfy\"}\\x0a{\"dt\":\"f\",\"u\":\"2a651049-d709-4c62-b7a2-d7c03d76d8da\",\"ss\":1441727437,\"nw\":[{\"e\":\"EVENT_RETURN_RATE_DAY_INIT\"},{\"e\":\"MainView\"},{\"e\":\"FirstTime_MainView\"},{\"e\":\"DeviceClass 2014\"}],\"od\":[]}\\x0a{\"dt\":\"e\",\"ct\":1441727437,\"u\":\"32cbcf4a-b8fc-415f-aea6-1f6f20968117\",\"su\":\"a5837355-3700-4dac-b8de-42d8d17f06b2\",\"n\":\"MainView\",\"au\":\"com-fungamesforfree-colorfy\"}\\x0a{\"dt\":\"e\",\"ct\":1441727437,\"u\":\"285ddff5-de67-4984-b6a5-c56416a47c14\",\"su\":\"a5837355-3700-4dac-b8de-42d8d17f06b2\",\"n\":\"FirstTime_MainView\",\"au\":\"com-fungamesforfree-colorfy\"}\\x0a{\"dt\":\"e\",\"ct\":1441727437,\"u\":\"f456e018-5027-415c-8f12-187253b94b04\",\"su\":\"a5837355-3700-4dac-b8de-42d8d17f06b2\",\"n\":\"DeviceClass 2014\",\"au\":\"com-fungamesforfree-colorfy\"}\\x0a", 
        "referrer": "-", 
        "src_ip": "10.11.2.3", 
        "src_port": "46699", 
        "tk_flag": 0, 
        "ts": "1441727441.360267", 
        "uri": "/api/v2/applications/android-com-fungamesforfree-colorfy/uploads", 
        "user_agent": "Dalvik/2.1.0 (Linux; U; Android 5.1.1; Nexus 6 Build/LMY48I)"
    }, 
    "1441727443.086266,CFf4ms3CW0vSDGQrOi": {
        "domain": "fungames-forfree.com", 
        "dst_ip": "54.243.32.244", 
        "dst_port": "80", 
        "headers": {
            "ACCEPT": "application/json", 
            "ACCEPT-ENCODING": "gzip", 
            "AUTHORIZATION": "OAuth oauth_signature_method=\"HMAC-SHA1\"\\x2c oauth_consumer_key=\"colorfy_and\"\\x2c oauth_version=\"1.0\"\\x2c oauth_timestamp=\"1441727438\"\\x2c oauth_nonce=\"718535139\"\\x2c oauth_signature=\"I5b6fQJxTXiwjHpDGUwttHkD5jg%3D\"", 
            "CONNECTION": "Keep-Alive", 
            "CONTENT-LENGTH": "236", 
            "CONTENT-TYPE": "application/x-www-form-urlencoded", 
            "HOST": "push.fungames-forfree.com", 
            "USER-AGENT": "Dalvik/2.1.0 (Linux; U; Android 5.1.1; Nexus 6 Build/LMY48I) ColorfyAndroid_v1.1.0"
        }, 
        "host": "push.fungames-forfree.com", 
        "is_host_ip": 0, 
        "label": 0, 
        "md5": null, 
        "method": "POST", 
        "package_name": "com.fungamesforfree.colorfy", 
        "pii_types": null, 
        "platform": "android", 
        "post_body": "tz=%2B0300&token=d-EzYspkQyg%3AAPA91bH7_tJV__aLArcwj2HCF_d4C0GU1DoOG_TY1osRNktYJozlrfQ9cl3-RJ-9XNVHg1ufupYElNLsrkl_iG01TABK1Binoyp1XILwlTF2c3unKbuE67EIpG5mCflh5EzuE3Ys-jLt&region=us&user_id=6579dec0-5066-4fc6-855c-999676381410&locale=en", 
        "referrer": "-", 
        "src_ip": "10.11.2.3", 
        "src_port": "38084", 
        "tk_flag": 0, 
        "ts": "1441727443.086266", 
        "uri": "/apps/colorfy/notifiers/gcm/device", 
        "user_agent": "Dalvik/2.1.0 (Linux; U; Android 5.1.1; Nexus 6 Build/LMY48I) ColorfyAndroid_v1.1.0"
    }, 
    "1441727772.163800,Cr4n6j4QjIEcVHmU8h": {
        "domain": "topaz-analytics.com", 
        "dst_ip": "107.20.244.15", 
        "dst_port": "80", 
        "headers": {
            "ACCEPT-ENCODING": "gzip", 
            "CONNECTION": "Keep-Alive", 
            "CONTENT-ENCODING": "gzip", 
            "CONTENT-LENGTH": "3842", 
            "CONTENT-TYPE": "application/x-gzip", 
            "HOST": "android-com-fungamesforfree-colorfy.topaz-analytics.com", 
            "USER-AGENT": "Dalvik/2.1.0 (Linux; U; Android 5.1.1; Nexus 6 Build/LMY48I)", 
            "X-APP-ID": "com-fungamesforfree-colorfy", 
            "X-CLIENT-VERSION": "android_1.0.4", 
            "X-INSTALL-ID": "48d744ee-3a42-4d08-8c64-01943e65f2d9", 
            "X-UPLOAD-TIME": "1441727768"
        }, 
        "host": "android-com-fungamesforfree-colorfy.topaz-analytics.com", 
        "is_host_ip": 0, 
        "label": 1, 
        "md5": null, 
        "method": "POST", 
        "package_name": "com.fungamesforfree.colorfy", 
        "pii_types": [
            "AdvertiserId", 
            "AndroidId"
        ], 
        "platform": "android", 
        "post_body": "{\"dt\":\"h\",\"pa\":1441727360,\"seq\":2,\"u\":\"41eb172b-f50e-41fe-aedf-eb8d9931e4b0\",\"attrs\":{\"adid\":\"RECON_AdvertiserId_149f93fda05c423e94a6b7dddee73af3\",\"dmem\":\"25330143232\",\"tz\":10800,\"j\":false,\"av\":\"1.1.0\",\"dac\":\"android_network_type_3\",\"du\":\"b924c1be94f3a26d52dfbb5c38d25bdd08f79bdad2e79a322b5bacf310345ab9\",\"dc\":\"US\",\"dma\":\"motorola\",\"dmo\":\"Nexus 6\",\"dov\":\"5.1.1\",\"dp\":\"Android\",\"dms\":\"4164e0a1781172e1db10170d5f36948670e16c01f48a01c260dda4956c22fe0d\",\"dsdk\":\"22\",\"wmac\":null,\"au\":\"com-fungamesforfree-colorfy\",\"lv\":\"android_1.0.4\",\"dt\":\"a\",\"ctdid\":null,\"caid\":\"RECON_AndroidId_38b1e077297c4723b3439a0c6bf920ce\",\"iu\":\"48d744ee-3a42-4d08-8c64-01943e65f2d9\",\"dlc\":\"United States\",\"dll\":\"English\",\"nca\":\"Elisa Oyj\",\"nc\":\"fi\",\"aid\":\"RECON_AndroidId_38b1e077297c4723b3439a0c6bf920ce\",\"pkg\":\"com.fungamesforfree.colorfy\"},\"ids\":{\"dd\":\"1\",\"activation_date\":\"2015-09-08\",\"fiu\":\"48d744ee-3a42-4d08-8c64-01943e65f2d9\",\"sv\":\"0.00\"}}\\x0a{\"dt\":\"e\",\"ct\":1441727446,\"u\":\"b676f222-8407-4375-9ffc-fba21d4ecf48\",\"su\":\"a5837355-3700-4dac-b8de-42d8d17f06b2\",\"n\":\"EnterGallery\",\"au\":\"com-fungamesforfree-colorfy\"}\\x0a{\"dt\":\"f\",\"u\":\"fbc3e3c9-f7a9-4d09-939c-6f222982306d\",\"ss\":1441727437,\"nw\":[{\"e\":\"EnterGallery\"},{\"e\":\"FirstTime_EnterGallery\"},{\"e\":\"EnterVolume\"},{\"e\":\"FirstTime_EnterVolume\"},{\"e\":\"EnterDrawing\"},{\"e\":\"FirstTime_EnterDrawing\"},{\"e\":\"PaletteButtonPressed\"},{\"e\":\"FirstTime_PaletteButtonPressed\"},{\"e\":\"PressedColorButtonInPalette\"},{\"e\":\"FirstTime_PressedColorButtonInPalette\"},{\"e\":\"PaletteButtonPressed\"},{\"e\":\"PressedColorButtonInPalette\"},{\"e\":\"TutorialZoom\"},{\"e\":\"FirstTime_TutorialZoom\"},{\"e\":\"PaletteButtonPressed\"},{\"e\":\"PressedColorButtonInPalette\"},{\"e\":\"PaletteButtonPressed\"},{\"e\":\"PressedColorButtonInPalette\"},{\"e\":\"PaletteButtonPressed\"},{\"e\":\"PressedColorButtonInPalette\"},{\"e\":\"PaletteButtonPressed\"},{\"e\":\"PressedColorButtonInPalette\"},{\"e\":\"PaletteButtonPressed\"},{\"e\":\"PressedColorButtonInPalette\"},{\"e\":\"PaletteButtonPressed\"},{\"e\":\"PressedColorButtonInPalette\"},{\"e\":\"ExitDrawing\"},{\"e\":\"FirstTime_ExitDrawing\"},{\"e\":\"EnterVolume\"},{\"e\":\"PopupRating:Display\"},{\"e\":\"PopupRating:Later\"},{\"e\":\"EnterGallery\"},{\"e\":\"MainView\"},{\"e\":\"EnterGallery\"},{\"e\":\"EnterVolume\"},{\"e\":\"EnterGallery\"},{\"e\":\"EnterVolume\"},{\"e\":\"EnterDrawing\"},{\"e\":\"PaletteButtonPressed\"},{\"e\":\"PressedColorButtonInPalette\"},{\"e\":\"PaletteButtonPressed\"},{\"e\":\"PressedColorButtonInPalette\"},{\"e\":\"PaletteButtonPressed\"},{\"e\":\"PressedColorButtonInPalette\"},{\"e\":\"PaletteButtonPressed\"},{\"e\":\"PressedColorButtonInPalette\"},{\"e\":\"PaletteButtonPressed\"},{\"e\":\"PressedColorButtonInPalette\"},{\"e\":\"PaletteButtonPressed\"},{\"e\":\"PressedColorButtonInPalette\"},{\"e\":\"PaletteButtonPressed\"},{\"e\":\"PressedColorButtonInPalette\"},{\"e\":\"ShareAtPaintingWasPressed\"},{\"e\":\"FirstTime_ShareAtPaintingWasPressed\"},{\"e\":\"ExitDrawing\"},{\"e\":\"ShareAttempt\"},{\"e\":\"FirstTime_ShareAttempt\"},{\"e\":\"ShareAttempt\"},{\"e\":\"FirstTime_UndoButtonWasPressed\"},{\"e\":\"ExitDrawing\"},{\"e\":\"EnterVolume\"},{\"e\":\"EnterGallery\"},{\"e\":\"EnterVolume\"},{\"e\":\"EnterGallery\"},{\"e\":\"EnterVolume\"},{\"e\":\"EnterDrawing\"},{\"e\":\"PaletteButtonPressed\"},{\"e\":\"PressedColorButtonInPalette\"},{\"e\":\"PaletteButtonPressed\"},{\"e\":\"PressedColorButtonInPalette\"},{\"e\":\"PaletteButtonPressed\"},{\"e\":\"PressedColorButtonInPalette\"},{\"e\":\"PaletteButtonPressed\"},{\"e\":\"PressedColorButtonInPalette\"},{\"e\":\"PaletteButtonPressed\"},{\"e\":\"PressedColorButtonInPalette\"},{\"e\":\"PaletteButtonPressed\"},{\"e\":\"PressedColorButtonInPalette\"},{\"e\":\"PaletteButtonPressed\"},{\"e\":\"PressedColorButtonInPalette\"},{\"e\":\"PaletteButtonPressed\"},{\"e\":\"PressedColorButtonInPalette\"},{\"e\":\"PaletteButtonPressed\"},{\"e\":\"PressedColorButtonInPalette\"},{\"e\":\"ShareAtPaintingWasPressed\"},{\"e\":\"ExitDrawing\"},{\"e\":\"ShareAttempt\"},{\"e\":\"ShareAttempt\"}],\"od\":[{\"e\":\"EVENT_RETURN_RATE_DAY_INIT\"},{\"e\":\"MainView\"},{\"e\":\"FirstTime_MainView\"},{\"e\":\"DeviceClass 2014\"}]}\\x0a{\"dt\":\"e\",\"ct\":1441727446,\"u\":\"39e4b9b2-1e29-404d-b427-6d0ff1ac33e2\",\"su\":\"a5837355-3700-4dac-b8de-42d8d17f06b2\",\"n\":\"FirstTime_EnterGallery\",\"au\":\"com-fungamesforfree-colorfy\"}\\x0a{\"dt\":\"e\",\"ct\":1441727450,\"u\":\"38bff190-9f9a-4d13-b82b-ee36480d22ac\",\"su\":\"a5837355-3700-4dac-b8de-42d8d17f06b2\",\"n\":\"EnterVolume\",\"attrs\":{\"Volume\":\"FLORALS vol. 1\"},\"au\":\"com-fungamesforfree-colorfy\"}\\x0a{\"dt\":\"e\",\"ct\":1441727450,\"u\":\"bbc3ed6f-5c46-4ace-aab1-663f4f6edfe4\",\"su\":\"a5837355-3700-4dac-b8de-42d8d17f06b2\",\"n\":\"FirstTime_EnterVolume\",\"attrs\":{\"Volume\":\"FLORALS vol. 1\"},\"au\":\"com-fungamesforfree-colorfy\"}\\x0a{\"dt\":\"e\",\"ct\":1441727452,\"u\":\"ca363fea-ca80-483f-8e6c-eb700b7ae121\",\"su\":\"a5837355-3700-4dac-b8de-42d8d17f06b2\",\"n\":\"EnterDrawing\",\"attrs\":{\"DrawingFile\":\"tutorial_01_v1_2_\",\"Type\":\"FirstTime\"},\"au\":\"com-fungamesforfree-colorfy\"}\\x0a{\"dt\":\"e\",\"ct\":1441727452,\"u\":\"9703e1c2-0646-4812-9bb0-17fe0905081a\",\"su\":\"a5837355-3700-4dac-b8de-42d8d17f06b2\",\"n\":\"FirstTime_EnterDrawing\",\"attrs\":{\"DrawingFile\":\"tutorial_01_v1_2_\",\"Type\":\"FirstTime\"},\"au\":\"com-fungamesforfree-colorfy\"}\\x0a{\"dt\":\"e\",\"ct\":1441727458,\"u\":\"f5fb4ce9-7dd0-4ed1-b512-8856325dc3cd\",\"su\":\"a5837355-3700-4dac-b8de-42d8d17f06b2\",\"n\":\"PaletteButtonPressed\",\"au\":\"com-fungamesforfree-colorfy\"}\\x0a{\"dt\":\"e\",\"ct\":1441727458,\"u\":\"f4325712-9b81-4cc2-ae1e-1d46f49aab72\",\"su\":\"a5837355-3700-4dac-b8de-42d8d17f06b2\",\"n\":\"FirstTime_PaletteButtonPressed\",\"au\":\"com-fungamesforfree-colorfy\"}\\x0a{\"dt\":\"e\",\"ct\":1441727459,\"u\":\"47abd169-8cdc-4978-9320-b478eaaba302\",\"su\":\"a5837355-3700-4dac-b8de-42d8d17f06b2\",\"n\":\"PressedColorButtonInPalette\",\"attrs\":{\"Color\":\"#F9AB84\"},\"au\":\"com-fungamesforfree-colorfy\"}\\x0a{\"dt\":\"e\",\"ct\":1441727459,\"u\":\"aeb18917-c6b6-443d-bc67-804fb5ca29a0\",\"su\":\"a5837355-3700-4dac-b8de-42d8d17f06b2\",\"n\":\"FirstTime_PressedColorButtonInPalette\",\"attrs\":{\"Color\":\"#F9AB84\"},\"au\":\"com-fungamesforfree-colorfy\"}\\x0a{\"dt\":\"e\",\"ct\":1441727464,\"u\":\"12ff5ae8-35e7-4974-a76c-b6bd84eadf82\",\"su\":\"a5837355-3700-4dac-b8de-42d8d17f06b2\",\"n\":\"PaletteButtonPressed\",\"au\":\"com-fungamesforfree-colorfy\"}\\x0a{\"dt\":\"e\",\"ct\":1441727465,\"u\":\"02c52c1b-7734-4be2-a9f2-7e202327a2e6\",\"su\":\"a5837355-3700-4dac-b8de-42d8d17f06b2\",\"n\":\"PressedColorButtonInPalette\",\"attrs\":{\"Color\":\"#F7AEC2\"},\"au\":\"com-fungamesforfree-colorfy\"}\\x0a{\"dt\":\"e\",\"ct\":1441727471,\"u\":\"5874bc53-c391-40fc-8587-ce471bc386d1\",\"su\":\"a5837355-3700-4dac-b8de-42d8d17f06b2\",\"n\":\"TutorialZoom\",\"au\":\"com-fungamesforfree-colorfy\"}\\x0a{\"dt\":\"e\",\"ct\":1441727471,\"u\":\"aed2a8cc-afa2-4166-a34f-62b319ee9e45\",\"su\":\"a5837355-3700-4dac-b8de-42d8d17f06b2\",\"n\":\"FirstTime_TutorialZoom\",\"au\":\"com-fungamesforfree-colorfy\"}\\x0a{\"dt\":\"e\",\"ct\":1441727475,\"u\":\"e14470f3-0b06-4f2e-9784-ab9d1d7ad7fd\",\"su\":\"a5837355-3700-4dac-b8de-42d8d17f06b2\",\"n\":\"PaletteButtonPressed\",\"au\":\"com-fungamesforfree-colorfy\"}\\x0a{\"dt\":\"e\",\"ct\":1441727476,\"u\":\"5163a7ee-9557-4343-8b98-719c20468b2a\",\"su\":\"a5837355-3700-4dac-b8de-42d8d17f06b2\",\"n\":\"PressedColorButtonInPalette\",\"attrs\":{\"Color\":\"#68C8C6\"},\"au\":\"com-fungamesforfree-colorfy\"}\\x0a{\"dt\":\"e\",\"ct\":1441727480,\"u\":\"b629e9e9-9a0d-4c12-ad30-e175b43f6ea6\",\"su\":\"a5837355-3700-4dac-b8de-42d8d17f06b2\",\"n\":\"PaletteButtonPressed\",\"au\":\"com-fungamesforfree-colorfy\"}\\x0a{\"dt\":\"e\",\"ct\":1441727481,\"u\":\"e0e897e6-330c-49da-912f-ecce9342da9f\",\"su\":\"a5837355-3700-4dac-b8de-42d8d17f06b2\",\"n\":\"PressedColorButtonInPalette\",\"attrs\":{\"Color\":\"#FAC9C4\"},\"au\":\"com-fungamesforfree-colorfy\"}\\x0a{\"dt\":\"e\",\"ct\":1441727483,\"u\":\"e12cc470-1a63-493d-84e0-74074741c9f8\",\"su\":\"a5837355-3700-4dac-b8de-42d8d17f06b2\",\"n\":\"PaletteButtonPressed\",\"au\":\"com-fungamesforfree-colorfy\"}\\x0a{\"dt\":\"e\",\"ct\":1441727485,\"u\":\"d597bafb-b289-48fd-ad1f-df66da66359e\",\"su\":\"a5837355-3700-4dac-b8de-42d8d17f06b2\",\"n\":\"PressedColorButtonInPalette\",\"attrs\":{\"Color\":\"#C1D82E\"},\"au\":\"com-fungamesforfree-colorfy\"}\\x0a{\"dt\":\"e\",\"ct\":1441727497,\"u\":\"3b9f4fa3-acfe-4728-860c-addc3ef71021\",\"su\":\"a5837355-3700-4dac-b8de-42d8d17f06b2\",\"n\":\"PaletteButtonPressed\",\"au\":\"com-fungamesforfree-colorfy\"}\\x0a{\"dt\":\"e\",\"ct\":1441727498,\"u\":\"11423ba2-7f54-49fc-8788-f5720fbd8496\",\"su\":\"a5837355-3700-4dac-b8de-42d8d17f06b2\",\"n\":\"PressedColorButtonInPalette\",\"attrs\":{\"Color\":\"#FAC9C4\"},\"au\":\"com-fungamesforfree-colorfy\"}\\x0a{\"dt\":\"e\",\"ct\":1441727504,\"u\":\"f1042568-641e-4191-98e7-6bd50a0a9b14\",\"su\":\"a5837355-3700-4dac-b8de-42d8d17f06b2\",\"n\":\"PaletteButtonPressed\",\"au\":\"com-fungamesforfree-colorfy\"}\\x0a{\"dt\":\"e\",\"ct\":1441727505,\"u\":\"52ba683f-ca4b-4649-9cbc-5341e5ed0b63\",\"su\":\"a5837355-3700-4dac-b8de-42d8d17f06b2\",", 
        "referrer": "-", 
        "src_ip": "10.11.2.3", 
        "src_port": "41259", 
        "tk_flag": 0, 
        "ts": "1441727772.163800", 
        "uri": "/api/v2/applications/android-com-fungamesforfree-colorfy/uploads", 
        "user_agent": "Dalvik/2.1.0 (Linux; U; Android 5.1.1; Nexus 6 Build/LMY48I)"
    }, 
    "1441727862.374164,CYBc4M35t8EQEjaUze": {
        "domain": "topaz-analytics.com", 
        "dst_ip": "23.23.135.39", 
        "dst_port": "80", 
        "headers": {
            "ACCEPT-ENCODING": "gzip", 
            "CONNECTION": "Keep-Alive", 
            "CONTENT-ENCODING": "gzip", 
            "CONTENT-LENGTH": "1388", 
            "CONTENT-TYPE": "application/x-gzip", 
            "HOST": "android-com-fungamesforfree-colorfy.topaz-analytics.com", 
            "USER-AGENT": "Dalvik/2.1.0 (Linux; U; Android 5.1.1; Nexus 6 Build/LMY48I)", 
            "X-APP-ID": "com-fungamesforfree-colorfy", 
            "X-CLIENT-VERSION": "android_1.0.4", 
            "X-INSTALL-ID": "48d744ee-3a42-4d08-8c64-01943e65f2d9", 
            "X-UPLOAD-TIME": "1441727858"
        }, 
        "host": "android-com-fungamesforfree-colorfy.topaz-analytics.com", 
        "is_host_ip": 0, 
        "label": 1, 
        "md5": null, 
        "method": "POST", 
        "package_name": "com.fungamesforfree.colorfy", 
        "pii_types": [
            "AdvertiserId", 
            "AndroidId"
        ], 
        "platform": "android", 
        "post_body": "{\"dt\":\"h\",\"pa\":1441727360,\"seq\":3,\"u\":\"108f439e-7f6a-486c-a536-f5ae52b2c8ba\",\"attrs\":{\"adid\":\"RECON_AdvertiserId_f4c214c93b7145f8ac4cae3360d3e482\",\"dmem\":\"25327689728\",\"tz\":10800,\"j\":false,\"av\":\"1.1.0\",\"dac\":\"android_network_type_3\",\"du\":\"b924c1be94f3a26d52dfbb5c38d25bdd08f79bdad2e79a322b5bacf310345ab9\",\"dc\":\"US\",\"dma\":\"motorola\",\"dmo\":\"Nexus 6\",\"dov\":\"5.1.1\",\"dp\":\"Android\",\"dms\":\"4164e0a1781172e1db10170d5f36948670e16c01f48a01c260dda4956c22fe0d\",\"dsdk\":\"22\",\"wmac\":null,\"au\":\"com-fungamesforfree-colorfy\",\"lv\":\"android_1.0.4\",\"dt\":\"a\",\"ctdid\":null,\"caid\":\"RECON_AndroidId_f28d8315c13f455787b14654053729b4\",\"iu\":\"48d744ee-3a42-4d08-8c64-01943e65f2d9\",\"dlc\":\"United States\",\"dll\":\"English\",\"nca\":\"Elisa Oyj\",\"nc\":\"fi\",\"aid\":\"RECON_AndroidId_f28d8315c13f455787b14654053729b4\",\"pkg\":\"com.fungamesforfree.colorfy\"},\"ids\":{\"dd\":\"1\",\"activation_date\":\"2015-09-08\",\"fiu\":\"48d744ee-3a42-4d08-8c64-01943e65f2d9\",\"sv\":\"0.00\"}}\\x0a{\"dt\":\"e\",\"ct\":1441727837,\"u\":\"e6e65095-af2f-41b6-ab9c-7ef6eb35ef5a\",\"su\":\"a5837355-3700-4dac-b8de-42d8d17f06b2\",\"n\":\"PressedColor2ButtonInCaroussel\",\"attrs\":{\"Color\":\"#FCB913\"},\"au\":\"com-fungamesforfree-colorfy\"}\\x0a{\"dt\":\"f\",\"u\":\"3edc65cd-8193-4ad5-a50d-5400157a6c42\",\"ss\":1441727437,\"nw\":[{\"e\":\"PressedColor2ButtonInCaroussel\"},{\"e\":\"FirstTime_PressedColor2ButtonInCaroussel\"},{\"e\":\"PressedColor3ButtonInCaroussel\"},{\"e\":\"FirstTime_PressedColor3ButtonInCaroussel\"},{\"e\":\"ExitDrawing\"},{\"e\":\"EnterVolume\"},{\"e\":\"EnterGallery\"},{\"e\":\"MainView\"},{\"e\":\"EnterGallery\"},{\"e\":\"MainView\"},{\"e\":\"EnterGallery\"},{\"e\":\"MainView\"}],\"od\":[{\"e\":\"EVENT_RETURN_RATE_DAY_INIT\"},{\"e\":\"MainView\"},{\"e\":\"FirstTime_MainView\"},{\"e\":\"DeviceClass 2014\"},{\"e\":\"EnterGallery\"},{\"e\":\"FirstTime_EnterGallery\"},{\"e\":\"EnterVolume\"},{\"e\":\"FirstTime_EnterVolume\"},{\"e\":\"EnterDrawing\"},{\"e\":\"FirstTime_EnterDrawing\"},{\"e\":\"PaletteButtonPressed\"},{\"e\":\"FirstTime_PaletteButtonPressed\"},{\"e\":\"PressedColorButtonInPalette\"},{\"e\":\"FirstTime_PressedColorButtonInPalette\"},{\"e\":\"PaletteButtonPressed\"},{\"e\":\"PressedColorButtonInPalette\"},{\"e\":\"TutorialZoom\"},{\"e\":\"FirstTime_TutorialZoom\"},{\"e\":\"PaletteButtonPressed\"},{\"e\":\"PressedColorButtonInPalette\"},{\"e\":\"PaletteButtonPressed\"},{\"e\":\"PressedColorButtonInPalette\"},{\"e\":\"PaletteButtonPressed\"},{\"e\":\"PressedColorButtonInPalette\"},{\"e\":\"PaletteButtonPressed\"},{\"e\":\"PressedColorButtonInPalette\"},{\"e\":\"PaletteButtonPressed\"},{\"e\":\"PressedColorButtonInPalette\"},{\"e\":\"PaletteButtonPressed\"},{\"e\":\"PressedColorButtonInPalette\"},{\"e\":\"ExitDrawing\"},{\"e\":\"FirstTime_ExitDrawing\"},{\"e\":\"EnterVolume\"},{\"e\":\"PopupRating:Display\"},{\"e\":\"PopupRating:Later\"},{\"e\":\"EnterGallery\"},{\"e\":\"MainView\"},{\"e\":\"EnterGallery\"},{\"e\":\"EnterVolume\"},{\"e\":\"EnterGallery\"},{\"e\":\"EnterVolume\"},{\"e\":\"EnterDrawing\"},{\"e\":\"PaletteButtonPressed\"},{\"e\":\"PressedColorButtonInPalette\"},{\"e\":\"PaletteButtonPressed\"},{\"e\":\"PressedColorButtonInPalette\"},{\"e\":\"PaletteButtonPressed\"},{\"e\":\"PressedColorButtonInPalette\"},{\"e\":\"PaletteButtonPressed\"},{\"e\":\"PressedColorButtonInPalette\"},{\"e\":\"PaletteButtonPressed\"},{\"e\":\"PressedColorButtonInPalette\"},{\"e\":\"PaletteButtonPressed\"},{\"e\":\"PressedColorButtonInPalette\"},{\"e\":\"PaletteButtonPressed\"},{\"e\":\"PressedColorButtonInPalette\"},{\"e\":\"ShareAtPaintingWasPressed\"},{\"e\":\"FirstTime_ShareAtPaintingWasPressed\"},{\"e\":\"ExitDrawing\"},{\"e\":\"ShareAttempt\"},{\"e\":\"FirstTime_ShareAttempt\"},{\"e\":\"ShareAttempt\"},{\"e\":\"FirstTime_UndoButtonWasPressed\"},{\"e\":\"ExitDrawing\"},{\"e\":\"EnterVolume\"},{\"e\":\"EnterGallery\"},{\"e\":\"EnterVolume\"},{\"e\":\"EnterGallery\"},{\"e\":\"EnterVolume\"},{\"e\":\"EnterDrawing\"},{\"e\":\"PaletteButtonPressed\"},{\"e\":\"PressedColorButtonInPalette\"},{\"e\":\"PaletteButtonPressed\"},{\"e\":\"PressedColorButtonInPalette\"},{\"e\":\"PaletteButtonPressed\"},{\"e\":\"PressedColorButtonInPalette\"},{\"e\":\"PaletteButtonPressed\"},{\"e\":\"PressedColorButtonInPalette\"},{\"e\":\"PaletteButtonPressed\"},{\"e\":\"PressedColorButtonInPalette\"},{\"e\":\"PaletteButtonPressed\"},{\"e\":\"PressedColorButtonInPalette\"},{\"e\":\"PaletteButtonPressed\"},{\"e\":\"PressedColorButtonInPalette\"},{\"e\":\"PaletteButtonPressed\"},{\"e\":\"PressedColorButtonInPalette\"},{\"e\":\"PaletteButtonPressed\"},{\"e\":\"PressedColorButtonInPalette\"},{\"e\":\"ShareAtPaintingWasPressed\"},{\"e\":\"ExitDrawing\"},{\"e\":\"ShareAttempt\"},{\"e\":\"ShareAttempt\"}]}\\x0a{\"dt\":\"e\",\"ct\":1441727837,\"u\":\"6afbdec1-e779-43bb-8d77-3d786864ce51\",\"su\":\"a5837355-3700-4dac-b8de-42d8d17f06b2\",\"n\":\"FirstTime_PressedColor2ButtonInCaroussel\",\"attrs\":{\"Color\":\"#FCB913\"},\"au\":\"com-fungamesforfree-colorfy\"}\\x0a{\"dt\":\"e\",\"ct\":1441727838,\"u\":\"ca667fd1-250a-41e9-93a4-67895d886556\",\"su\":\"a5837355-3700-4dac-b8de-42d8d17f06b2\",\"n\":\"PressedColor3ButtonInCaroussel\",\"attrs\":{\"Color\":\"#AC0634\"},\"au\":\"com-fungamesforfree-colorfy\"}\\x0a{\"dt\":\"e\",\"ct\":1441727838,\"u\":\"26e9cea9-980f-4bdd-b40a-edc078167e36\",\"su\":\"a5837355-3700-4dac-b8de-42d8d17f06b2\",\"n\":\"FirstTime_PressedColor3ButtonInCaroussel\",\"attrs\":{\"Color\":\"#AC0634\"},\"au\":\"com-fungamesforfree-colorfy\"}\\x0a{\"dt\":\"e\",\"ct\":1441727841,\"u\":\"a8dedb6d-b34d-4fdf-81dc-6dfffdbb8671\",\"su\":\"a5837355-3700-4dac-b8de-42d8d17f06b2\",\"n\":\"ExitDrawing\",\"attrs\":{\"DrawingFile\":\"animais_vol01f_v1_2_garca_01\"},\"au\":\"com-fungamesforfree-colorfy\"}\\x0a{\"dt\":\"e\",\"ct\":1441727843,\"u\":\"e56d7a87-b17d-428b-a809-ca96ef257069\",\"su\":\"a5837355-3700-4dac-b8de-42d8d17f06b2\",\"n\":\"EnterVolume\",\"attrs\":{\"Volume\":\"ANIMALS vol. 1\"},\"au\":\"com-fungamesforfree-colorfy\"}\\x0a{\"dt\":\"e\",\"ct\":1441727844,\"u\":\"7dc30ce9-6b85-411d-a685-646d87632d96\",\"su\":\"a5837355-3700-4dac-b8de-42d8d17f06b2\",\"n\":\"EnterGallery\",\"au\":\"com-fungamesforfree-colorfy\"}\\x0a{\"dt\":\"e\",\"ct\":1441727846,\"u\":\"c76e3227-b623-4ded-8156-583d8214f6cd\",\"su\":\"a5837355-3700-4dac-b8de-42d8d17f06b2\",\"n\":\"MainView\",\"au\":\"com-fungamesforfree-colorfy\"}\\x0a{\"dt\":\"e\",\"ct\":1441727850,\"u\":\"0247a93f-ed8d-4e08-bc74-86e98b524bc8\",\"su\":\"a5837355-3700-4dac-b8de-42d8d17f06b2\",\"n\":\"EnterGallery\",\"au\":\"com-fungamesforfree-colorfy\"}\\x0a{\"dt\":\"e\",\"ct\":1441727852,\"u\":\"fb6f35dd-25ae-40b5-93b8-cd571c3b9a72\",\"su\":\"a5837355-3700-4dac-b8de-42d8d17f06b2\",\"n\":\"MainView\",\"au\":\"com-fungamesforfree-colorfy\"}\\x0a{\"dt\":\"e\",\"ct\":1441727854,\"u\":\"93b4c4b6-dedd-407a-9d16-976e6f7fb7fd\",\"su\":\"a5837355-3700-4dac-b8de-42d8d17f06b2\",\"n\":\"EnterGallery\",\"au\":\"com-fungamesforfree-colorfy\"}\\x0a{\"dt\":\"e\",\"ct\":1441727857,\"u\":\"a4bfa3d8-7a0a-4c2b-b024-17e9784cca00\",\"su\":\"a5837355-3700-4dac-b8de-42d8d17f06b2\",\"n\":\"MainView\",\"au\":\"com-fungamesforfree-colorfy\"}\\x0a", 
        "referrer": "-", 
        "src_ip": "10.11.2.3", 
        "src_port": "45324", 
        "tk_flag": 0, 
        "ts": "1441727862.374164", 
        "uri": "/api/v2/applications/android-com-fungamesforfree-colorfy/uploads", 
        "user_agent": "Dalvik/2.1.0 (Linux; U; Android 5.1.1; Nexus 6 Build/LMY48I)"
    }
}
