{
    "1441701180.296750,CPvC7g32tb9N2l4HEh": {
        "domain": "google.com", 
        "dst_ip": "173.194.121.7", 
        "dst_port": "80", 
        "headers": {
            "ACCEPT-ENCODING": "gzip", 
            "CONNECTION": "Keep-Alive", 
            "HOST": "clients3.google.com", 
            "USER-AGENT": "Dalvik/2.1.0 (Linux; U; Android 5.1.1; Nexus 6 Build/LMY48I)"
        }, 
        "host": "clients3.google.com", 
        "is_host_ip": 0, 
        "label": 0, 
        "md5": null, 
        "method": "GET", 
        "package_name": "com.slotsromance.slots.android.free", 
        "pii_types": null, 
        "platform": "android", 
        "post_body": "-", 
        "referrer": "-", 
        "src_ip": "10.11.2.3", 
        "src_port": "59512", 
        "tk_flag": 1, 
        "ts": "1441701180.296750", 
        "uri": "/generate_204", 
        "user_agent": "Dalvik/2.1.0 (Linux; U; Android 5.1.1; Nexus 6 Build/LMY48I)"
    }, 
    "1441701192.153632,CXSZc4UIxnwsJnwEa": {
        "domain": "a.applovin.com", 
        "dst_ip": "23.6.24.111", 
        "dst_port": "80", 
        "headers": {
            "ACCEPT-ENCODING": "gzip", 
            "CONNECTION": "Keep-Alive", 
            "HOST": "a.applovin.com", 
            "USER-AGENT": "Dalvik/2.1.0 (Linux; U; Android 5.1.1; Nexus 6 Build/LMY48I)"
        }, 
        "host": "a.applovin.com", 
        "is_host_ip": 0, 
        "label": 1, 
        "md5": null, 
        "method": "GET", 
        "package_name": "com.slotsromance.slots.android.free", 
        "pii_types": [
            "AdvertiserId"
        ], 
        "platform": "android", 
        "post_body": "-", 
        "referrer": "-", 
        "src_ip": "10.11.2.3", 
        "src_port": "53124", 
        "tk_flag": 1, 
        "ts": "1441701192.153632", 
        "uri": "/2.0/ad?accept=custom_size,launch_app,video&api_did=&size=INTER&carrier=elisa&dx=2413&preloading=false&locale=en_US&revision=shamu&idfa=RECON_AdvertiserId_1e24ebc69af0462b9fcce61ad4e92273&li=1&dy=1440&format=json&os=5.1.1&plugin_version=unity-3.1.1&require=REGULAR&network=wifi&platform=android&sdk_key=t27UiRTdP3zD5cFwcH9AJIiQyCcEzLABR9185F6JBD6HTQTM4pwXKJN0HmivLJRGfDl_ndpMVXDNhQlEZERtnr&brand=motorola&sdk_version=5.4.3&vz=967f2e8a14e952b8&si=1&model=Nexus+6", 
        "user_agent": "Dalvik/2.1.0 (Linux; U; Android 5.1.1; Nexus 6 Build/LMY48I)"
    }, 
    "1441701192.169932,CNSv0yf7t00It4kS2": {
        "domain": "a.applovin.com", 
        "dst_ip": "23.6.24.111", 
        "dst_port": "80", 
        "headers": {
            "ACCEPT-ENCODING": "gzip", 
            "CONNECTION": "Keep-Alive", 
            "HOST": "a.applovin.com", 
            "USER-AGENT": "Dalvik/2.1.0 (Linux; U; Android 5.1.1; Nexus 6 Build/LMY48I)"
        }, 
        "host": "a.applovin.com", 
        "is_host_ip": 0, 
        "label": 1, 
        "md5": null, 
        "method": "GET", 
        "package_name": "com.slotsromance.slots.android.free", 
        "pii_types": [
            "AdvertiserId"
        ], 
        "platform": "android", 
        "post_body": "-", 
        "referrer": "-", 
        "src_ip": "10.11.2.3", 
        "src_port": "53145", 
        "tk_flag": 1, 
        "ts": "1441701192.169932", 
        "uri": "/2.0/ad?accept=custom_size,launch_app,video&api_did=&size=INTER&carrier=elisa&dx=2413&preloading=true&locale=en_US&revision=shamu&idfa=RECON_AdvertiserId_0ff538088b4943549c01143be4619595&li=1&dy=1440&format=json&os=5.1.1&plugin_version=unity-3.1.1&require=REGULAR&network=wifi&platform=android&sdk_key=t27UiRTdP3zD5cFwcH9AJIiQyCcEzLABR9185F6JBD6HTQTM4pwXKJN0HmivLJRGfDl_ndpMVXDNhQlEZERtnr&brand=motorola&sdk_version=5.4.3&vz=967f2e8a14e952b8&si=1&model=Nexus+6", 
        "user_agent": "Dalvik/2.1.0 (Linux; U; Android 5.1.1; Nexus 6 Build/LMY48I)"
    }, 
    "1441701192.424725,CNSv0yf7t00It4kS2": {
        "domain": "a.applovin.com", 
        "dst_ip": "23.6.24.111", 
        "dst_port": "80", 
        "headers": {
            "ACCEPT-ENCODING": "gzip", 
            "CONNECTION": "Keep-Alive", 
            "HOST": "a.applovin.com", 
            "USER-AGENT": "Dalvik/2.1.0 (Linux; U; Android 5.1.1; Nexus 6 Build/LMY48I)"
        }, 
        "host": "a.applovin.com", 
        "is_host_ip": 0, 
        "label": 1, 
        "md5": null, 
        "method": "GET", 
        "package_name": "com.slotsromance.slots.android.free", 
        "pii_types": [
            "AdvertiserId"
        ], 
        "platform": "android", 
        "post_body": "-", 
        "referrer": "-", 
        "src_ip": "10.11.2.3", 
        "src_port": "53145", 
        "tk_flag": 1, 
        "ts": "1441701192.424725", 
        "uri": "/2.0/ad?accept=custom_size,launch_app,video&api_did=&size=INTER&carrier=elisa&dx=2413&preloading=true&locale=en_US&revision=shamu&idfa=RECON_AdvertiserId_639c8b1b0a39402d8dfa162ef5448a6a&li=1&dy=1440&format=json&os=5.1.1&plugin_version=unity-3.1.1&require=VIDEOA&network=wifi&platform=android&etf=403&sdk_key=t27UiRTdP3zD5cFwcH9AJIiQyCcEzLABR9185F6JBD6HTQTM4pwXKJN0HmivLJRGfDl_ndpMVXDNhQlEZERtnr&brand=motorola&sdk_version=5.4.3&ntf=wifi&vz=967f2e8a14e952b8&si=1&model=Nexus+6", 
        "user_agent": "Dalvik/2.1.0 (Linux; U; Android 5.1.1; Nexus 6 Build/LMY48I)"
    }, 
    "1441701192.506355,CXSZc4UIxnwsJnwEa": {
        "domain": "a.applovin.com", 
        "dst_ip": "23.6.24.111", 
        "dst_port": "80", 
        "headers": {
            "ACCEPT-ENCODING": "gzip", 
            "CONNECTION": "Keep-Alive", 
            "HOST": "a.applovin.com", 
            "USER-AGENT": "Dalvik/2.1.0 (Linux; U; Android 5.1.1; Nexus 6 Build/LMY48I)"
        }, 
        "host": "a.applovin.com", 
        "is_host_ip": 0, 
        "label": 1, 
        "md5": null, 
        "method": "GET", 
        "package_name": "com.slotsromance.slots.android.free", 
        "pii_types": [
            "AdvertiserId"
        ], 
        "platform": "android", 
        "post_body": "-", 
        "referrer": "-", 
        "src_ip": "10.11.2.3", 
        "src_port": "53124", 
        "tk_flag": 1, 
        "ts": "1441701192.506355", 
        "uri": "/2.0/ad?accept=custom_size,launch_app,video&api_did=&size=INTER&carrier=elisa&dx=2413&preloading=false&locale=en_US&revision=shamu&idfa=RECON_AdvertiserId_502c9782010d4f64821fac01a88cbd99&li=1&dy=1440&format=json&os=5.1.1&plugin_version=unity-3.1.1&require=VIDEOA&network=wifi&platform=android&etf=969&sdk_key=t27UiRTdP3zD5cFwcH9AJIiQyCcEzLABR9185F6JBD6HTQTM4pwXKJN0HmivLJRGfDl_ndpMVXDNhQlEZERtnr&brand=motorola&sdk_version=5.4.3&ntf=wifi&vz=967f2e8a14e952b8&si=1&model=Nexus+6", 
        "user_agent": "Dalvik/2.1.0 (Linux; U; Android 5.1.1; Nexus 6 Build/LMY48I)"
    }, 
    "1441701192.802025,Clb72E32wVfJV4M5Rf": {
        "domain": "cb-cdn.com", 
        "dst_ip": "23.235.46.249", 
        "dst_port": "80", 
        "headers": {
            "CONNECTION": "Keep-Alive", 
            "HOST": "ads.cb-cdn.com", 
            "USER-AGENT": "com.slotsromance.slots.android.free/1.139 (Linux; U; Android 5.1.1; en_US; shamu) Apache-HttpClient/UNAVAILABLE (java 1.4)"
        }, 
        "host": "ads.cb-cdn.com", 
        "is_host_ip": 0, 
        "label": 0, 
        "md5": null, 
        "method": "GET", 
        "package_name": "com.slotsromance.slots.android.free", 
        "pii_types": null, 
        "platform": "android", 
        "post_body": "-", 
        "referrer": "-", 
        "src_ip": "10.11.2.3", 
        "src_port": "59803", 
        "tk_flag": 0, 
        "ts": "1441701192.802025", 
        "uri": "/static-assets/interstitials-v2/close-buttons/60x60.png", 
        "user_agent": "com.slotsromance.slots.android.free/1.139 (Linux; U; Android 5.1.1; en_US; shamu) Apache-HttpClient/UNAVAILABLE (java 1.4)"
    }, 
    "1441701192.802034,CL1BPZ3kysDYtV9Kke": {
        "domain": "cb-cdn.com", 
        "dst_ip": "23.235.46.249", 
        "dst_port": "80", 
        "headers": {
            "CONNECTION": "Keep-Alive", 
            "HOST": "ads.cb-cdn.com", 
            "USER-AGENT": "com.slotsromance.slots.android.free/1.139 (Linux; U; Android 5.1.1; en_US; shamu) Apache-HttpClient/UNAVAILABLE (java 1.4)"
        }, 
        "host": "ads.cb-cdn.com", 
        "is_host_ip": 0, 
        "label": 0, 
        "md5": null, 
        "method": "GET", 
        "package_name": "com.slotsromance.slots.android.free", 
        "pii_types": null, 
        "platform": "android", 
        "post_body": "-", 
        "referrer": "-", 
        "src_ip": "10.11.2.3", 
        "src_port": "34012", 
        "tk_flag": 0, 
        "ts": "1441701192.802034", 
        "uri": "/static-assets/interstitials-v2/frames/16-9/2048x1200.png", 
        "user_agent": "com.slotsromance.slots.android.free/1.139 (Linux; U; Android 5.1.1; en_US; shamu) Apache-HttpClient/UNAVAILABLE (java 1.4)"
    }, 
    "1441701193.136394,Clb72E32wVfJV4M5Rf": {
        "domain": "cb-cdn.com", 
        "dst_ip": "23.235.46.249", 
        "dst_port": "80", 
        "headers": {
            "CONNECTION": "Keep-Alive", 
            "HOST": "ads.cb-cdn.com", 
            "USER-AGENT": "com.slotsromance.slots.android.free/1.139 (Linux; U; Android 5.1.1; en_US; shamu) Apache-HttpClient/UNAVAILABLE (java 1.4)"
        }, 
        "host": "ads.cb-cdn.com", 
        "is_host_ip": 0, 
        "label": 0, 
        "md5": null, 
        "method": "GET", 
        "package_name": "com.slotsromance.slots.android.free", 
        "pii_types": null, 
        "platform": "android", 
        "post_body": "-", 
        "referrer": "-", 
        "src_ip": "10.11.2.3", 
        "src_port": "59803", 
        "tk_flag": 0, 
        "ts": "1441701193.136394", 
        "uri": "/creatives/519b26aa17ba471921000005/f22c60f678e5208a164dd1e080b3107c75d51c04.jpeg", 
        "user_agent": "com.slotsromance.slots.android.free/1.139 (Linux; U; Android 5.1.1; en_US; shamu) Apache-HttpClient/UNAVAILABLE (java 1.4)"
    }, 
    "1441701193.258940,CeysPt4t62hKrvvgWb": {
        "domain": "applovin.com", 
        "dst_ip": "172.232.9.110", 
        "dst_port": "80", 
        "headers": {
            "ACCEPT-ENCODING": "gzip", 
            "CONNECTION": "Keep-Alive", 
            "HOST": "pdn.applovin.com", 
            "USER-AGENT": "Dalvik/2.1.0 (Linux; U; Android 5.1.1; Nexus 6 Build/LMY48I)"
        }, 
        "host": "pdn.applovin.com", 
        "is_host_ip": 0, 
        "label": 0, 
        "md5": null, 
        "method": "GET", 
        "package_name": "com.slotsromance.slots.android.free", 
        "pii_types": null, 
        "platform": "android", 
        "post_body": "-", 
        "referrer": "-", 
        "src_ip": "10.11.2.3", 
        "src_port": "59746", 
        "tk_flag": 1, 
        "ts": "1441701193.258940", 
        "uri": "/closeOptOut.png", 
        "user_agent": "Dalvik/2.1.0 (Linux; U; Android 5.1.1; Nexus 6 Build/LMY48I)"
    }, 
    "1441701193.282140,C6fULi43eMcd97FRTc": {
        "domain": "12gigs.com", 
        "dst_ip": "174.35.73.100", 
        "dst_port": "80", 
        "headers": {
            "CONNECTION": "keep-alive", 
            "HOST": "cdn.12gigs.com"
        }, 
        "host": "cdn.12gigs.com", 
        "is_host_ip": 0, 
        "label": 0, 
        "md5": null, 
        "method": "GET", 
        "package_name": "com.slotsromance.slots.android.free", 
        "pii_types": null, 
        "platform": "android", 
        "post_body": "-", 
        "referrer": "-", 
        "src_ip": "10.11.2.3", 
        "src_port": "49401", 
        "tk_flag": 0, 
        "ts": "1441701193.282140", 
        "uri": "/romance/facebook_achievements/surprisecat_twitter_SLR.png", 
        "user_agent": "-"
    }, 
    "1441701193.498392,CN5jSi3OOaDZBHJWuh": {
        "domain": "applovin.com", 
        "dst_ip": "23.6.24.111", 
        "dst_port": "80", 
        "headers": {
            "ACCEPT-ENCODING": "gzip", 
            "CONNECTION": "Keep-Alive", 
            "CONTENT-LENGTH": "575", 
            "CONTENT-TYPE": "application/json; charset=utf-8", 
            "HOST": "d.applovin.com", 
            "USER-AGENT": "Dalvik/2.1.0 (Linux; U; Android 5.1.1; Nexus 6 Build/LMY48I)"
        }, 
        "host": "d.applovin.com", 
        "is_host_ip": 0, 
        "label": 1, 
        "md5": null, 
        "method": "POST", 
        "package_name": "com.slotsromance.slots.android.free", 
        "pii_types": [
            "AdvertiserId"
        ], 
        "platform": "android", 
        "post_body": "{\"device_info\":{\"model\":\"Nexus 6\",\"os\":\"5.1.1\",\"brand\":\"motorola\",\"sdk_version\":22,\"revision\":\"shamu\",\"country_code\":\"FI\",\"carrier\":\"elisa\",\"type\":\"android\",\"idfa\":\"RECON_AdvertiserId_cdab5597369c441487fce4a4d322c3f7\",\"locale\":\"en_US\"},\"app_info\":{\"package_name\":\"com.slotsromance.slots.android.free\",\"app_name\":\"Slots Romance\",\"app_version\":\"1.139\",\"created_at\":1441701152,\"applovin_sdk_version\":\"5.4.3\",\"first_install\":\"true\",\"plugin_version\":\"unity-3.1.1\"},\"stats\":{\"FetchNextAd_count\":4,\"ad_imp_session\":1,\"ad_imp\":1,\"ad_req\":4,\"FetchNextAd_time\":1801,\"ad_session_start\":1441701188155}}", 
        "referrer": "-", 
        "src_ip": "10.11.2.3", 
        "src_port": "35999", 
        "tk_flag": 1, 
        "ts": "1441701193.498392", 
        "uri": "/device?api_key=t27UiRTdP3zD5cFwcH9AJIiQyCcEzLABR9185F6JBD6HTQTM4pwXKJN0HmivLJRGfDl_ndpMVXDNhQlEZERtnr", 
        "user_agent": "Dalvik/2.1.0 (Linux; U; Android 5.1.1; Nexus 6 Build/LMY48I)"
    }, 
    "1441701193.806576,CrF0363j7k4yExqb27": {
        "domain": "applovin.com", 
        "dst_ip": "172.232.9.110", 
        "dst_port": "80", 
        "headers": {
            "ACCEPT-ENCODING": "gzip", 
            "CONNECTION": "Keep-Alive", 
            "HOST": "img.applovin.com", 
            "USER-AGENT": "Dalvik/2.1.0 (Linux; U; Android 5.1.1; Nexus 6 Build/LMY48I)"
        }, 
        "host": "img.applovin.com", 
        "is_host_ip": 0, 
        "label": 0, 
        "md5": null, 
        "method": "GET", 
        "package_name": "com.slotsromance.slots.android.free", 
        "pii_types": null, 
        "platform": "android", 
        "post_body": "-", 
        "referrer": "-", 
        "src_ip": "10.11.2.3", 
        "src_port": "49445", 
        "tk_flag": 1, 
        "ts": "1441701193.806576", 
        "uri": "/jquery-1.9.1.min.js", 
        "user_agent": "Dalvik/2.1.0 (Linux; U; Android 5.1.1; Nexus 6 Build/LMY48I)"
    }, 
    "1441701194.078678,CrF0363j7k4yExqb27": {
        "domain": "applovin.com", 
        "dst_ip": "172.232.9.110", 
        "dst_port": "80", 
        "headers": {
            "ACCEPT-ENCODING": "gzip", 
            "CONNECTION": "Keep-Alive", 
            "HOST": "img.applovin.com", 
            "USER-AGENT": "Dalvik/2.1.0 (Linux; U; Android 5.1.1; Nexus 6 Build/LMY48I)"
        }, 
        "host": "img.applovin.com", 
        "is_host_ip": 0, 
        "label": 0, 
        "md5": null, 
        "method": "GET", 
        "package_name": "com.slotsromance.slots.android.free", 
        "pii_types": null, 
        "platform": "android", 
        "post_body": "-", 
        "referrer": "-", 
        "src_ip": "10.11.2.3", 
        "src_port": "49445", 
        "tk_flag": 1, 
        "ts": "1441701194.078678", 
        "uri": "/jquery.knob.js", 
        "user_agent": "Dalvik/2.1.0 (Linux; U; Android 5.1.1; Nexus 6 Build/LMY48I)"
    }, 
    "1441701194.221205,CrF0363j7k4yExqb27": {
        "domain": "applovin.com", 
        "dst_ip": "172.232.9.110", 
        "dst_port": "80", 
        "headers": {
            "ACCEPT-ENCODING": "gzip", 
            "CONNECTION": "Keep-Alive", 
            "HOST": "img.applovin.com", 
            "USER-AGENT": "Dalvik/2.1.0 (Linux; U; Android 5.1.1; Nexus 6 Build/LMY48I)"
        }, 
        "host": "img.applovin.com", 
        "is_host_ip": 0, 
        "label": 0, 
        "md5": null, 
        "method": "GET", 
        "package_name": "com.slotsromance.slots.android.free", 
        "pii_types": null, 
        "platform": "android", 
        "post_body": "-", 
        "referrer": "-", 
        "src_ip": "10.11.2.3", 
        "src_port": "49445", 
        "tk_flag": 1, 
        "ts": "1441701194.221205", 
        "uri": "/1380229154.js", 
        "user_agent": "Dalvik/2.1.0 (Linux; U; Android 5.1.1; Nexus 6 Build/LMY48I)"
    }, 
    "1441701194.267193,CazRAQDThtVJ9hc77": {
        "domain": "12gigs.com", 
        "dst_ip": "174.35.73.100", 
        "dst_port": "80", 
        "headers": {
            "ACCEPT-ENCODING": "gzip", 
            "CONNECTION": "Keep-Alive", 
            "HOST": "cdn.12gigs.com", 
            "USER-AGENT": "Dalvik/2.1.0 (Linux; U; Android 5.1.1; Nexus 6 Build/LMY48I)", 
            "X-UNITY-VERSION": "4.6.6p1"
        }, 
        "host": "cdn.12gigs.com", 
        "is_host_ip": 0, 
        "label": 0, 
        "md5": null, 
        "method": "GET", 
        "package_name": "com.slotsromance.slots.android.free", 
        "pii_types": null, 
        "platform": "android", 
        "post_body": "-", 
        "referrer": "-", 
        "src_ip": "10.11.2.3", 
        "src_port": "54196", 
        "tk_flag": 0, 
        "ts": "1441701194.267193", 
        "uri": "/romance/non_tumbler/ArthurAndGuinevere.unity3d", 
        "user_agent": "Dalvik/2.1.0 (Linux; U; Android 5.1.1; Nexus 6 Build/LMY48I)"
    }, 
    "1441701194.473028,CrF0363j7k4yExqb27": {
        "domain": "applovin.com", 
        "dst_ip": "172.232.9.110", 
        "dst_port": "80", 
        "headers": {
            "ACCEPT-ENCODING": "gzip", 
            "CONNECTION": "Keep-Alive", 
            "HOST": "img.applovin.com", 
            "USER-AGENT": "Dalvik/2.1.0 (Linux; U; Android 5.1.1; Nexus 6 Build/LMY48I)"
        }, 
        "host": "img.applovin.com", 
        "is_host_ip": 0, 
        "label": 0, 
        "md5": null, 
        "method": "GET", 
        "package_name": "com.slotsromance.slots.android.free", 
        "pii_types": null, 
        "platform": "android", 
        "post_body": "-", 
        "referrer": "-", 
        "src_ip": "10.11.2.3", 
        "src_port": "49445", 
        "tk_flag": 1, 
        "ts": "1441701194.473028", 
        "uri": "/1425422289_768x1024.jpeg", 
        "user_agent": "Dalvik/2.1.0 (Linux; U; Android 5.1.1; Nexus 6 Build/LMY48I)"
    }, 
    "1441701195.114718,CrF0363j7k4yExqb27": {
        "domain": "applovin.com", 
        "dst_ip": "172.232.9.110", 
        "dst_port": "80", 
        "headers": {
            "ACCEPT-ENCODING": "gzip", 
            "CONNECTION": "Keep-Alive", 
            "HOST": "img.applovin.com", 
            "USER-AGENT": "Dalvik/2.1.0 (Linux; U; Android 5.1.1; Nexus 6 Build/LMY48I)"
        }, 
        "host": "img.applovin.com", 
        "is_host_ip": 0, 
        "label": 0, 
        "md5": null, 
        "method": "GET", 
        "package_name": "com.slotsromance.slots.android.free", 
        "pii_types": null, 
        "platform": "android", 
        "post_body": "-", 
        "referrer": "-", 
        "src_ip": "10.11.2.3", 
        "src_port": "49445", 
        "tk_flag": 1, 
        "ts": "1441701195.114718", 
        "uri": "/1425422281_1024x768.jpeg", 
        "user_agent": "Dalvik/2.1.0 (Linux; U; Android 5.1.1; Nexus 6 Build/LMY48I)"
    }, 
    "1441701195.142799,C6fULi43eMcd97FRTc": {
        "domain": "12gigs.com", 
        "dst_ip": "174.35.73.100", 
        "dst_port": "80", 
        "headers": {
            "HOST": "cdn.12gigs.com"
        }, 
        "host": "cdn.12gigs.com", 
        "is_host_ip": 0, 
        "label": 0, 
        "md5": null, 
        "method": "GET", 
        "package_name": "com.slotsromance.slots.android.free", 
        "pii_types": null, 
        "platform": "android", 
        "post_body": "-", 
        "referrer": "-", 
        "src_ip": "10.11.2.3", 
        "src_port": "49401", 
        "tk_flag": 0, 
        "ts": "1441701195.142799", 
        "uri": "/network_games/256FAV.png", 
        "user_agent": "-"
    }, 
    "1441701195.275381,CH4wr722NLsJ4ZA141": {
        "domain": "12gigs.com", 
        "dst_ip": "174.35.73.100", 
        "dst_port": "80", 
        "headers": {
            "HOST": "cdn.12gigs.com"
        }, 
        "host": "cdn.12gigs.com", 
        "is_host_ip": 0, 
        "label": 0, 
        "md5": null, 
        "method": "GET", 
        "package_name": "com.slotsromance.slots.android.free", 
        "pii_types": null, 
        "platform": "android", 
        "post_body": "-", 
        "referrer": "-", 
        "src_ip": "10.11.2.3", 
        "src_port": "49403", 
        "tk_flag": 0, 
        "ts": "1441701195.275381", 
        "uri": "/network_games/256shakespeare.png", 
        "user_agent": "-"
    }, 
    "1441701195.555452,CrF0363j7k4yExqb27": {
        "domain": "applovin.com", 
        "dst_ip": "172.232.9.110", 
        "dst_port": "80", 
        "headers": {
            "ACCEPT-ENCODING": "gzip", 
            "CONNECTION": "Keep-Alive", 
            "HOST": "img.applovin.com", 
            "USER-AGENT": "Dalvik/2.1.0 (Linux; U; Android 5.1.1; Nexus 6 Build/LMY48I)"
        }, 
        "host": "img.applovin.com", 
        "is_host_ip": 0, 
        "label": 0, 
        "md5": null, 
        "method": "GET", 
        "package_name": "com.slotsromance.slots.android.free", 
        "pii_types": null, 
        "platform": "android", 
        "post_body": "-", 
        "referrer": "-", 
        "src_ip": "10.11.2.3", 
        "src_port": "49445", 
        "tk_flag": 1, 
        "ts": "1441701195.555452", 
        "uri": "/1381250003_28x28.png", 
        "user_agent": "Dalvik/2.1.0 (Linux; U; Android 5.1.1; Nexus 6 Build/LMY48I)"
    }, 
    "1441701196.077118,CMj9DF1vQEOiMHkHq3": {
        "domain": "applovin.com", 
        "dst_ip": "172.232.9.110", 
        "dst_port": "80", 
        "headers": {
            "ACCEPT-ENCODING": "gzip", 
            "CONNECTION": "Keep-Alive", 
            "HOST": "vid.applovin.com", 
            "USER-AGENT": "Dalvik/2.1.0 (Linux; U; Android 5.1.1; Nexus 6 Build/LMY48I)"
        }, 
        "host": "vid.applovin.com", 
        "is_host_ip": 0, 
        "label": 0, 
        "md5": null, 
        "method": "GET", 
        "package_name": "com.slotsromance.slots.android.free", 
        "pii_types": null, 
        "platform": "android", 
        "post_body": "-", 
        "referrer": "-", 
        "src_ip": "10.11.2.3", 
        "src_port": "41175", 
        "tk_flag": 1, 
        "ts": "1441701196.077118", 
        "uri": "/1425422238_100x100.mp4", 
        "user_agent": "Dalvik/2.1.0 (Linux; U; Android 5.1.1; Nexus 6 Build/LMY48I)"
    }, 
    "1441701196.155296,CazRAQDThtVJ9hc77": {
        "domain": "12gigs.com", 
        "dst_ip": "174.35.73.100", 
        "dst_port": "80", 
        "headers": {
            "ACCEPT-ENCODING": "gzip", 
            "CONNECTION": "Keep-Alive", 
            "HOST": "cdn.12gigs.com", 
            "USER-AGENT": "Dalvik/2.1.0 (Linux; U; Android 5.1.1; Nexus 6 Build/LMY48I)", 
            "X-UNITY-VERSION": "4.6.6p1"
        }, 
        "host": "cdn.12gigs.com", 
        "is_host_ip": 0, 
        "label": 0, 
        "md5": null, 
        "method": "GET", 
        "package_name": "com.slotsromance.slots.android.free", 
        "pii_types": null, 
        "platform": "android", 
        "post_body": "-", 
        "referrer": "-", 
        "src_ip": "10.11.2.3", 
        "src_port": "54196", 
        "tk_flag": 0, 
        "ts": "1441701196.155296", 
        "uri": "/romance/non_tumbler/CasanovasConquest.unity3d", 
        "user_agent": "Dalvik/2.1.0 (Linux; U; Android 5.1.1; Nexus 6 Build/LMY48I)"
    }, 
    "1441701196.458697,CH4wr722NLsJ4ZA141": {
        "domain": "12gigs.com", 
        "dst_ip": "174.35.73.100", 
        "dst_port": "80", 
        "headers": {
            "HOST": "cdn.12gigs.com"
        }, 
        "host": "cdn.12gigs.com", 
        "is_host_ip": 0, 
        "label": 0, 
        "md5": null, 
        "method": "GET", 
        "package_name": "com.slotsromance.slots.android.free", 
        "pii_types": null, 
        "platform": "android", 
        "post_body": "-", 
        "referrer": "-", 
        "src_ip": "10.11.2.3", 
        "src_port": "49403", 
        "tk_flag": 0, 
        "ts": "1441701196.458697", 
        "uri": "/network_games/256bingo.png", 
        "user_agent": "-"
    }, 
    "1441701199.586570,C6fULi43eMcd97FRTc": {
        "domain": "12gigs.com", 
        "dst_ip": "174.35.73.100", 
        "dst_port": "80", 
        "headers": {
            "HOST": "cdn.12gigs.com"
        }, 
        "host": "cdn.12gigs.com", 
        "is_host_ip": 0, 
        "label": 0, 
        "md5": null, 
        "method": "GET", 
        "package_name": "com.slotsromance.slots.android.free", 
        "pii_types": null, 
        "platform": "android", 
        "post_body": "-", 
        "referrer": "-", 
        "src_ip": "10.11.2.3", 
        "src_port": "49401", 
        "tk_flag": 0, 
        "ts": "1441701199.586570", 
        "uri": "/network_games/256solitaire.png", 
        "user_agent": "-"
    }, 
    "1441701200.829787,CH4wr722NLsJ4ZA141": {
        "domain": "12gigs.com", 
        "dst_ip": "174.35.73.100", 
        "dst_port": "80", 
        "headers": {
            "HOST": "cdn.12gigs.com"
        }, 
        "host": "cdn.12gigs.com", 
        "is_host_ip": 0, 
        "label": 0, 
        "md5": null, 
        "method": "GET", 
        "package_name": "com.slotsromance.slots.android.free", 
        "pii_types": null, 
        "platform": "android", 
        "post_body": "-", 
        "referrer": "-", 
        "src_ip": "10.11.2.3", 
        "src_port": "49403", 
        "tk_flag": 0, 
        "ts": "1441701200.829787", 
        "uri": "/network_games/256vpoker.png", 
        "user_agent": "-"
    }, 
    "1441701201.262980,CazRAQDThtVJ9hc77": {
        "domain": "12gigs.com", 
        "dst_ip": "174.35.73.100", 
        "dst_port": "80", 
        "headers": {
            "ACCEPT-ENCODING": "gzip", 
            "CONNECTION": "Keep-Alive", 
            "HOST": "cdn.12gigs.com", 
            "USER-AGENT": "Dalvik/2.1.0 (Linux; U; Android 5.1.1; Nexus 6 Build/LMY48I)", 
            "X-UNITY-VERSION": "4.6.6p1"
        }, 
        "host": "cdn.12gigs.com", 
        "is_host_ip": 0, 
        "label": 0, 
        "md5": null, 
        "method": "GET", 
        "package_name": "com.slotsromance.slots.android.free", 
        "pii_types": null, 
        "platform": "android", 
        "post_body": "-", 
        "referrer": "-", 
        "src_ip": "10.11.2.3", 
        "src_port": "54196", 
        "tk_flag": 0, 
        "ts": "1441701201.262980", 
        "uri": "/romance/non_tumbler/LadyGodiva.unity3d", 
        "user_agent": "Dalvik/2.1.0 (Linux; U; Android 5.1.1; Nexus 6 Build/LMY48I)"
    }, 
    "1441701201.523246,C6fULi43eMcd97FRTc": {
        "domain": "12gigs.com", 
        "dst_ip": "174.35.73.100", 
        "dst_port": "80", 
        "headers": {
            "HOST": "cdn.12gigs.com"
        }, 
        "host": "cdn.12gigs.com", 
        "is_host_ip": 0, 
        "label": 0, 
        "md5": null, 
        "method": "GET", 
        "package_name": "com.slotsromance.slots.android.free", 
        "pii_types": null, 
        "platform": "android", 
        "post_body": "-", 
        "referrer": "-", 
        "src_ip": "10.11.2.3", 
        "src_port": "49401", 
        "tk_flag": 0, 
        "ts": "1441701201.523246", 
        "uri": "/network_games/256obama.png", 
        "user_agent": "-"
    }, 
    "1441701201.971219,C6fULi43eMcd97FRTc": {
        "domain": "12gigs.com", 
        "dst_ip": "174.35.73.100", 
        "dst_port": "80", 
        "headers": {
            "HOST": "cdn.12gigs.com"
        }, 
        "host": "cdn.12gigs.com", 
        "is_host_ip": 0, 
        "label": 0, 
        "md5": null, 
        "method": "GET", 
        "package_name": "com.slotsromance.slots.android.free", 
        "pii_types": null, 
        "platform": "android", 
        "post_body": "-", 
        "referrer": "-", 
        "src_ip": "10.11.2.3", 
        "src_port": "49401", 
        "tk_flag": 0, 
        "ts": "1441701201.971219", 
        "uri": "/network_games/blackjack256.png", 
        "user_agent": "-"
    }, 
    "1441701202.150250,CH4wr722NLsJ4ZA141": {
        "domain": "12gigs.com", 
        "dst_ip": "174.35.73.100", 
        "dst_port": "80", 
        "headers": {
            "HOST": "cdn.12gigs.com"
        }, 
        "host": "cdn.12gigs.com", 
        "is_host_ip": 0, 
        "label": 0, 
        "md5": null, 
        "method": "GET", 
        "package_name": "com.slotsromance.slots.android.free", 
        "pii_types": null, 
        "platform": "android", 
        "post_body": "-", 
        "referrer": "-", 
        "src_ip": "10.11.2.3", 
        "src_port": "49403", 
        "tk_flag": 0, 
        "ts": "1441701202.150250", 
        "uri": "/network_games/baccarat256.png", 
        "user_agent": "-"
    }, 
    "1441701202.552453,CeysPt4t62hKrvvgWb": {
        "domain": "applovin.com", 
        "dst_ip": "172.232.9.110", 
        "dst_port": "80", 
        "headers": {
            "ACCEPT-ENCODING": "gzip", 
            "CONNECTION": "Keep-Alive", 
            "HOST": "pdn.applovin.com", 
            "USER-AGENT": "Dalvik/2.1.0 (Linux; U; Android 5.1.1; Nexus 6 Build/LMY48I)"
        }, 
        "host": "pdn.applovin.com", 
        "is_host_ip": 0, 
        "label": 0, 
        "md5": null, 
        "method": "GET", 
        "package_name": "com.slotsromance.slots.android.free", 
        "pii_types": null, 
        "platform": "android", 
        "post_body": "-", 
        "referrer": "-", 
        "src_ip": "10.11.2.3", 
        "src_port": "59746", 
        "tk_flag": 1, 
        "ts": "1441701202.552453", 
        "uri": "/refresh.png", 
        "user_agent": "Dalvik/2.1.0 (Linux; U; Android 5.1.1; Nexus 6 Build/LMY48I)"
    }, 
    "1441701202.648303,CH4wr722NLsJ4ZA141": {
        "domain": "12gigs.com", 
        "dst_ip": "174.35.73.100", 
        "dst_port": "80", 
        "headers": {
            "HOST": "cdn.12gigs.com"
        }, 
        "host": "cdn.12gigs.com", 
        "is_host_ip": 0, 
        "label": 0, 
        "md5": null, 
        "method": "GET", 
        "package_name": "com.slotsromance.slots.android.free", 
        "pii_types": null, 
        "platform": "android", 
        "post_body": "-", 
        "referrer": "-", 
        "src_ip": "10.11.2.3", 
        "src_port": "49403", 
        "tk_flag": 0, 
        "ts": "1441701202.648303", 
        "uri": "/network_games/256fairytale.png", 
        "user_agent": "-"
    }, 
    "1441701202.681423,CrF0363j7k4yExqb27": {
        "domain": "applovin.com", 
        "dst_ip": "172.232.9.110", 
        "dst_port": "80", 
        "headers": {
            "ACCEPT-ENCODING": "gzip", 
            "CONNECTION": "Keep-Alive", 
            "HOST": "img.applovin.com", 
            "USER-AGENT": "Dalvik/2.1.0 (Linux; U; Android 5.1.1; Nexus 6 Build/LMY48I)"
        }, 
        "host": "img.applovin.com", 
        "is_host_ip": 0, 
        "label": 0, 
        "md5": null, 
        "method": "GET", 
        "package_name": "com.slotsromance.slots.android.free", 
        "pii_types": null, 
        "platform": "android", 
        "post_body": "-", 
        "referrer": "-", 
        "src_ip": "10.11.2.3", 
        "src_port": "49445", 
        "tk_flag": 1, 
        "ts": "1441701202.681423", 
        "uri": "/1380230597_197x33.png", 
        "user_agent": "Dalvik/2.1.0 (Linux; U; Android 5.1.1; Nexus 6 Build/LMY48I)"
    }, 
    "1441701202.761580,C6fULi43eMcd97FRTc": {
        "domain": "12gigs.com", 
        "dst_ip": "174.35.73.100", 
        "dst_port": "80", 
        "headers": {
            "HOST": "cdn.12gigs.com"
        }, 
        "host": "cdn.12gigs.com", 
        "is_host_ip": 0, 
        "label": 0, 
        "md5": null, 
        "method": "GET", 
        "package_name": "com.slotsromance.slots.android.free", 
        "pii_types": null, 
        "platform": "android", 
        "post_body": "-", 
        "referrer": "-", 
        "src_ip": "10.11.2.3", 
        "src_port": "49401", 
        "tk_flag": 0, 
        "ts": "1441701202.761580", 
        "uri": "/network_games/256slotsheaven.png", 
        "user_agent": "-"
    }, 
    "1441701202.807549,CrF0363j7k4yExqb27": {
        "domain": "applovin.com", 
        "dst_ip": "172.232.9.110", 
        "dst_port": "80", 
        "headers": {
            "ACCEPT-ENCODING": "gzip", 
            "CONNECTION": "Keep-Alive", 
            "HOST": "img.applovin.com", 
            "USER-AGENT": "Dalvik/2.1.0 (Linux; U; Android 5.1.1; Nexus 6 Build/LMY48I)"
        }, 
        "host": "img.applovin.com", 
        "is_host_ip": 0, 
        "label": 0, 
        "md5": null, 
        "method": "GET", 
        "package_name": "com.slotsromance.slots.android.free", 
        "pii_types": null, 
        "platform": "android", 
        "post_body": "-", 
        "referrer": "-", 
        "src_ip": "10.11.2.3", 
        "src_port": "49445", 
        "tk_flag": 1, 
        "ts": "1441701202.807549", 
        "uri": "/1436312585_768x1024.jpeg", 
        "user_agent": "Dalvik/2.1.0 (Linux; U; Android 5.1.1; Nexus 6 Build/LMY48I)"
    }, 
    "1441701203.000604,CazRAQDThtVJ9hc77": {
        "domain": "12gigs.com", 
        "dst_ip": "174.35.73.100", 
        "dst_port": "80", 
        "headers": {
            "ACCEPT-ENCODING": "gzip", 
            "CONNECTION": "Keep-Alive", 
            "HOST": "cdn.12gigs.com", 
            "USER-AGENT": "Dalvik/2.1.0 (Linux; U; Android 5.1.1; Nexus 6 Build/LMY48I)", 
            "X-UNITY-VERSION": "4.6.6p1"
        }, 
        "host": "cdn.12gigs.com", 
        "is_host_ip": 0, 
        "label": 0, 
        "md5": null, 
        "method": "GET", 
        "package_name": "com.slotsromance.slots.android.free", 
        "pii_types": null, 
        "platform": "android", 
        "post_body": "-", 
        "referrer": "-", 
        "src_ip": "10.11.2.3", 
        "src_port": "54196", 
        "tk_flag": 0, 
        "ts": "1441701203.000604", 
        "uri": "/romance/non_tumbler/RajasHarem.unity3d", 
        "user_agent": "Dalvik/2.1.0 (Linux; U; Android 5.1.1; Nexus 6 Build/LMY48I)"
    }, 
    "1441701203.354724,CH4wr722NLsJ4ZA141": {
        "domain": "12gigs.com", 
        "dst_ip": "174.35.73.100", 
        "dst_port": "80", 
        "headers": {
            "HOST": "cdn.12gigs.com"
        }, 
        "host": "cdn.12gigs.com", 
        "is_host_ip": 0, 
        "label": 0, 
        "md5": null, 
        "method": "GET", 
        "package_name": "com.slotsromance.slots.android.free", 
        "pii_types": null, 
        "platform": "android", 
        "post_body": "-", 
        "referrer": "-", 
        "src_ip": "10.11.2.3", 
        "src_port": "49403", 
        "tk_flag": 0, 
        "ts": "1441701203.354724", 
        "uri": "/network_games/256FAV.png", 
        "user_agent": "-"
    }, 
    "1441701203.580830,CrF0363j7k4yExqb27": {
        "domain": "applovin.com", 
        "dst_ip": "172.232.9.110", 
        "dst_port": "80", 
        "headers": {
            "ACCEPT-ENCODING": "gzip", 
            "CONNECTION": "Keep-Alive", 
            "HOST": "img.applovin.com", 
            "USER-AGENT": "Dalvik/2.1.0 (Linux; U; Android 5.1.1; Nexus 6 Build/LMY48I)"
        }, 
        "host": "img.applovin.com", 
        "is_host_ip": 0, 
        "label": 0, 
        "md5": null, 
        "method": "GET", 
        "package_name": "com.slotsromance.slots.android.free", 
        "pii_types": null, 
        "platform": "android", 
        "post_body": "-", 
        "referrer": "-", 
        "src_ip": "10.11.2.3", 
        "src_port": "49445", 
        "tk_flag": 1, 
        "ts": "1441701203.580830", 
        "uri": "/1418694476_825x463.png", 
        "user_agent": "Dalvik/2.1.0 (Linux; U; Android 5.1.1; Nexus 6 Build/LMY48I)"
    }, 
    "1441701204.008306,CazRAQDThtVJ9hc77": {
        "domain": "12gigs.com", 
        "dst_ip": "174.35.73.100", 
        "dst_port": "80", 
        "headers": {
            "ACCEPT-ENCODING": "gzip", 
            "CONNECTION": "Keep-Alive", 
            "HOST": "cdn.12gigs.com", 
            "USER-AGENT": "Dalvik/2.1.0 (Linux; U; Android 5.1.1; Nexus 6 Build/LMY48I)", 
            "X-UNITY-VERSION": "4.6.6p1"
        }, 
        "host": "cdn.12gigs.com", 
        "is_host_ip": 0, 
        "label": 0, 
        "md5": null, 
        "method": "GET", 
        "package_name": "com.slotsromance.slots.android.free", 
        "pii_types": null, 
        "platform": "android", 
        "post_body": "-", 
        "referrer": "-", 
        "src_ip": "10.11.2.3", 
        "src_port": "54196", 
        "tk_flag": 0, 
        "ts": "1441701204.008306", 
        "uri": "/romance/non_tumbler/Tarzan.unity3d", 
        "user_agent": "Dalvik/2.1.0 (Linux; U; Android 5.1.1; Nexus 6 Build/LMY48I)"
    }, 
    "1441701206.021678,CazRAQDThtVJ9hc77": {
        "domain": "12gigs.com", 
        "dst_ip": "174.35.73.100", 
        "dst_port": "80", 
        "headers": {
            "ACCEPT-ENCODING": "gzip", 
            "CONNECTION": "Keep-Alive", 
            "HOST": "cdn.12gigs.com", 
            "USER-AGENT": "Dalvik/2.1.0 (Linux; U; Android 5.1.1; Nexus 6 Build/LMY48I)", 
            "X-UNITY-VERSION": "4.6.6p1"
        }, 
        "host": "cdn.12gigs.com", 
        "is_host_ip": 0, 
        "label": 0, 
        "md5": null, 
        "method": "GET", 
        "package_name": "com.slotsromance.slots.android.free", 
        "pii_types": null, 
        "platform": "android", 
        "post_body": "-", 
        "referrer": "-", 
        "src_ip": "10.11.2.3", 
        "src_port": "54196", 
        "tk_flag": 0, 
        "ts": "1441701206.021678", 
        "uri": "/romance/non_tumbler/RomeoAndJuliet.unity3d", 
        "user_agent": "Dalvik/2.1.0 (Linux; U; Android 5.1.1; Nexus 6 Build/LMY48I)"
    }, 
    "1441701206.194294,CrF0363j7k4yExqb27": {
        "domain": "applovin.com", 
        "dst_ip": "172.232.9.110", 
        "dst_port": "80", 
        "headers": {
            "ACCEPT-ENCODING": "gzip", 
            "CONNECTION": "Keep-Alive", 
            "HOST": "img.applovin.com", 
            "USER-AGENT": "Dalvik/2.1.0 (Linux; U; Android 5.1.1; Nexus 6 Build/LMY48I)"
        }, 
        "host": "img.applovin.com", 
        "is_host_ip": 0, 
        "label": 0, 
        "md5": null, 
        "method": "GET", 
        "package_name": "com.slotsromance.slots.android.free", 
        "pii_types": null, 
        "platform": "android", 
        "post_body": "-", 
        "referrer": "-", 
        "src_ip": "10.11.2.3", 
        "src_port": "49445", 
        "tk_flag": 1, 
        "ts": "1441701206.194294", 
        "uri": "/1418694480_828x465.png", 
        "user_agent": "Dalvik/2.1.0 (Linux; U; Android 5.1.1; Nexus 6 Build/LMY48I)"
    }, 
    "1441701208.245501,CazRAQDThtVJ9hc77": {
        "domain": "12gigs.com", 
        "dst_ip": "174.35.73.100", 
        "dst_port": "80", 
        "headers": {
            "ACCEPT-ENCODING": "gzip", 
            "CONNECTION": "Keep-Alive", 
            "HOST": "cdn.12gigs.com", 
            "USER-AGENT": "Dalvik/2.1.0 (Linux; U; Android 5.1.1; Nexus 6 Build/LMY48I)", 
            "X-UNITY-VERSION": "4.6.6p1"
        }, 
        "host": "cdn.12gigs.com", 
        "is_host_ip": 0, 
        "label": 0, 
        "md5": null, 
        "method": "GET", 
        "package_name": "com.slotsromance.slots.android.free", 
        "pii_types": null, 
        "platform": "android", 
        "post_body": "-", 
        "referrer": "-", 
        "src_ip": "10.11.2.3", 
        "src_port": "54196", 
        "tk_flag": 0, 
        "ts": "1441701208.245501", 
        "uri": "/romance/non_tumbler/Elves.unity3d", 
        "user_agent": "Dalvik/2.1.0 (Linux; U; Android 5.1.1; Nexus 6 Build/LMY48I)"
    }, 
    "1441701208.557042,CrF0363j7k4yExqb27": {
        "domain": "applovin.com", 
        "dst_ip": "172.232.9.110", 
        "dst_port": "80", 
        "headers": {
            "ACCEPT-ENCODING": "gzip", 
            "CONNECTION": "Keep-Alive", 
            "HOST": "img.applovin.com", 
            "USER-AGENT": "Dalvik/2.1.0 (Linux; U; Android 5.1.1; Nexus 6 Build/LMY48I)"
        }, 
        "host": "img.applovin.com", 
        "is_host_ip": 0, 
        "label": 0, 
        "md5": null, 
        "method": "GET", 
        "package_name": "com.slotsromance.slots.android.free", 
        "pii_types": null, 
        "platform": "android", 
        "post_body": "-", 
        "referrer": "-", 
        "src_ip": "10.11.2.3", 
        "src_port": "49445", 
        "tk_flag": 1, 
        "ts": "1441701208.557042", 
        "uri": "/1418694483_826x466.png", 
        "user_agent": "Dalvik/2.1.0 (Linux; U; Android 5.1.1; Nexus 6 Build/LMY48I)"
    }, 
    "1441701210.046923,CrF0363j7k4yExqb27": {
        "domain": "applovin.com", 
        "dst_ip": "172.232.9.110", 
        "dst_port": "80", 
        "headers": {
            "ACCEPT-ENCODING": "gzip", 
            "CONNECTION": "Keep-Alive", 
            "HOST": "img.applovin.com", 
            "USER-AGENT": "Dalvik/2.1.0 (Linux; U; Android 5.1.1; Nexus 6 Build/LMY48I)"
        }, 
        "host": "img.applovin.com", 
        "is_host_ip": 0, 
        "label": 0, 
        "md5": null, 
        "method": "GET", 
        "package_name": "com.slotsromance.slots.android.free", 
        "pii_types": null, 
        "platform": "android", 
        "post_body": "-", 
        "referrer": "-", 
        "src_ip": "10.11.2.3", 
        "src_port": "49445", 
        "tk_flag": 1, 
        "ts": "1441701210.046923", 
        "uri": "/1418694486_828x468.png", 
        "user_agent": "Dalvik/2.1.0 (Linux; U; Android 5.1.1; Nexus 6 Build/LMY48I)"
    }, 
    "1441701210.259064,CazRAQDThtVJ9hc77": {
        "domain": "12gigs.com", 
        "dst_ip": "174.35.73.100", 
        "dst_port": "80", 
        "headers": {
            "ACCEPT-ENCODING": "gzip", 
            "CONNECTION": "Keep-Alive", 
            "HOST": "cdn.12gigs.com", 
            "USER-AGENT": "Dalvik/2.1.0 (Linux; U; Android 5.1.1; Nexus 6 Build/LMY48I)", 
            "X-UNITY-VERSION": "4.6.6p1"
        }, 
        "host": "cdn.12gigs.com", 
        "is_host_ip": 0, 
        "label": 0, 
        "md5": null, 
        "method": "GET", 
        "package_name": "com.slotsromance.slots.android.free", 
        "pii_types": null, 
        "platform": "android", 
        "post_body": "-", 
        "referrer": "-", 
        "src_ip": "10.11.2.3", 
        "src_port": "54196", 
        "tk_flag": 0, 
        "ts": "1441701210.259064", 
        "uri": "/romance/non_tumbler/ThreeKingdoms.unity3d", 
        "user_agent": "Dalvik/2.1.0 (Linux; U; Android 5.1.1; Nexus 6 Build/LMY48I)"
    }, 
    "1441701211.120846,CrF0363j7k4yExqb27": {
        "domain": "applovin.com", 
        "dst_ip": "172.232.9.110", 
        "dst_port": "80", 
        "headers": {
            "ACCEPT-ENCODING": "gzip", 
            "CONNECTION": "Keep-Alive", 
            "HOST": "img.applovin.com", 
            "USER-AGENT": "Dalvik/2.1.0 (Linux; U; Android 5.1.1; Nexus 6 Build/LMY48I)"
        }, 
        "host": "img.applovin.com", 
        "is_host_ip": 0, 
        "label": 0, 
        "md5": null, 
        "method": "GET", 
        "package_name": "com.slotsromance.slots.android.free", 
        "pii_types": null, 
        "platform": "android", 
        "post_body": "-", 
        "referrer": "-", 
        "src_ip": "10.11.2.3", 
        "src_port": "49445", 
        "tk_flag": 1, 
        "ts": "1441701211.120846", 
        "uri": "/1418694562_30x30.png", 
        "user_agent": "Dalvik/2.1.0 (Linux; U; Android 5.1.1; Nexus 6 Build/LMY48I)"
    }, 
    "1441701211.401728,CMj9DF1vQEOiMHkHq3": {
        "domain": "applovin.com", 
        "dst_ip": "172.232.9.110", 
        "dst_port": "80", 
        "headers": {
            "ACCEPT-ENCODING": "gzip", 
            "CONNECTION": "Keep-Alive", 
            "HOST": "vid.applovin.com", 
            "USER-AGENT": "Dalvik/2.1.0 (Linux; U; Android 5.1.1; Nexus 6 Build/LMY48I)"
        }, 
        "host": "vid.applovin.com", 
        "is_host_ip": 0, 
        "label": 0, 
        "md5": null, 
        "method": "GET", 
        "package_name": "com.slotsromance.slots.android.free", 
        "pii_types": null, 
        "platform": "android", 
        "post_body": "-", 
        "referrer": "-", 
        "src_ip": "10.11.2.3", 
        "src_port": "41175", 
        "tk_flag": 1, 
        "ts": "1441701211.401728", 
        "uri": "/1418694614_100x100.mp4", 
        "user_agent": "Dalvik/2.1.0 (Linux; U; Android 5.1.1; Nexus 6 Build/LMY48I)"
    }, 
    "1441701212.363111,CazRAQDThtVJ9hc77": {
        "domain": "12gigs.com", 
        "dst_ip": "174.35.73.100", 
        "dst_port": "80", 
        "headers": {
            "ACCEPT-ENCODING": "gzip", 
            "CONNECTION": "Keep-Alive", 
            "HOST": "cdn.12gigs.com", 
            "USER-AGENT": "Dalvik/2.1.0 (Linux; U; Android 5.1.1; Nexus 6 Build/LMY48I)", 
            "X-UNITY-VERSION": "4.6.6p1"
        }, 
        "host": "cdn.12gigs.com", 
        "is_host_ip": 0, 
        "label": 0, 
        "md5": null, 
        "method": "GET", 
        "package_name": "com.slotsromance.slots.android.free", 
        "pii_types": null, 
        "platform": "android", 
        "post_body": "-", 
        "referrer": "-", 
        "src_ip": "10.11.2.3", 
        "src_port": "54196", 
        "tk_flag": 0, 
        "ts": "1441701212.363111", 
        "uri": "/romance/non_tumbler/PrairiePassion.unity3d", 
        "user_agent": "Dalvik/2.1.0 (Linux; U; Android 5.1.1; Nexus 6 Build/LMY48I)"
    }, 
    "1441701213.518335,CazRAQDThtVJ9hc77": {
        "domain": "12gigs.com", 
        "dst_ip": "174.35.73.100", 
        "dst_port": "80", 
        "headers": {
            "ACCEPT-ENCODING": "gzip", 
            "CONNECTION": "Keep-Alive", 
            "HOST": "cdn.12gigs.com", 
            "USER-AGENT": "Dalvik/2.1.0 (Linux; U; Android 5.1.1; Nexus 6 Build/LMY48I)", 
            "X-UNITY-VERSION": "4.6.6p1"
        }, 
        "host": "cdn.12gigs.com", 
        "is_host_ip": 0, 
        "label": 0, 
        "md5": null, 
        "method": "GET", 
        "package_name": "com.slotsromance.slots.android.free", 
        "pii_types": null, 
        "platform": "android", 
        "post_body": "-", 
        "referrer": "-", 
        "src_ip": "10.11.2.3", 
        "src_port": "54196", 
        "tk_flag": 0, 
        "ts": "1441701213.518335", 
        "uri": "/romance/non_tumbler/LordsLadies.unity3d", 
        "user_agent": "Dalvik/2.1.0 (Linux; U; Android 5.1.1; Nexus 6 Build/LMY48I)"
    }, 
    "1441701214.798756,CrF0363j7k4yExqb27": {
        "domain": "applovin.com", 
        "dst_ip": "172.232.9.110", 
        "dst_port": "80", 
        "headers": {
            "ACCEPT-ENCODING": "gzip", 
            "CONNECTION": "Keep-Alive", 
            "HOST": "img.applovin.com", 
            "USER-AGENT": "Dalvik/2.1.0 (Linux; U; Android 5.1.1; Nexus 6 Build/LMY48I)"
        }, 
        "host": "img.applovin.com", 
        "is_host_ip": 0, 
        "label": 0, 
        "md5": null, 
        "method": "GET", 
        "package_name": "com.slotsromance.slots.android.free", 
        "pii_types": null, 
        "platform": "android", 
        "post_body": "-", 
        "referrer": "-", 
        "src_ip": "10.11.2.3", 
        "src_port": "49445", 
        "tk_flag": 1, 
        "ts": "1441701214.798756", 
        "uri": "/1425063828_768x1024.jpeg", 
        "user_agent": "Dalvik/2.1.0 (Linux; U; Android 5.1.1; Nexus 6 Build/LMY48I)"
    }, 
    "1441701214.843335,CazRAQDThtVJ9hc77": {
        "domain": "12gigs.com", 
        "dst_ip": "174.35.73.100", 
        "dst_port": "80", 
        "headers": {
            "ACCEPT-ENCODING": "gzip", 
            "CONNECTION": "Keep-Alive", 
            "HOST": "cdn.12gigs.com", 
            "USER-AGENT": "Dalvik/2.1.0 (Linux; U; Android 5.1.1; Nexus 6 Build/LMY48I)", 
            "X-UNITY-VERSION": "4.6.6p1"
        }, 
        "host": "cdn.12gigs.com", 
        "is_host_ip": 0, 
        "label": 0, 
        "md5": null, 
        "method": "GET", 
        "package_name": "com.slotsromance.slots.android.free", 
        "pii_types": null, 
        "platform": "android", 
        "post_body": "-", 
        "referrer": "-", 
        "src_ip": "10.11.2.3", 
        "src_port": "54196", 
        "tk_flag": 0, 
        "ts": "1441701214.843335", 
        "uri": "/romance/non_tumbler/Beethoven.unity3d", 
        "user_agent": "Dalvik/2.1.0 (Linux; U; Android 5.1.1; Nexus 6 Build/LMY48I)"
    }, 
    "1441701215.477289,CrF0363j7k4yExqb27": {
        "domain": "applovin.com", 
        "dst_ip": "172.232.9.110", 
        "dst_port": "80", 
        "headers": {
            "ACCEPT-ENCODING": "gzip", 
            "CONNECTION": "Keep-Alive", 
            "HOST": "img.applovin.com", 
            "USER-AGENT": "Dalvik/2.1.0 (Linux; U; Android 5.1.1; Nexus 6 Build/LMY48I)"
        }, 
        "host": "img.applovin.com", 
        "is_host_ip": 0, 
        "label": 0, 
        "md5": null, 
        "method": "GET", 
        "package_name": "com.slotsromance.slots.android.free", 
        "pii_types": null, 
        "platform": "android", 
        "post_body": "-", 
        "referrer": "-", 
        "src_ip": "10.11.2.3", 
        "src_port": "49445", 
        "tk_flag": 1, 
        "ts": "1441701215.477289", 
        "uri": "/1425063824_1024x768.jpeg", 
        "user_agent": "Dalvik/2.1.0 (Linux; U; Android 5.1.1; Nexus 6 Build/LMY48I)"
    }, 
    "1441701216.153861,CMj9DF1vQEOiMHkHq3": {
        "domain": "applovin.com", 
        "dst_ip": "172.232.9.110", 
        "dst_port": "80", 
        "headers": {
            "ACCEPT-ENCODING": "gzip", 
            "CONNECTION": "Keep-Alive", 
            "HOST": "vid.applovin.com", 
            "USER-AGENT": "Dalvik/2.1.0 (Linux; U; Android 5.1.1; Nexus 6 Build/LMY48I)"
        }, 
        "host": "vid.applovin.com", 
        "is_host_ip": 0, 
        "label": 0, 
        "md5": null, 
        "method": "GET", 
        "package_name": "com.slotsromance.slots.android.free", 
        "pii_types": null, 
        "platform": "android", 
        "post_body": "-", 
        "referrer": "-", 
        "src_ip": "10.11.2.3", 
        "src_port": "41175", 
        "tk_flag": 1, 
        "ts": "1441701216.153861", 
        "uri": "/1426263567_x.mp4", 
        "user_agent": "Dalvik/2.1.0 (Linux; U; Android 5.1.1; Nexus 6 Build/LMY48I)"
    }, 
    "1441701216.168489,CazRAQDThtVJ9hc77": {
        "domain": "12gigs.com", 
        "dst_ip": "174.35.73.100", 
        "dst_port": "80", 
        "headers": {
            "ACCEPT-ENCODING": "gzip", 
            "CONNECTION": "Keep-Alive", 
            "HOST": "cdn.12gigs.com", 
            "USER-AGENT": "Dalvik/2.1.0 (Linux; U; Android 5.1.1; Nexus 6 Build/LMY48I)", 
            "X-UNITY-VERSION": "4.6.6p1"
        }, 
        "host": "cdn.12gigs.com", 
        "is_host_ip": 0, 
        "label": 0, 
        "md5": null, 
        "method": "GET", 
        "package_name": "com.slotsromance.slots.android.free", 
        "pii_types": null, 
        "platform": "android", 
        "post_body": "-", 
        "referrer": "-", 
        "src_ip": "10.11.2.3", 
        "src_port": "54196", 
        "tk_flag": 0, 
        "ts": "1441701216.168489", 
        "uri": "/romance/non_tumbler/SirenSong.unity3d", 
        "user_agent": "Dalvik/2.1.0 (Linux; U; Android 5.1.1; Nexus 6 Build/LMY48I)"
    }, 
    "1441701217.159423,CazRAQDThtVJ9hc77": {
        "domain": "12gigs.com", 
        "dst_ip": "174.35.73.100", 
        "dst_port": "80", 
        "headers": {
            "ACCEPT-ENCODING": "gzip", 
            "CONNECTION": "Keep-Alive", 
            "HOST": "cdn.12gigs.com", 
            "USER-AGENT": "Dalvik/2.1.0 (Linux; U; Android 5.1.1; Nexus 6 Build/LMY48I)", 
            "X-UNITY-VERSION": "4.6.6p1"
        }, 
        "host": "cdn.12gigs.com", 
        "is_host_ip": 0, 
        "label": 0, 
        "md5": null, 
        "method": "GET", 
        "package_name": "com.slotsromance.slots.android.free", 
        "pii_types": null, 
        "platform": "android", 
        "post_body": "-", 
        "referrer": "-", 
        "src_ip": "10.11.2.3", 
        "src_port": "54196", 
        "tk_flag": 0, 
        "ts": "1441701217.159423", 
        "uri": "/romance/non_tumbler/DiaMuertos.unity3d", 
        "user_agent": "Dalvik/2.1.0 (Linux; U; Android 5.1.1; Nexus 6 Build/LMY48I)"
    }, 
    "1441701218.438357,CazRAQDThtVJ9hc77": {
        "domain": "12gigs.com", 
        "dst_ip": "174.35.73.100", 
        "dst_port": "80", 
        "headers": {
            "ACCEPT-ENCODING": "gzip", 
            "CONNECTION": "Keep-Alive", 
            "HOST": "cdn.12gigs.com", 
            "USER-AGENT": "Dalvik/2.1.0 (Linux; U; Android 5.1.1; Nexus 6 Build/LMY48I)", 
            "X-UNITY-VERSION": "4.6.6p1"
        }, 
        "host": "cdn.12gigs.com", 
        "is_host_ip": 0, 
        "label": 0, 
        "md5": null, 
        "method": "GET", 
        "package_name": "com.slotsromance.slots.android.free", 
        "pii_types": null, 
        "platform": "android", 
        "post_body": "-", 
        "referrer": "-", 
        "src_ip": "10.11.2.3", 
        "src_port": "54196", 
        "tk_flag": 0, 
        "ts": "1441701218.438357", 
        "uri": "/romance/non_tumbler/OfficeAffairs.unity3d", 
        "user_agent": "Dalvik/2.1.0 (Linux; U; Android 5.1.1; Nexus 6 Build/LMY48I)"
    }, 
    "1441701219.543384,CazRAQDThtVJ9hc77": {
        "domain": "12gigs.com", 
        "dst_ip": "174.35.73.100", 
        "dst_port": "80", 
        "headers": {
            "ACCEPT-ENCODING": "gzip", 
            "CONNECTION": "Keep-Alive", 
            "HOST": "cdn.12gigs.com", 
            "USER-AGENT": "Dalvik/2.1.0 (Linux; U; Android 5.1.1; Nexus 6 Build/LMY48I)", 
            "X-UNITY-VERSION": "4.6.6p1"
        }, 
        "host": "cdn.12gigs.com", 
        "is_host_ip": 0, 
        "label": 0, 
        "md5": null, 
        "method": "GET", 
        "package_name": "com.slotsromance.slots.android.free", 
        "pii_types": null, 
        "platform": "android", 
        "post_body": "-", 
        "referrer": "-", 
        "src_ip": "10.11.2.3", 
        "src_port": "54196", 
        "tk_flag": 0, 
        "ts": "1441701219.543384", 
        "uri": "/romance/non_tumbler/SwanLake.unity3d", 
        "user_agent": "Dalvik/2.1.0 (Linux; U; Android 5.1.1; Nexus 6 Build/LMY48I)"
    }, 
    "1441701220.559975,CazRAQDThtVJ9hc77": {
        "domain": "12gigs.com", 
        "dst_ip": "174.35.73.100", 
        "dst_port": "80", 
        "headers": {
            "ACCEPT-ENCODING": "gzip", 
            "CONNECTION": "Keep-Alive", 
            "HOST": "cdn.12gigs.com", 
            "USER-AGENT": "Dalvik/2.1.0 (Linux; U; Android 5.1.1; Nexus 6 Build/LMY48I)", 
            "X-UNITY-VERSION": "4.6.6p1"
        }, 
        "host": "cdn.12gigs.com", 
        "is_host_ip": 0, 
        "label": 0, 
        "md5": null, 
        "method": "GET", 
        "package_name": "com.slotsromance.slots.android.free", 
        "pii_types": null, 
        "platform": "android", 
        "post_body": "-", 
        "referrer": "-", 
        "src_ip": "10.11.2.3", 
        "src_port": "54196", 
        "tk_flag": 0, 
        "ts": "1441701220.559975", 
        "uri": "/romance/non_tumbler/Cyrano.unity3d", 
        "user_agent": "Dalvik/2.1.0 (Linux; U; Android 5.1.1; Nexus 6 Build/LMY48I)"
    }, 
    "1441701221.837000,CrF0363j7k4yExqb27": {
        "domain": "applovin.com", 
        "dst_ip": "172.232.9.110", 
        "dst_port": "80", 
        "headers": {
            "ACCEPT-ENCODING": "gzip", 
            "CONNECTION": "Keep-Alive", 
            "HOST": "img.applovin.com", 
            "USER-AGENT": "Dalvik/2.1.0 (Linux; U; Android 5.1.1; Nexus 6 Build/LMY48I)"
        }, 
        "host": "img.applovin.com", 
        "is_host_ip": 0, 
        "label": 0, 
        "md5": null, 
        "method": "GET", 
        "package_name": "com.slotsromance.slots.android.free", 
        "pii_types": null, 
        "platform": "android", 
        "post_body": "-", 
        "referrer": "-", 
        "src_ip": "10.11.2.3", 
        "src_port": "49445", 
        "tk_flag": 1, 
        "ts": "1441701221.837000", 
        "uri": "/1424370164_768x1024.gif", 
        "user_agent": "Dalvik/2.1.0 (Linux; U; Android 5.1.1; Nexus 6 Build/LMY48I)"
    }, 
    "1441701222.106081,CazRAQDThtVJ9hc77": {
        "domain": "12gigs.com", 
        "dst_ip": "174.35.73.100", 
        "dst_port": "80", 
        "headers": {
            "ACCEPT-ENCODING": "gzip", 
            "CONNECTION": "Keep-Alive", 
            "HOST": "cdn.12gigs.com", 
            "USER-AGENT": "Dalvik/2.1.0 (Linux; U; Android 5.1.1; Nexus 6 Build/LMY48I)", 
            "X-UNITY-VERSION": "4.6.6p1"
        }, 
        "host": "cdn.12gigs.com", 
        "is_host_ip": 0, 
        "label": 0, 
        "md5": null, 
        "method": "GET", 
        "package_name": "com.slotsromance.slots.android.free", 
        "pii_types": null, 
        "platform": "android", 
        "post_body": "-", 
        "referrer": "-", 
        "src_ip": "10.11.2.3", 
        "src_port": "54196", 
        "tk_flag": 0, 
        "ts": "1441701222.106081", 
        "uri": "/romance/non_tumbler/MarcoPolo.unity3d", 
        "user_agent": "Dalvik/2.1.0 (Linux; U; Android 5.1.1; Nexus 6 Build/LMY48I)"
    }, 
    "1441701222.933640,CrF0363j7k4yExqb27": {
        "domain": "applovin.com", 
        "dst_ip": "172.232.9.110", 
        "dst_port": "80", 
        "headers": {
            "ACCEPT-ENCODING": "gzip", 
            "CONNECTION": "Keep-Alive", 
            "HOST": "img.applovin.com", 
            "USER-AGENT": "Dalvik/2.1.0 (Linux; U; Android 5.1.1; Nexus 6 Build/LMY48I)"
        }, 
        "host": "img.applovin.com", 
        "is_host_ip": 0, 
        "label": 0, 
        "md5": null, 
        "method": "GET", 
        "package_name": "com.slotsromance.slots.android.free", 
        "pii_types": null, 
        "platform": "android", 
        "post_body": "-", 
        "referrer": "-", 
        "src_ip": "10.11.2.3", 
        "src_port": "49445", 
        "tk_flag": 1, 
        "ts": "1441701222.933640", 
        "uri": "/1424370243_1024x768.gif", 
        "user_agent": "Dalvik/2.1.0 (Linux; U; Android 5.1.1; Nexus 6 Build/LMY48I)"
    }, 
    "1441701223.845751,CMj9DF1vQEOiMHkHq3": {
        "domain": "applovin.com", 
        "dst_ip": "172.232.9.110", 
        "dst_port": "80", 
        "headers": {
            "ACCEPT-ENCODING": "gzip", 
            "CONNECTION": "Keep-Alive", 
            "HOST": "vid.applovin.com", 
            "USER-AGENT": "Dalvik/2.1.0 (Linux; U; Android 5.1.1; Nexus 6 Build/LMY48I)"
        }, 
        "host": "vid.applovin.com", 
        "is_host_ip": 0, 
        "label": 0, 
        "md5": null, 
        "method": "GET", 
        "package_name": "com.slotsromance.slots.android.free", 
        "pii_types": null, 
        "platform": "android", 
        "post_body": "-", 
        "referrer": "-", 
        "src_ip": "10.11.2.3", 
        "src_port": "41175", 
        "tk_flag": 1, 
        "ts": "1441701223.845751", 
        "uri": "/1426284581_x.mp4", 
        "user_agent": "Dalvik/2.1.0 (Linux; U; Android 5.1.1; Nexus 6 Build/LMY48I)"
    }, 
    "1441701224.048755,CazRAQDThtVJ9hc77": {
        "domain": "12gigs.com", 
        "dst_ip": "174.35.73.100", 
        "dst_port": "80", 
        "headers": {
            "ACCEPT-ENCODING": "gzip", 
            "CONNECTION": "Keep-Alive", 
            "HOST": "cdn.12gigs.com", 
            "USER-AGENT": "Dalvik/2.1.0 (Linux; U; Android 5.1.1; Nexus 6 Build/LMY48I)", 
            "X-UNITY-VERSION": "4.6.6p1"
        }, 
        "host": "cdn.12gigs.com", 
        "is_host_ip": 0, 
        "label": 0, 
        "md5": null, 
        "method": "GET", 
        "package_name": "com.slotsromance.slots.android.free", 
        "pii_types": null, 
        "platform": "android", 
        "post_body": "-", 
        "referrer": "-", 
        "src_ip": "10.11.2.3", 
        "src_port": "54196", 
        "tk_flag": 0, 
        "ts": "1441701224.048755", 
        "uri": "/romance/non_tumbler/HollywoodGlamour.unity3d", 
        "user_agent": "Dalvik/2.1.0 (Linux; U; Android 5.1.1; Nexus 6 Build/LMY48I)"
    }, 
    "1441701225.868363,CazRAQDThtVJ9hc77": {
        "domain": "12gigs.com", 
        "dst_ip": "174.35.73.100", 
        "dst_port": "80", 
        "headers": {
            "ACCEPT-ENCODING": "gzip", 
            "CONNECTION": "Keep-Alive", 
            "HOST": "cdn.12gigs.com", 
            "USER-AGENT": "Dalvik/2.1.0 (Linux; U; Android 5.1.1; Nexus 6 Build/LMY48I)", 
            "X-UNITY-VERSION": "4.6.6p1"
        }, 
        "host": "cdn.12gigs.com", 
        "is_host_ip": 0, 
        "label": 0, 
        "md5": null, 
        "method": "GET", 
        "package_name": "com.slotsromance.slots.android.free", 
        "pii_types": null, 
        "platform": "android", 
        "post_body": "-", 
        "referrer": "-", 
        "src_ip": "10.11.2.3", 
        "src_port": "54196", 
        "tk_flag": 0, 
        "ts": "1441701225.868363", 
        "uri": "/romance/non_tumbler/CarmensSong.unity3d", 
        "user_agent": "Dalvik/2.1.0 (Linux; U; Android 5.1.1; Nexus 6 Build/LMY48I)"
    }, 
    "1441701227.669899,CazRAQDThtVJ9hc77": {
        "domain": "12gigs.com", 
        "dst_ip": "174.35.73.100", 
        "dst_port": "80", 
        "headers": {
            "ACCEPT-ENCODING": "gzip", 
            "CONNECTION": "Keep-Alive", 
            "HOST": "cdn.12gigs.com", 
            "USER-AGENT": "Dalvik/2.1.0 (Linux; U; Android 5.1.1; Nexus 6 Build/LMY48I)", 
            "X-UNITY-VERSION": "4.6.6p1"
        }, 
        "host": "cdn.12gigs.com", 
        "is_host_ip": 0, 
        "label": 0, 
        "md5": null, 
        "method": "GET", 
        "package_name": "com.slotsromance.slots.android.free", 
        "pii_types": null, 
        "platform": "android", 
        "post_body": "-", 
        "referrer": "-", 
        "src_ip": "10.11.2.3", 
        "src_port": "54196", 
        "tk_flag": 0, 
        "ts": "1441701227.669899", 
        "uri": "/romance/non_tumbler/SlotsNoir.unity3d", 
        "user_agent": "Dalvik/2.1.0 (Linux; U; Android 5.1.1; Nexus 6 Build/LMY48I)"
    }
}
