{
    "1441695162.784724,CdS65d2Cvft5NT7z35": {
        "domain": "google.com", 
        "dst_ip": "216.58.217.142", 
        "dst_port": "80", 
        "headers": {
            "ACCEPT-ENCODING": "gzip", 
            "CONNECTION": "Keep-Alive", 
            "HOST": "clients3.google.com", 
            "USER-AGENT": "Dalvik/2.1.0 (Linux; U; Android 5.1.1; Nexus 6 Build/LMY48I)"
        }, 
        "host": "clients3.google.com", 
        "is_host_ip": 0, 
        "label": 0, 
        "md5": null, 
        "method": "GET", 
        "package_name": "com.spacegame.solitairepharaoh", 
        "pii_types": null, 
        "platform": "android", 
        "post_body": "-", 
        "referrer": "-", 
        "src_ip": "10.11.2.3", 
        "src_port": "35703", 
        "tk_flag": 1, 
        "ts": "1441695162.784724", 
        "uri": "/generate_204", 
        "user_agent": "Dalvik/2.1.0 (Linux; U; Android 5.1.1; Nexus 6 Build/LMY48I)"
    }, 
    "1441695169.954277,CniE5s4zo31skH62w6": {
        "domain": "a.applovin.com", 
        "dst_ip": "23.6.24.111", 
        "dst_port": "80", 
        "headers": {
            "ACCEPT-ENCODING": "gzip", 
            "CONNECTION": "Keep-Alive", 
            "HOST": "a.applovin.com", 
            "USER-AGENT": "Dalvik/2.1.0 (Linux; U; Android 5.1.1; Nexus 6 Build/LMY48I)"
        }, 
        "host": "a.applovin.com", 
        "is_host_ip": 0, 
        "label": 1, 
        "md5": null, 
        "method": "GET", 
        "package_name": "com.spacegame.solitairepharaoh", 
        "pii_types": [
            "AdvertiserId"
        ], 
        "platform": "android", 
        "post_body": "-", 
        "referrer": "-", 
        "src_ip": "10.11.2.3", 
        "src_port": "44559", 
        "tk_flag": 1, 
        "ts": "1441695169.954277", 
        "uri": "/2.0/ad?accept=inter_size,custom_size,launch_app,multi_click,video&api_did=&size=BANNER&carrier=elisa&dx=1440&preloading=true&locale=en_US&revision=shamu&idfa=RECON_AdvertiserId_a491c1e78362493186e81a7368896a21&li=0&dy=2392&format=json&os=5.1.1&require=REGULAR&network=wifi&platform=android&sdk_key=IIWCKIsoU1RX6PVyOeXauBK1VeFQLtge9BrUUhG-iiWp60mVfH5TSPZz3qOPg42rFuKlZbiGIE4OEqvv6-RZO0&brand=motorola&sdk_version=5.4.0&vz=fc00e4bd26617cb0&si=0&model=Nexus+6&vx=fc00e4bd26617cb0,c938df92dbecc6cc,524a42991b323537,9381ecc60869b23e,af92aacb096029f2,f1ff5b9cbfdb9e25,57848752abe75b81,6c9989dad5f8463e,b4ca021826c3b423,8c38b16015aa0b0b,a2162e12e40c0fa4,8bbc51796fafceca,1cbc24cd8efee106,7caba6e564b98afb,8c07b6d56e1d5bd8,5bcd4f6255d73a6e,7f10fa3eb26775fc,c080faf0826717fd,998e02f2f9aa84f6,7885dd0579fe7ab2,c39bfd1b68f408f8,5ab1787fda767903,c075a1feaa1ca1f0,783968bb9d9a7ec1,52ef6f43ad7f76ac,590096376f29aa06,100e2a29cb501ab2,9cc7be0484285278,975db2daf78b030c,27890efab075fd04,af121417745f03ce,febbc860d4d7a2fc,3fc45e53966f6521,e88676e6acdf94de,2bf5b1f5c88af849,9c40104f66412490,a01aa5f167551598", 
        "user_agent": "Dalvik/2.1.0 (Linux; U; Android 5.1.1; Nexus 6 Build/LMY48I)"
    }, 
    "1441695170.126886,CniE5s4zo31skH62w6": {
        "domain": "a.applovin.com", 
        "dst_ip": "23.6.24.111", 
        "dst_port": "80", 
        "headers": {
            "ACCEPT-ENCODING": "gzip", 
            "CONNECTION": "Keep-Alive", 
            "HOST": "a.applovin.com", 
            "USER-AGENT": "Dalvik/2.1.0 (Linux; U; Android 5.1.1; Nexus 6 Build/LMY48I)"
        }, 
        "host": "a.applovin.com", 
        "is_host_ip": 0, 
        "label": 1, 
        "md5": null, 
        "method": "GET", 
        "package_name": "com.spacegame.solitairepharaoh", 
        "pii_types": [
            "AdvertiserId"
        ], 
        "platform": "android", 
        "post_body": "-", 
        "referrer": "-", 
        "src_ip": "10.11.2.3", 
        "src_port": "44559", 
        "tk_flag": 1, 
        "ts": "1441695170.126886", 
        "uri": "/2.0/ad?accept=inter_size,custom_size,launch_app,multi_click,video&api_did=&size=INTER&carrier=elisa&dx=1440&preloading=true&locale=en_US&revision=shamu&idfa=RECON_AdvertiserId_b212db275c134a7282a51eda9493e12e&li=0&dy=2392&format=json&os=5.1.1&require=REGULAR&network=wifi&platform=android&sdk_key=IIWCKIsoU1RX6PVyOeXauBK1VeFQLtge9BrUUhG-iiWp60mVfH5TSPZz3qOPg42rFuKlZbiGIE4OEqvv6-RZO0&brand=motorola&sdk_version=5.4.0&vz=fc00e4bd26617cb0&si=0&model=Nexus+6&vx=fc00e4bd26617cb0,c938df92dbecc6cc,524a42991b323537,9381ecc60869b23e,af92aacb096029f2,f1ff5b9cbfdb9e25,57848752abe75b81,6c9989dad5f8463e,b4ca021826c3b423,8c38b16015aa0b0b,a2162e12e40c0fa4,8bbc51796fafceca,1cbc24cd8efee106,7caba6e564b98afb,8c07b6d56e1d5bd8,5bcd4f6255d73a6e,7f10fa3eb26775fc,c080faf0826717fd,998e02f2f9aa84f6,7885dd0579fe7ab2,c39bfd1b68f408f8,5ab1787fda767903,c075a1feaa1ca1f0,783968bb9d9a7ec1,52ef6f43ad7f76ac,590096376f29aa06,100e2a29cb501ab2,9cc7be0484285278,975db2daf78b030c,27890efab075fd04,af121417745f03ce,febbc860d4d7a2fc,3fc45e53966f6521,e88676e6acdf94de,2bf5b1f5c88af849,9c40104f66412490,a01aa5f167551598", 
        "user_agent": "Dalvik/2.1.0 (Linux; U; Android 5.1.1; Nexus 6 Build/LMY48I)"
    }, 
    "1441695170.367154,CniE5s4zo31skH62w6": {
        "domain": "a.applovin.com", 
        "dst_ip": "23.6.24.111", 
        "dst_port": "80", 
        "headers": {
            "ACCEPT-ENCODING": "gzip", 
            "CONNECTION": "Keep-Alive", 
            "HOST": "a.applovin.com", 
            "USER-AGENT": "Dalvik/2.1.0 (Linux; U; Android 5.1.1; Nexus 6 Build/LMY48I)"
        }, 
        "host": "a.applovin.com", 
        "is_host_ip": 0, 
        "label": 1, 
        "md5": null, 
        "method": "GET", 
        "package_name": "com.spacegame.solitairepharaoh", 
        "pii_types": [
            "AdvertiserId"
        ], 
        "platform": "android", 
        "post_body": "-", 
        "referrer": "-", 
        "src_ip": "10.11.2.3", 
        "src_port": "44559", 
        "tk_flag": 1, 
        "ts": "1441695170.367154", 
        "uri": "/2.0/ad?accept=inter_size,custom_size,launch_app,multi_click,video&api_did=&size=INTER&carrier=elisa&dx=1440&preloading=true&locale=en_US&revision=shamu&idfa=RECON_AdvertiserId_68cdc31c778b475c909a5a3d1d13bfe4&li=0&dy=2392&format=json&os=5.1.1&require=VIDEOA&network=wifi&platform=android&sdk_key=IIWCKIsoU1RX6PVyOeXauBK1VeFQLtge9BrUUhG-iiWp60mVfH5TSPZz3qOPg42rFuKlZbiGIE4OEqvv6-RZO0&brand=motorola&sdk_version=5.4.0&vz=fc00e4bd26617cb0&si=0&model=Nexus+6&vx=fc00e4bd26617cb0,c938df92dbecc6cc,524a42991b323537,9381ecc60869b23e,af92aacb096029f2,f1ff5b9cbfdb9e25,57848752abe75b81,6c9989dad5f8463e,b4ca021826c3b423,8c38b16015aa0b0b,a2162e12e40c0fa4,8bbc51796fafceca,1cbc24cd8efee106,7caba6e564b98afb,8c07b6d56e1d5bd8,5bcd4f6255d73a6e,7f10fa3eb26775fc,c080faf0826717fd,998e02f2f9aa84f6,7885dd0579fe7ab2,c39bfd1b68f408f8,5ab1787fda767903,c075a1feaa1ca1f0,783968bb9d9a7ec1,52ef6f43ad7f76ac,590096376f29aa06,100e2a29cb501ab2,9cc7be0484285278,975db2daf78b030c,27890efab075fd04,af121417745f03ce,febbc860d4d7a2fc,3fc45e53966f6521,e88676e6acdf94de,2bf5b1f5c88af849,9c40104f66412490,a01aa5f167551598", 
        "user_agent": "Dalvik/2.1.0 (Linux; U; Android 5.1.1; Nexus 6 Build/LMY48I)"
    }, 
    "1441695170.664877,CniE5s4zo31skH62w6": {
        "domain": "a.applovin.com", 
        "dst_ip": "23.6.24.111", 
        "dst_port": "80", 
        "headers": {
            "ACCEPT-ENCODING": "gzip", 
            "CONNECTION": "Keep-Alive", 
            "HOST": "a.applovin.com", 
            "USER-AGENT": "Dalvik/2.1.0 (Linux; U; Android 5.1.1; Nexus 6 Build/LMY48I)"
        }, 
        "host": "a.applovin.com", 
        "is_host_ip": 0, 
        "label": 1, 
        "md5": null, 
        "method": "GET", 
        "package_name": "com.spacegame.solitairepharaoh", 
        "pii_types": [
            "AdvertiserId"
        ], 
        "platform": "android", 
        "post_body": "-", 
        "referrer": "-", 
        "src_ip": "10.11.2.3", 
        "src_port": "44559", 
        "tk_flag": 1, 
        "ts": "1441695170.664877", 
        "uri": "/2.0/ad?accept=inter_size,custom_size,launch_app,multi_click,video&api_did=&size=INTER&carrier=elisa&dx=1440&preloading=true&locale=en_US&revision=shamu&idfa=RECON_AdvertiserId_96f082201502445b890cdf182413e904&li=0&dy=2392&format=json&os=5.1.1&require=VIDEOA&network=wifi&platform=android&sdk_key=IIWCKIsoU1RX6PVyOeXauBK1VeFQLtge9BrUUhG-iiWp60mVfH5TSPZz3qOPg42rFuKlZbiGIE4OEqvv6-RZO0&brand=motorola&sdk_version=5.4.0&vz=fc00e4bd26617cb0&si=0&model=Nexus+6&vx=fc00e4bd26617cb0,c938df92dbecc6cc,524a42991b323537,9381ecc60869b23e,af92aacb096029f2,f1ff5b9cbfdb9e25,57848752abe75b81,6c9989dad5f8463e,b4ca021826c3b423,8c38b16015aa0b0b,a2162e12e40c0fa4,8bbc51796fafceca,1cbc24cd8efee106,7caba6e564b98afb,8c07b6d56e1d5bd8,5bcd4f6255d73a6e,7f10fa3eb26775fc,c080faf0826717fd,998e02f2f9aa84f6,7885dd0579fe7ab2,c39bfd1b68f408f8,5ab1787fda767903,c075a1feaa1ca1f0,783968bb9d9a7ec1,52ef6f43ad7f76ac,590096376f29aa06,100e2a29cb501ab2,9cc7be0484285278,975db2daf78b030c,27890efab075fd04,af121417745f03ce,febbc860d4d7a2fc,3fc45e53966f6521,e88676e6acdf94de,2bf5b1f5c88af849,9c40104f66412490,a01aa5f167551598", 
        "user_agent": "Dalvik/2.1.0 (Linux; U; Android 5.1.1; Nexus 6 Build/LMY48I)"
    }, 
    "1441695170.703018,CKIDHu3AJ05kErpnGl": {
        "domain": "applovin.com", 
        "dst_ip": "23.203.151.219", 
        "dst_port": "80", 
        "headers": {
            "ACCEPT-ENCODING": "gzip", 
            "CONNECTION": "Keep-Alive", 
            "HOST": "pdn.applovin.com", 
            "USER-AGENT": "Dalvik/2.1.0 (Linux; U; Android 5.1.1; Nexus 6 Build/LMY48I)"
        }, 
        "host": "pdn.applovin.com", 
        "is_host_ip": 0, 
        "label": 0, 
        "md5": null, 
        "method": "GET", 
        "package_name": "com.spacegame.solitairepharaoh", 
        "pii_types": null, 
        "platform": "android", 
        "post_body": "-", 
        "referrer": "-", 
        "src_ip": "10.11.2.3", 
        "src_port": "47487", 
        "tk_flag": 1, 
        "ts": "1441695170.703018", 
        "uri": "/closeOptOut.png", 
        "user_agent": "Dalvik/2.1.0 (Linux; U; Android 5.1.1; Nexus 6 Build/LMY48I)"
    }, 
    "1441695171.199318,CtxTwk3LyPFBr1G281": {
        "domain": "applovin.com", 
        "dst_ip": "23.203.151.219", 
        "dst_port": "80", 
        "headers": {
            "ACCEPT-ENCODING": "gzip", 
            "CONNECTION": "Keep-Alive", 
            "HOST": "img.applovin.com", 
            "USER-AGENT": "Dalvik/2.1.0 (Linux; U; Android 5.1.1; Nexus 6 Build/LMY48I)"
        }, 
        "host": "img.applovin.com", 
        "is_host_ip": 0, 
        "label": 0, 
        "md5": null, 
        "method": "GET", 
        "package_name": "com.spacegame.solitairepharaoh", 
        "pii_types": null, 
        "platform": "android", 
        "post_body": "-", 
        "referrer": "-", 
        "src_ip": "10.11.2.3", 
        "src_port": "43708", 
        "tk_flag": 1, 
        "ts": "1441695171.199318", 
        "uri": "/jquery-1.9.1.min.js", 
        "user_agent": "Dalvik/2.1.0 (Linux; U; Android 5.1.1; Nexus 6 Build/LMY48I)"
    }, 
    "1441695171.246260,CpQLGshbQwZ70TRO7": {
        "domain": "applovin.com", 
        "dst_ip": "23.6.24.111", 
        "dst_port": "80", 
        "headers": {
            "ACCEPT-ENCODING": "gzip", 
            "CONNECTION": "Keep-Alive", 
            "CONTENT-LENGTH": "2740", 
            "CONTENT-TYPE": "application/json; charset=utf-8", 
            "HOST": "d.applovin.com", 
            "USER-AGENT": "Dalvik/2.1.0 (Linux; U; Android 5.1.1; Nexus 6 Build/LMY48I)"
        }, 
        "host": "d.applovin.com", 
        "is_host_ip": 0, 
        "label": 1, 
        "md5": null, 
        "method": "POST", 
        "package_name": "com.spacegame.solitairepharaoh", 
        "pii_types": [
            "AdvertiserId"
        ], 
        "platform": "android", 
        "post_body": "{\"device_info\":{\"model\":\"Nexus 6\",\"os\":\"5.1.1\",\"brand\":\"motorola\",\"sdk_version\":22,\"revision\":\"shamu\",\"country_code\":\"FI\",\"carrier\":\"elisa\",\"type\":\"android\",\"idfa\":\"RECON_AdvertiserId_259c3a4fd2da48388bd5b2d5fc88dd42\",\"locale\":\"en_US\"},\"app_info\":{\"package_name\":\"com.spacegame.solitairepharaoh\",\"app_name\":\"Solitaire Pharaoh\",\"app_version\":\"1.0.7\",\"created_at\":1441695154,\"applovin_sdk_version\":\"5.4.0\",\"first_install\":\"true\"},\"stats\":{\"FetchNextAd_count\":4,\"ad_req\":4,\"FetchNextAd_time\":1255,\"ad_session_start\":1441695165421},\"vx\":[{\"package_name\":\"fc00e4bd26617cb0\",\"created_at\":1441695154},{\"package_name\":\"c938df92dbecc6cc\",\"created_at\":1441455602},{\"package_name\":\"524a42991b323537\",\"created_at\":1441455568},{\"package_name\":\"9381ecc60869b23e\",\"created_at\":1441455528},{\"package_name\":\"af92aacb096029f2\",\"created_at\":1441455516},{\"package_name\":\"f1ff5b9cbfdb9e25\",\"created_at\":1441455487},{\"package_name\":\"57848752abe75b81\",\"created_at\":1441455471},{\"package_name\":\"6c9989dad5f8463e\",\"created_at\":1441455418},{\"package_name\":\"b4ca021826c3b423\",\"created_at\":1441455400},{\"package_name\":\"8c38b16015aa0b0b\",\"created_at\":1441293415},{\"package_name\":\"a2162e12e40c0fa4\",\"created_at\":1441291906},{\"package_name\":\"8bbc51796fafceca\",\"created_at\":1441291470},{\"package_name\":\"1cbc24cd8efee106\",\"created_at\":1441291453},{\"package_name\":\"7caba6e564b98afb\",\"created_at\":1441291422},{\"package_name\":\"8c07b6d56e1d5bd8\",\"created_at\":1441291407},{\"package_name\":\"5bcd4f6255d73a6e\",\"created_at\":1441291395},{\"package_name\":\"7f10fa3eb26775fc\",\"created_at\":1441291369},{\"package_name\":\"c080faf0826717fd\",\"created_at\":1441291360},{\"package_name\":\"998e02f2f9aa84f6\",\"created_at\":1441291348},{\"package_name\":\"7885dd0579fe7ab2\",\"created_at\":1441291330},{\"package_name\":\"c39bfd1b68f408f8\",\"created_at\":1441291309},{\"package_name\":\"5ab1787fda767903\",\"created_at\":1441291292},{\"package_name\":\"c075a1feaa1ca1f0\",\"created_at\":1441291275},{\"package_name\":\"783968bb9d9a7ec1\",\"created_at\":1441291265},{\"package_name\":\"52ef6f43ad7f76ac\",\"created_at\":1441291219},{\"package_name\":\"590096376f29aa06\",\"created_at\":1441291181},{\"package_name\":\"100e2a29cb501ab2\",\"created_at\":1441206325},{\"package_name\":\"9cc7be0484285278\",\"created_at\":1440948005},{\"package_name\":\"975db2daf78b030c\",\"created_at\":1440864593},{\"package_name\":\"27890efab075fd04\",\"created_at\":1436476971},{\"package_name\":\"af121417745f03ce\",\"created_at\":1436476971},{\"package_name\":\"febbc860d4d7a2fc\",\"created_at\":1436476971},{\"package_name\":\"3fc45e53966f6521\",\"created_at\":1436476971},{\"package_name\":\"e88676e6acdf94de\",\"created_at\":1436476971},{\"package_name\":\"2bf5b1f5c88af849\",\"created_at\":1436476971},{\"package_name\":\"9c40104f66412490\",\"created_at\":1436476971},{\"package_name\":\"a01aa5f167551598\",\"created_at\":1436476971}]}", 
        "referrer": "-", 
        "src_ip": "10.11.2.3", 
        "src_port": "49049", 
        "tk_flag": 1, 
        "ts": "1441695171.246260", 
        "uri": "/device?api_key=IIWCKIsoU1RX6PVyOeXauBK1VeFQLtge9BrUUhG-iiWp60mVfH5TSPZz3qOPg42rFuKlZbiGIE4OEqvv6-RZO0", 
        "user_agent": "Dalvik/2.1.0 (Linux; U; Android 5.1.1; Nexus 6 Build/LMY48I)"
    }, 
    "1441695171.463894,CtxTwk3LyPFBr1G281": {
        "domain": "applovin.com", 
        "dst_ip": "23.203.151.219", 
        "dst_port": "80", 
        "headers": {
            "ACCEPT-ENCODING": "gzip", 
            "CONNECTION": "Keep-Alive", 
            "HOST": "img.applovin.com", 
            "USER-AGENT": "Dalvik/2.1.0 (Linux; U; Android 5.1.1; Nexus 6 Build/LMY48I)"
        }, 
        "host": "img.applovin.com", 
        "is_host_ip": 0, 
        "label": 0, 
        "md5": null, 
        "method": "GET", 
        "package_name": "com.spacegame.solitairepharaoh", 
        "pii_types": null, 
        "platform": "android", 
        "post_body": "-", 
        "referrer": "-", 
        "src_ip": "10.11.2.3", 
        "src_port": "43708", 
        "tk_flag": 1, 
        "ts": "1441695171.463894", 
        "uri": "/jquery.knob.js", 
        "user_agent": "Dalvik/2.1.0 (Linux; U; Android 5.1.1; Nexus 6 Build/LMY48I)"
    }, 
    "1441695171.595590,CtxTwk3LyPFBr1G281": {
        "domain": "applovin.com", 
        "dst_ip": "23.203.151.219", 
        "dst_port": "80", 
        "headers": {
            "ACCEPT-ENCODING": "gzip", 
            "CONNECTION": "Keep-Alive", 
            "HOST": "img.applovin.com", 
            "USER-AGENT": "Dalvik/2.1.0 (Linux; U; Android 5.1.1; Nexus 6 Build/LMY48I)"
        }, 
        "host": "img.applovin.com", 
        "is_host_ip": 0, 
        "label": 0, 
        "md5": null, 
        "method": "GET", 
        "package_name": "com.spacegame.solitairepharaoh", 
        "pii_types": null, 
        "platform": "android", 
        "post_body": "-", 
        "referrer": "-", 
        "src_ip": "10.11.2.3", 
        "src_port": "43708", 
        "tk_flag": 1, 
        "ts": "1441695171.595590", 
        "uri": "/1380229154.js", 
        "user_agent": "Dalvik/2.1.0 (Linux; U; Android 5.1.1; Nexus 6 Build/LMY48I)"
    }, 
    "1441695171.882377,CtxTwk3LyPFBr1G281": {
        "domain": "applovin.com", 
        "dst_ip": "23.203.151.219", 
        "dst_port": "80", 
        "headers": {
            "ACCEPT-ENCODING": "gzip", 
            "CONNECTION": "Keep-Alive", 
            "HOST": "img.applovin.com", 
            "USER-AGENT": "Dalvik/2.1.0 (Linux; U; Android 5.1.1; Nexus 6 Build/LMY48I)"
        }, 
        "host": "img.applovin.com", 
        "is_host_ip": 0, 
        "label": 0, 
        "md5": null, 
        "method": "GET", 
        "package_name": "com.spacegame.solitairepharaoh", 
        "pii_types": null, 
        "platform": "android", 
        "post_body": "-", 
        "referrer": "-", 
        "src_ip": "10.11.2.3", 
        "src_port": "43708", 
        "tk_flag": 1, 
        "ts": "1441695171.882377", 
        "uri": "/1441244116_768x1024.jpeg", 
        "user_agent": "Dalvik/2.1.0 (Linux; U; Android 5.1.1; Nexus 6 Build/LMY48I)"
    }
}
