{
    "1441462070.630314,Cl0BBo9EeR6PhU3Q9": {
        "domain": "google.com", 
        "dst_ip": "173.194.121.1", 
        "dst_port": "80", 
        "headers": {
            "ACCEPT-ENCODING": "gzip", 
            "CONNECTION": "Keep-Alive", 
            "HOST": "clients3.google.com", 
            "USER-AGENT": "Dalvik/2.1.0 (Linux; U; Android 5.1.1; Nexus 6 Build/LMY48I)"
        }, 
        "host": "clients3.google.com", 
        "is_host_ip": 0, 
        "label": 0, 
        "md5": null, 
        "method": "GET", 
        "package_name": "com.spotify.music", 
        "pii_types": null, 
        "platform": "android", 
        "post_body": "-", 
        "referrer": "-", 
        "src_ip": "10.11.2.3", 
        "src_port": "34483", 
        "tk_flag": 1, 
        "ts": "1441462070.630314", 
        "uri": "/generate_204", 
        "user_agent": "Dalvik/2.1.0 (Linux; U; Android 5.1.1; Nexus 6 Build/LMY48I)"
    }, 
    "1441462075.704332,CRaVw63CcJkBB5nZJh": {
        "domain": "scorecardresearch.com", 
        "dst_ip": "23.15.7.137", 
        "dst_port": "80", 
        "headers": {
            "ACCEPT-ENCODING": "gzip", 
            "CONNECTION": "Keep-Alive", 
            "HOST": "b.scorecardresearch.com", 
            "USER-AGENT": "Dalvik/2.1.0 (Linux; U; Android 5.1.1; Nexus 6 Build/LMY48I)"
        }, 
        "host": "b.scorecardresearch.com", 
        "is_host_ip": 0, 
        "label": 0, 
        "md5": null, 
        "method": "GET", 
        "package_name": "com.spotify.music", 
        "pii_types": null, 
        "platform": "android", 
        "post_body": "-", 
        "referrer": "-", 
        "src_ip": "10.11.2.3", 
        "src_port": "36618", 
        "tk_flag": 1, 
        "ts": "1441462075.704332", 
        "uri": "/p2?c1=19&c2=15654041&ns_ap_an=Spotify&ns_ap_pn=android&c12=02aec3a6ac41c1b888c12a6cd8a0cb1e-cs31&name=start&ns_ak=vPW3/mpV8ouMswDG4Rb5Lrb7AGvYaA2Slb7EvJRtaOti/ttgvFIEcsY1f5cVNuY4Y5P2ED/uCOCL8J5nCZsqQmwlBCeSLrYmV8Va9MBjbLgnyxScBLEF9kfZj4p8qTHWGb5xpFJ65iQrB2bwysK7kmsZwalsaS2ZhqKzvGQml0U=&ns_ap_ec=1&ns_ap_ev=start&ns_ap_device=shamu&ns_ap_id=1441462072605&ns_ap_csf=1&ns_ap_bi=com.spotify.music&ns_ap_pfm=android&ns_ap_pfv=5.1.1&ns_ap_ver=3.4.0.762&ns_ap_sv=2.1409.23&ns_type=view&ns_radio=wifi&ns_nc=1&ns_ap_gs=1441462072593&ns_ap_jb=0&ns_ap_res=1440x2392&ns_ap_install=1441462072593&ns_ap_lastrun=0&ns_ap_cs=1&ns_ap_runs=1&ns_ap_usage=12&ns_ap_fg=1&ns_ap_ft=2&ns_ap_dft=2&ns_ap_bt=0&ns_ap_dbt=0&ns_ap_dit=10&ns_ap_as=1&ns_ap_das=12&ns_ap_it=10&ns_ap_ut=300000&ns_ap_lang=en&ns_ts=1441462072605", 
        "user_agent": "Dalvik/2.1.0 (Linux; U; Android 5.1.1; Nexus 6 Build/LMY48I)"
    }, 
    "1441462152.483138,CqCY5k3i3kLA1itWXf": {
        "domain": "spotify.com", 
        "dst_ip": "193.235.32.101", 
        "dst_port": "80", 
        "headers": {
            "ACCEPT-ENCODING": "gzip", 
            "CONNECTION": "keep-alive", 
            "HOST": "apresolve.spotify.com", 
            "KEEP-ALIVE": "300", 
            "USER-AGENT": "Spotify/340000762 (6; 2; 7)", 
            "X-SPOTIFY-AP-RESOLVE-POD-OVERRIDE": "0"
        }, 
        "host": "apresolve.spotify.com", 
        "is_host_ip": 0, 
        "label": 0, 
        "md5": null, 
        "method": "GET", 
        "package_name": "com.spotify.music", 
        "pii_types": null, 
        "platform": "android", 
        "post_body": "-", 
        "referrer": "-", 
        "src_ip": "10.11.2.3", 
        "src_port": "39149", 
        "tk_flag": 0, 
        "ts": "1441462152.483138", 
        "uri": "/?time=1441462039", 
        "user_agent": "Spotify/340000762 (6; 2; 7)"
    }, 
    "1441462281.473452,CDuL012Di0VCXKSNr8": {
        "domain": "edgesuite.net", 
        "dst_ip": "23.0.160.59", 
        "dst_port": "80", 
        "headers": {
            "ACCEPT-ENCODING": "(empty)", 
            "CONNECTION": "keep-alive", 
            "HOST": "heads-ak.spotify.com.edgesuite.net", 
            "KEEP-ALIVE": "900", 
            "PRAGMA": "akamai-x-cache-on", 
            "USER-AGENT": "Spotify-Unknown/0.71/0"
        }, 
        "host": "heads-ak.spotify.com.edgesuite.net", 
        "is_host_ip": 0, 
        "label": 0, 
        "md5": null, 
        "method": "GET", 
        "package_name": "com.spotify.music", 
        "pii_types": null, 
        "platform": "android", 
        "post_body": "-", 
        "referrer": "-", 
        "src_ip": "10.11.2.3", 
        "src_port": "52537", 
        "tk_flag": 1, 
        "ts": "1441462281.473452", 
        "uri": "/head/9c89e8fde95cc7f51bca69b66aa9334f27357416", 
        "user_agent": "Spotify-Unknown/0.71/0"
    }, 
    "1441462281.778626,COyxtX3xwL0YlPIMog": {
        "domain": "spotify.com", 
        "dst_ip": "93.184.215.151", 
        "dst_port": "80", 
        "headers": {
            "ACCEPT-ENCODING": "(empty)", 
            "CONNECTION": "keep-alive", 
            "HOST": "audio-ec.spotify.com", 
            "KEEP-ALIVE": "900", 
            "PRAGMA": "akamai-x-cache-on", 
            "RANGE": "bytes=0-524287", 
            "USER-AGENT": "Spotify-Unknown/0.71/0"
        }, 
        "host": "audio-ec.spotify.com", 
        "is_host_ip": 0, 
        "label": 0, 
        "md5": null, 
        "method": "GET", 
        "package_name": "com.spotify.music", 
        "pii_types": null, 
        "platform": "android", 
        "post_body": "-", 
        "referrer": "-", 
        "src_ip": "10.11.2.3", 
        "src_port": "51763", 
        "tk_flag": 0, 
        "ts": "1441462281.778626", 
        "uri": "/audio/9c89e8fde95cc7f51bca69b66aa9334f27357416?FmvDcaxLeUugBQzbu2ij_18br1pnRpdFuhUUfTL0xTMpSkjGKtrFs5ztCqV2-e4a05Jav_I61QFm3hdJyy_BhYjooHJzZuBUSw_fY2Bf0DtUndWRT0IxhO9BXsj15m90l3lrxXMMVrlFXTT0Aw", 
        "user_agent": "Spotify-Unknown/0.71/0"
    }, 
    "1441462283.998174,COyxtX3xwL0YlPIMog": {
        "domain": "spotify.com", 
        "dst_ip": "93.184.215.151", 
        "dst_port": "80", 
        "headers": {
            "ACCEPT-ENCODING": "(empty)", 
            "CONNECTION": "keep-alive", 
            "HOST": "audio-ec.spotify.com", 
            "KEEP-ALIVE": "900", 
            "PRAGMA": "akamai-x-cache-on", 
            "RANGE": "bytes=524288-1048575", 
            "USER-AGENT": "Spotify-Unknown/0.71/0"
        }, 
        "host": "audio-ec.spotify.com", 
        "is_host_ip": 0, 
        "label": 0, 
        "md5": null, 
        "method": "GET", 
        "package_name": "com.spotify.music", 
        "pii_types": null, 
        "platform": "android", 
        "post_body": "-", 
        "referrer": "-", 
        "src_ip": "10.11.2.3", 
        "src_port": "51763", 
        "tk_flag": 0, 
        "ts": "1441462283.998174", 
        "uri": "/audio/9c89e8fde95cc7f51bca69b66aa9334f27357416?FmvDcaxLeUugBQzbu2ij_18br1pnRpdFuhUUfTL0xTMpSkjGKtrFs5ztCqV2-e4a05Jav_I61QFm3hdJyy_BhYjooHJzZuBUSw_fY2Bf0DtUndWRT0IxhO9BXsj15m90l3lrxXMMVrlFXTT0Aw", 
        "user_agent": "Spotify-Unknown/0.71/0"
    }, 
    "1441462286.145736,COyxtX3xwL0YlPIMog": {
        "domain": "spotify.com", 
        "dst_ip": "93.184.215.151", 
        "dst_port": "80", 
        "headers": {
            "ACCEPT-ENCODING": "(empty)", 
            "CONNECTION": "keep-alive", 
            "HOST": "audio-ec.spotify.com", 
            "KEEP-ALIVE": "900", 
            "PRAGMA": "akamai-x-cache-on", 
            "RANGE": "bytes=1048576-1572863", 
            "USER-AGENT": "Spotify-Unknown/0.71/0"
        }, 
        "host": "audio-ec.spotify.com", 
        "is_host_ip": 0, 
        "label": 0, 
        "md5": null, 
        "method": "GET", 
        "package_name": "com.spotify.music", 
        "pii_types": null, 
        "platform": "android", 
        "post_body": "-", 
        "referrer": "-", 
        "src_ip": "10.11.2.3", 
        "src_port": "51763", 
        "tk_flag": 0, 
        "ts": "1441462286.145736", 
        "uri": "/audio/9c89e8fde95cc7f51bca69b66aa9334f27357416?FmvDcaxLeUugBQzbu2ij_18br1pnRpdFuhUUfTL0xTMpSkjGKtrFs5ztCqV2-e4a05Jav_I61QFm3hdJyy_BhYjooHJzZuBUSw_fY2Bf0DtUndWRT0IxhO9BXsj15m90l3lrxXMMVrlFXTT0Aw", 
        "user_agent": "Spotify-Unknown/0.71/0"
    }, 
    "1441462288.441518,COyxtX3xwL0YlPIMog": {
        "domain": "spotify.com", 
        "dst_ip": "93.184.215.151", 
        "dst_port": "80", 
        "headers": {
            "ACCEPT-ENCODING": "(empty)", 
            "CONNECTION": "keep-alive", 
            "HOST": "audio-ec.spotify.com", 
            "KEEP-ALIVE": "900", 
            "PRAGMA": "akamai-x-cache-on", 
            "RANGE": "bytes=1572864-2097151", 
            "USER-AGENT": "Spotify-Unknown/0.71/0"
        }, 
        "host": "audio-ec.spotify.com", 
        "is_host_ip": 0, 
        "label": 0, 
        "md5": null, 
        "method": "GET", 
        "package_name": "com.spotify.music", 
        "pii_types": null, 
        "platform": "android", 
        "post_body": "-", 
        "referrer": "-", 
        "src_ip": "10.11.2.3", 
        "src_port": "51763", 
        "tk_flag": 0, 
        "ts": "1441462288.441518", 
        "uri": "/audio/9c89e8fde95cc7f51bca69b66aa9334f27357416?FmvDcaxLeUugBQzbu2ij_18br1pnRpdFuhUUfTL0xTMpSkjGKtrFs5ztCqV2-e4a05Jav_I61QFm3hdJyy_BhYjooHJzZuBUSw_fY2Bf0DtUndWRT0IxhO9BXsj15m90l3lrxXMMVrlFXTT0Aw", 
        "user_agent": "Spotify-Unknown/0.71/0"
    }, 
    "1441462290.475427,COyxtX3xwL0YlPIMog": {
        "domain": "spotify.com", 
        "dst_ip": "93.184.215.151", 
        "dst_port": "80", 
        "headers": {
            "ACCEPT-ENCODING": "(empty)", 
            "CONNECTION": "keep-alive", 
            "HOST": "audio-ec.spotify.com", 
            "KEEP-ALIVE": "900", 
            "PRAGMA": "akamai-x-cache-on", 
            "RANGE": "bytes=2097152-2138071", 
            "USER-AGENT": "Spotify-Unknown/0.71/0"
        }, 
        "host": "audio-ec.spotify.com", 
        "is_host_ip": 0, 
        "label": 0, 
        "md5": null, 
        "method": "GET", 
        "package_name": "com.spotify.music", 
        "pii_types": null, 
        "platform": "android", 
        "post_body": "-", 
        "referrer": "-", 
        "src_ip": "10.11.2.3", 
        "src_port": "51763", 
        "tk_flag": 0, 
        "ts": "1441462290.475427", 
        "uri": "/audio/9c89e8fde95cc7f51bca69b66aa9334f27357416?FmvDcaxLeUugBQzbu2ij_18br1pnRpdFuhUUfTL0xTMpSkjGKtrFs5ztCqV2-e4a05Jav_I61QFm3hdJyy_BhYjooHJzZuBUSw_fY2Bf0DtUndWRT0IxhO9BXsj15m90l3lrxXMMVrlFXTT0Aw", 
        "user_agent": "Spotify-Unknown/0.71/0"
    }, 
    "1441462316.140405,CDuL012Di0VCXKSNr8": {
        "domain": "edgesuite.net", 
        "dst_ip": "23.0.160.59", 
        "dst_port": "80", 
        "headers": {
            "ACCEPT-ENCODING": "(empty)", 
            "CONNECTION": "keep-alive", 
            "HOST": "heads-ak.spotify.com.edgesuite.net", 
            "KEEP-ALIVE": "900", 
            "PRAGMA": "akamai-x-cache-on", 
            "USER-AGENT": "Spotify-Unknown/0.71/0"
        }, 
        "host": "heads-ak.spotify.com.edgesuite.net", 
        "is_host_ip": 0, 
        "label": 0, 
        "md5": null, 
        "method": "GET", 
        "package_name": "com.spotify.music", 
        "pii_types": null, 
        "platform": "android", 
        "post_body": "-", 
        "referrer": "-", 
        "src_ip": "10.11.2.3", 
        "src_port": "52537", 
        "tk_flag": 1, 
        "ts": "1441462316.140405", 
        "uri": "/head/8a7c929129d8fd6cbc20d4953edda0e3c334093f", 
        "user_agent": "Spotify-Unknown/0.71/0"
    }, 
    "1441462316.448270,CBoXLN2qRkN3wzRgPl": {
        "domain": "spotify.com", 
        "dst_ip": "93.184.215.151", 
        "dst_port": "80", 
        "headers": {
            "ACCEPT-ENCODING": "(empty)", 
            "CONNECTION": "keep-alive", 
            "HOST": "audio-ec.spotify.com", 
            "KEEP-ALIVE": "900", 
            "PRAGMA": "akamai-x-cache-on", 
            "RANGE": "bytes=0-524287", 
            "USER-AGENT": "Spotify-Unknown/0.71/0"
        }, 
        "host": "audio-ec.spotify.com", 
        "is_host_ip": 0, 
        "label": 0, 
        "md5": null, 
        "method": "GET", 
        "package_name": "com.spotify.music", 
        "pii_types": null, 
        "platform": "android", 
        "post_body": "-", 
        "referrer": "-", 
        "src_ip": "10.11.2.3", 
        "src_port": "51764", 
        "tk_flag": 0, 
        "ts": "1441462316.448270", 
        "uri": "/audio/8a7c929129d8fd6cbc20d4953edda0e3c334093f?1XdrC3w1h6rRtn_L2coVnOE0cRaicc-oiGDXYgVaz820yFhPYXYD2iWOJdB8GV35vGdMJu6Rh-fTiBbaydDjzux_dYm6n4X_RBvUC4DV6YzJd07tQ2P4gJEiAYUhJEAGS82kOse3IeZYLMP-rQ", 
        "user_agent": "Spotify-Unknown/0.71/0"
    }, 
    "1441462318.063749,CBoXLN2qRkN3wzRgPl": {
        "domain": "spotify.com", 
        "dst_ip": "93.184.215.151", 
        "dst_port": "80", 
        "headers": {
            "ACCEPT-ENCODING": "(empty)", 
            "CONNECTION": "keep-alive", 
            "HOST": "audio-ec.spotify.com", 
            "KEEP-ALIVE": "900", 
            "PRAGMA": "akamai-x-cache-on", 
            "RANGE": "bytes=524288-1048575", 
            "USER-AGENT": "Spotify-Unknown/0.71/0"
        }, 
        "host": "audio-ec.spotify.com", 
        "is_host_ip": 0, 
        "label": 0, 
        "md5": null, 
        "method": "GET", 
        "package_name": "com.spotify.music", 
        "pii_types": null, 
        "platform": "android", 
        "post_body": "-", 
        "referrer": "-", 
        "src_ip": "10.11.2.3", 
        "src_port": "51764", 
        "tk_flag": 0, 
        "ts": "1441462318.063749", 
        "uri": "/audio/8a7c929129d8fd6cbc20d4953edda0e3c334093f?1XdrC3w1h6rRtn_L2coVnOE0cRaicc-oiGDXYgVaz820yFhPYXYD2iWOJdB8GV35vGdMJu6Rh-fTiBbaydDjzux_dYm6n4X_RBvUC4DV6YzJd07tQ2P4gJEiAYUhJEAGS82kOse3IeZYLMP-rQ", 
        "user_agent": "Spotify-Unknown/0.71/0"
    }, 
    "1441462320.631170,CBoXLN2qRkN3wzRgPl": {
        "domain": "spotify.com", 
        "dst_ip": "93.184.215.151", 
        "dst_port": "80", 
        "headers": {
            "ACCEPT-ENCODING": "(empty)", 
            "CONNECTION": "keep-alive", 
            "HOST": "audio-ec.spotify.com", 
            "KEEP-ALIVE": "900", 
            "PRAGMA": "akamai-x-cache-on", 
            "RANGE": "bytes=1048576-1572863", 
            "USER-AGENT": "Spotify-Unknown/0.71/0"
        }, 
        "host": "audio-ec.spotify.com", 
        "is_host_ip": 0, 
        "label": 0, 
        "md5": null, 
        "method": "GET", 
        "package_name": "com.spotify.music", 
        "pii_types": null, 
        "platform": "android", 
        "post_body": "-", 
        "referrer": "-", 
        "src_ip": "10.11.2.3", 
        "src_port": "51764", 
        "tk_flag": 0, 
        "ts": "1441462320.631170", 
        "uri": "/audio/8a7c929129d8fd6cbc20d4953edda0e3c334093f?1XdrC3w1h6rRtn_L2coVnOE0cRaicc-oiGDXYgVaz820yFhPYXYD2iWOJdB8GV35vGdMJu6Rh-fTiBbaydDjzux_dYm6n4X_RBvUC4DV6YzJd07tQ2P4gJEiAYUhJEAGS82kOse3IeZYLMP-rQ", 
        "user_agent": "Spotify-Unknown/0.71/0"
    }, 
    "1441462323.095327,CBoXLN2qRkN3wzRgPl": {
        "domain": "spotify.com", 
        "dst_ip": "93.184.215.151", 
        "dst_port": "80", 
        "headers": {
            "ACCEPT-ENCODING": "(empty)", 
            "CONNECTION": "keep-alive", 
            "HOST": "audio-ec.spotify.com", 
            "KEEP-ALIVE": "900", 
            "PRAGMA": "akamai-x-cache-on", 
            "RANGE": "bytes=1572864-2097151", 
            "USER-AGENT": "Spotify-Unknown/0.71/0"
        }, 
        "host": "audio-ec.spotify.com", 
        "is_host_ip": 0, 
        "label": 0, 
        "md5": null, 
        "method": "GET", 
        "package_name": "com.spotify.music", 
        "pii_types": null, 
        "platform": "android", 
        "post_body": "-", 
        "referrer": "-", 
        "src_ip": "10.11.2.3", 
        "src_port": "51764", 
        "tk_flag": 0, 
        "ts": "1441462323.095327", 
        "uri": "/audio/8a7c929129d8fd6cbc20d4953edda0e3c334093f?1XdrC3w1h6rRtn_L2coVnOE0cRaicc-oiGDXYgVaz820yFhPYXYD2iWOJdB8GV35vGdMJu6Rh-fTiBbaydDjzux_dYm6n4X_RBvUC4DV6YzJd07tQ2P4gJEiAYUhJEAGS82kOse3IeZYLMP-rQ", 
        "user_agent": "Spotify-Unknown/0.71/0"
    }, 
    "1441462324.567854,CBoXLN2qRkN3wzRgPl": {
        "domain": "spotify.com", 
        "dst_ip": "93.184.215.151", 
        "dst_port": "80", 
        "headers": {
            "ACCEPT-ENCODING": "(empty)", 
            "CONNECTION": "keep-alive", 
            "HOST": "audio-ec.spotify.com", 
            "KEEP-ALIVE": "900", 
            "PRAGMA": "akamai-x-cache-on", 
            "RANGE": "bytes=2097152-2621439", 
            "USER-AGENT": "Spotify-Unknown/0.71/0"
        }, 
        "host": "audio-ec.spotify.com", 
        "is_host_ip": 0, 
        "label": 0, 
        "md5": null, 
        "method": "GET", 
        "package_name": "com.spotify.music", 
        "pii_types": null, 
        "platform": "android", 
        "post_body": "-", 
        "referrer": "-", 
        "src_ip": "10.11.2.3", 
        "src_port": "51764", 
        "tk_flag": 0, 
        "ts": "1441462324.567854", 
        "uri": "/audio/8a7c929129d8fd6cbc20d4953edda0e3c334093f?1XdrC3w1h6rRtn_L2coVnOE0cRaicc-oiGDXYgVaz820yFhPYXYD2iWOJdB8GV35vGdMJu6Rh-fTiBbaydDjzux_dYm6n4X_RBvUC4DV6YzJd07tQ2P4gJEiAYUhJEAGS82kOse3IeZYLMP-rQ", 
        "user_agent": "Spotify-Unknown/0.71/0"
    }, 
    "1441462325.469072,CBoXLN2qRkN3wzRgPl": {
        "domain": "spotify.com", 
        "dst_ip": "93.184.215.151", 
        "dst_port": "80", 
        "headers": {
            "ACCEPT-ENCODING": "(empty)", 
            "CONNECTION": "keep-alive", 
            "HOST": "audio-ec.spotify.com", 
            "KEEP-ALIVE": "900", 
            "PRAGMA": "akamai-x-cache-on", 
            "RANGE": "bytes=2621440-2884359", 
            "USER-AGENT": "Spotify-Unknown/0.71/0"
        }, 
        "host": "audio-ec.spotify.com", 
        "is_host_ip": 0, 
        "label": 0, 
        "md5": null, 
        "method": "GET", 
        "package_name": "com.spotify.music", 
        "pii_types": null, 
        "platform": "android", 
        "post_body": "-", 
        "referrer": "-", 
        "src_ip": "10.11.2.3", 
        "src_port": "51764", 
        "tk_flag": 0, 
        "ts": "1441462325.469072", 
        "uri": "/audio/8a7c929129d8fd6cbc20d4953edda0e3c334093f?1XdrC3w1h6rRtn_L2coVnOE0cRaicc-oiGDXYgVaz820yFhPYXYD2iWOJdB8GV35vGdMJu6Rh-fTiBbaydDjzux_dYm6n4X_RBvUC4DV6YzJd07tQ2P4gJEiAYUhJEAGS82kOse3IeZYLMP-rQ", 
        "user_agent": "Spotify-Unknown/0.71/0"
    }, 
    "1441462327.180536,CBoXLN2qRkN3wzRgPl": {
        "domain": "spotify.com", 
        "dst_ip": "93.184.215.151", 
        "dst_port": "80", 
        "headers": {
            "ACCEPT-ENCODING": "(empty)", 
            "CONNECTION": "keep-alive", 
            "HOST": "audio-ec.spotify.com", 
            "KEEP-ALIVE": "900", 
            "PRAGMA": "akamai-x-cache-on", 
            "RANGE": "bytes=0-524287", 
            "USER-AGENT": "Spotify-Unknown/0.71/0"
        }, 
        "host": "audio-ec.spotify.com", 
        "is_host_ip": 0, 
        "label": 0, 
        "md5": null, 
        "method": "GET", 
        "package_name": "com.spotify.music", 
        "pii_types": null, 
        "platform": "android", 
        "post_body": "-", 
        "referrer": "-", 
        "src_ip": "10.11.2.3", 
        "src_port": "51764", 
        "tk_flag": 0, 
        "ts": "1441462327.180536", 
        "uri": "/audio/ce359480533dde495c29842729d102149b6b156c?rDKOROJ-OT_EhivrYKUWsPBmsNIh1-XLkISoB8Z1CnklFr8hgE3NqNaCaSyTdNb8Oq7xhajPnPzMXA6SbOiqN73XFKdQMVryHa36Z35BE-mPccjB1RGkLV6NryMdWCrid8fyESgrl0nRhLp2Xw", 
        "user_agent": "Spotify-Unknown/0.71/0"
    }, 
    "1441462328.084338,CBoXLN2qRkN3wzRgPl": {
        "domain": "spotify.com", 
        "dst_ip": "93.184.215.151", 
        "dst_port": "80", 
        "headers": {
            "ACCEPT-ENCODING": "(empty)", 
            "CONNECTION": "keep-alive", 
            "HOST": "audio-ec.spotify.com", 
            "KEEP-ALIVE": "900", 
            "PRAGMA": "akamai-x-cache-on", 
            "RANGE": "bytes=524288-1048575", 
            "USER-AGENT": "Spotify-Unknown/0.71/0"
        }, 
        "host": "audio-ec.spotify.com", 
        "is_host_ip": 0, 
        "label": 0, 
        "md5": null, 
        "method": "GET", 
        "package_name": "com.spotify.music", 
        "pii_types": null, 
        "platform": "android", 
        "post_body": "-", 
        "referrer": "-", 
        "src_ip": "10.11.2.3", 
        "src_port": "51764", 
        "tk_flag": 0, 
        "ts": "1441462328.084338", 
        "uri": "/audio/ce359480533dde495c29842729d102149b6b156c?rDKOROJ-OT_EhivrYKUWsPBmsNIh1-XLkISoB8Z1CnklFr8hgE3NqNaCaSyTdNb8Oq7xhajPnPzMXA6SbOiqN73XFKdQMVryHa36Z35BE-mPccjB1RGkLV6NryMdWCrid8fyESgrl0nRhLp2Xw", 
        "user_agent": "Spotify-Unknown/0.71/0"
    }, 
    "1441462328.600057,CBoXLN2qRkN3wzRgPl": {
        "domain": "spotify.com", 
        "dst_ip": "93.184.215.151", 
        "dst_port": "80", 
        "headers": {
            "ACCEPT-ENCODING": "(empty)", 
            "CONNECTION": "keep-alive", 
            "HOST": "audio-ec.spotify.com", 
            "KEEP-ALIVE": "900", 
            "PRAGMA": "akamai-x-cache-on", 
            "RANGE": "bytes=1048576-1572863", 
            "USER-AGENT": "Spotify-Unknown/0.71/0"
        }, 
        "host": "audio-ec.spotify.com", 
        "is_host_ip": 0, 
        "label": 0, 
        "md5": null, 
        "method": "GET", 
        "package_name": "com.spotify.music", 
        "pii_types": null, 
        "platform": "android", 
        "post_body": "-", 
        "referrer": "-", 
        "src_ip": "10.11.2.3", 
        "src_port": "51764", 
        "tk_flag": 0, 
        "ts": "1441462328.600057", 
        "uri": "/audio/ce359480533dde495c29842729d102149b6b156c?rDKOROJ-OT_EhivrYKUWsPBmsNIh1-XLkISoB8Z1CnklFr8hgE3NqNaCaSyTdNb8Oq7xhajPnPzMXA6SbOiqN73XFKdQMVryHa36Z35BE-mPccjB1RGkLV6NryMdWCrid8fyESgrl0nRhLp2Xw", 
        "user_agent": "Spotify-Unknown/0.71/0"
    }, 
    "1441462329.013999,CBoXLN2qRkN3wzRgPl": {
        "domain": "spotify.com", 
        "dst_ip": "93.184.215.151", 
        "dst_port": "80", 
        "headers": {
            "ACCEPT-ENCODING": "(empty)", 
            "CONNECTION": "keep-alive", 
            "HOST": "audio-ec.spotify.com", 
            "KEEP-ALIVE": "900", 
            "PRAGMA": "akamai-x-cache-on", 
            "RANGE": "bytes=1572864-1919783", 
            "USER-AGENT": "Spotify-Unknown/0.71/0"
        }, 
        "host": "audio-ec.spotify.com", 
        "is_host_ip": 0, 
        "label": 0, 
        "md5": null, 
        "method": "GET", 
        "package_name": "com.spotify.music", 
        "pii_types": null, 
        "platform": "android", 
        "post_body": "-", 
        "referrer": "-", 
        "src_ip": "10.11.2.3", 
        "src_port": "51764", 
        "tk_flag": 0, 
        "ts": "1441462329.013999", 
        "uri": "/audio/ce359480533dde495c29842729d102149b6b156c?rDKOROJ-OT_EhivrYKUWsPBmsNIh1-XLkISoB8Z1CnklFr8hgE3NqNaCaSyTdNb8Oq7xhajPnPzMXA6SbOiqN73XFKdQMVryHa36Z35BE-mPccjB1RGkLV6NryMdWCrid8fyESgrl0nRhLp2Xw", 
        "user_agent": "Spotify-Unknown/0.71/0"
    }, 
    "1441462334.051403,CBoXLN2qRkN3wzRgPl": {
        "domain": "spotify.com", 
        "dst_ip": "93.184.215.151", 
        "dst_port": "80", 
        "headers": {
            "ACCEPT-ENCODING": "(empty)", 
            "CONNECTION": "keep-alive", 
            "HOST": "audio-ec.spotify.com", 
            "KEEP-ALIVE": "900", 
            "PRAGMA": "akamai-x-cache-on", 
            "RANGE": "bytes=0-49151", 
            "USER-AGENT": "Spotify-Unknown/0.71/0"
        }, 
        "host": "audio-ec.spotify.com", 
        "is_host_ip": 0, 
        "label": 0, 
        "md5": null, 
        "method": "GET", 
        "package_name": "com.spotify.music", 
        "pii_types": null, 
        "platform": "android", 
        "post_body": "-", 
        "referrer": "-", 
        "src_ip": "10.11.2.3", 
        "src_port": "51764", 
        "tk_flag": 0, 
        "ts": "1441462334.051403", 
        "uri": "/audio/dc57d8715bf489c0aa151ca269774dea1f47bd7d?gcCnNRpqKPItreRNFLqjDIBKTO7PHND1ejtCwOfQqFm7asu63gz1rNtKvIJp5vLbAver_VC6AWLNFVk0KVj3nel5l9TwhkoodX57S73fRb38NWanAUVi-eOI1-6ZHTlCo5JB9Wg29JwFwNat_g", 
        "user_agent": "Spotify-Unknown/0.71/0"
    }, 
    "1441462381.557482,CDuL012Di0VCXKSNr8": {
        "domain": "edgesuite.net", 
        "dst_ip": "23.0.160.59", 
        "dst_port": "80", 
        "headers": {
            "ACCEPT-ENCODING": "(empty)", 
            "CONNECTION": "keep-alive", 
            "HOST": "heads-ak.spotify.com.edgesuite.net", 
            "KEEP-ALIVE": "900", 
            "PRAGMA": "akamai-x-cache-on", 
            "USER-AGENT": "Spotify-Unknown/0.71/0"
        }, 
        "host": "heads-ak.spotify.com.edgesuite.net", 
        "is_host_ip": 0, 
        "label": 0, 
        "md5": null, 
        "method": "GET", 
        "package_name": "com.spotify.music", 
        "pii_types": null, 
        "platform": "android", 
        "post_body": "-", 
        "referrer": "-", 
        "src_ip": "10.11.2.3", 
        "src_port": "52537", 
        "tk_flag": 1, 
        "ts": "1441462381.557482", 
        "uri": "/head/d78eba032a660a30fa17c7d2fe76f173b5fd8eb8", 
        "user_agent": "Spotify-Unknown/0.71/0"
    }, 
    "1441462381.858703,CCXZyx1wAN1IA1S4o4": {
        "domain": "spotify.com", 
        "dst_ip": "93.184.215.151", 
        "dst_port": "80", 
        "headers": {
            "ACCEPT-ENCODING": "(empty)", 
            "CONNECTION": "keep-alive", 
            "HOST": "audio-ec.spotify.com", 
            "KEEP-ALIVE": "900", 
            "PRAGMA": "akamai-x-cache-on", 
            "RANGE": "bytes=0-540671", 
            "USER-AGENT": "Spotify-Unknown/0.71/0"
        }, 
        "host": "audio-ec.spotify.com", 
        "is_host_ip": 0, 
        "label": 0, 
        "md5": null, 
        "method": "GET", 
        "package_name": "com.spotify.music", 
        "pii_types": null, 
        "platform": "android", 
        "post_body": "-", 
        "referrer": "-", 
        "src_ip": "10.11.2.3", 
        "src_port": "51765", 
        "tk_flag": 0, 
        "ts": "1441462381.858703", 
        "uri": "/audio/d78eba032a660a30fa17c7d2fe76f173b5fd8eb8?EI50bO9odzxd4Cks9Ekmz5hVn59JZXrTuYgN0spoW9pKe_WlMuovRk0z8NUAFUP0_0wEnkyntMP9MyhOUHz9QlvxXD1yxxOGa2z1gxqUo83os8Q2Qr3RWUAmUFWRb7m48_GMYmIgSbkcXPaCfA", 
        "user_agent": "Spotify-Unknown/0.71/0"
    }, 
    "1441462382.704864,CCXZyx1wAN1IA1S4o4": {
        "domain": "spotify.com", 
        "dst_ip": "93.184.215.151", 
        "dst_port": "80", 
        "headers": {
            "ACCEPT-ENCODING": "(empty)", 
            "CONNECTION": "keep-alive", 
            "HOST": "audio-ec.spotify.com", 
            "KEEP-ALIVE": "900", 
            "PRAGMA": "akamai-x-cache-on", 
            "RANGE": "bytes=540672-1064959", 
            "USER-AGENT": "Spotify-Unknown/0.71/0"
        }, 
        "host": "audio-ec.spotify.com", 
        "is_host_ip": 0, 
        "label": 0, 
        "md5": null, 
        "method": "GET", 
        "package_name": "com.spotify.music", 
        "pii_types": null, 
        "platform": "android", 
        "post_body": "-", 
        "referrer": "-", 
        "src_ip": "10.11.2.3", 
        "src_port": "51765", 
        "tk_flag": 0, 
        "ts": "1441462382.704864", 
        "uri": "/audio/d78eba032a660a30fa17c7d2fe76f173b5fd8eb8?EI50bO9odzxd4Cks9Ekmz5hVn59JZXrTuYgN0spoW9pKe_WlMuovRk0z8NUAFUP0_0wEnkyntMP9MyhOUHz9QlvxXD1yxxOGa2z1gxqUo83os8Q2Qr3RWUAmUFWRb7m48_GMYmIgSbkcXPaCfA", 
        "user_agent": "Spotify-Unknown/0.71/0"
    }, 
    "1441462383.133662,CCXZyx1wAN1IA1S4o4": {
        "domain": "spotify.com", 
        "dst_ip": "93.184.215.151", 
        "dst_port": "80", 
        "headers": {
            "ACCEPT-ENCODING": "(empty)", 
            "CONNECTION": "keep-alive", 
            "HOST": "audio-ec.spotify.com", 
            "KEEP-ALIVE": "900", 
            "PRAGMA": "akamai-x-cache-on", 
            "RANGE": "bytes=1064960-1589247", 
            "USER-AGENT": "Spotify-Unknown/0.71/0"
        }, 
        "host": "audio-ec.spotify.com", 
        "is_host_ip": 0, 
        "label": 0, 
        "md5": null, 
        "method": "GET", 
        "package_name": "com.spotify.music", 
        "pii_types": null, 
        "platform": "android", 
        "post_body": "-", 
        "referrer": "-", 
        "src_ip": "10.11.2.3", 
        "src_port": "51765", 
        "tk_flag": 0, 
        "ts": "1441462383.133662", 
        "uri": "/audio/d78eba032a660a30fa17c7d2fe76f173b5fd8eb8?EI50bO9odzxd4Cks9Ekmz5hVn59JZXrTuYgN0spoW9pKe_WlMuovRk0z8NUAFUP0_0wEnkyntMP9MyhOUHz9QlvxXD1yxxOGa2z1gxqUo83os8Q2Qr3RWUAmUFWRb7m48_GMYmIgSbkcXPaCfA", 
        "user_agent": "Spotify-Unknown/0.71/0"
    }, 
    "1441462383.648156,CCXZyx1wAN1IA1S4o4": {
        "domain": "spotify.com", 
        "dst_ip": "93.184.215.151", 
        "dst_port": "80", 
        "headers": {
            "ACCEPT-ENCODING": "(empty)", 
            "CONNECTION": "keep-alive", 
            "HOST": "audio-ec.spotify.com", 
            "KEEP-ALIVE": "900", 
            "PRAGMA": "akamai-x-cache-on", 
            "RANGE": "bytes=1589248-2113535", 
            "USER-AGENT": "Spotify-Unknown/0.71/0"
        }, 
        "host": "audio-ec.spotify.com", 
        "is_host_ip": 0, 
        "label": 0, 
        "md5": null, 
        "method": "GET", 
        "package_name": "com.spotify.music", 
        "pii_types": null, 
        "platform": "android", 
        "post_body": "-", 
        "referrer": "-", 
        "src_ip": "10.11.2.3", 
        "src_port": "51765", 
        "tk_flag": 0, 
        "ts": "1441462383.648156", 
        "uri": "/audio/d78eba032a660a30fa17c7d2fe76f173b5fd8eb8?EI50bO9odzxd4Cks9Ekmz5hVn59JZXrTuYgN0spoW9pKe_WlMuovRk0z8NUAFUP0_0wEnkyntMP9MyhOUHz9QlvxXD1yxxOGa2z1gxqUo83os8Q2Qr3RWUAmUFWRb7m48_GMYmIgSbkcXPaCfA", 
        "user_agent": "Spotify-Unknown/0.71/0"
    }, 
    "1441462384.141519,CCXZyx1wAN1IA1S4o4": {
        "domain": "spotify.com", 
        "dst_ip": "93.184.215.151", 
        "dst_port": "80", 
        "headers": {
            "ACCEPT-ENCODING": "(empty)", 
            "CONNECTION": "keep-alive", 
            "HOST": "audio-ec.spotify.com", 
            "KEEP-ALIVE": "900", 
            "PRAGMA": "akamai-x-cache-on", 
            "RANGE": "bytes=2113536-2637823", 
            "USER-AGENT": "Spotify-Unknown/0.71/0"
        }, 
        "host": "audio-ec.spotify.com", 
        "is_host_ip": 0, 
        "label": 0, 
        "md5": null, 
        "method": "GET", 
        "package_name": "com.spotify.music", 
        "pii_types": null, 
        "platform": "android", 
        "post_body": "-", 
        "referrer": "-", 
        "src_ip": "10.11.2.3", 
        "src_port": "51765", 
        "tk_flag": 0, 
        "ts": "1441462384.141519", 
        "uri": "/audio/d78eba032a660a30fa17c7d2fe76f173b5fd8eb8?EI50bO9odzxd4Cks9Ekmz5hVn59JZXrTuYgN0spoW9pKe_WlMuovRk0z8NUAFUP0_0wEnkyntMP9MyhOUHz9QlvxXD1yxxOGa2z1gxqUo83os8Q2Qr3RWUAmUFWRb7m48_GMYmIgSbkcXPaCfA", 
        "user_agent": "Spotify-Unknown/0.71/0"
    }, 
    "1441462384.553840,CCXZyx1wAN1IA1S4o4": {
        "domain": "spotify.com", 
        "dst_ip": "93.184.215.151", 
        "dst_port": "80", 
        "headers": {
            "ACCEPT-ENCODING": "(empty)", 
            "CONNECTION": "keep-alive", 
            "HOST": "audio-ec.spotify.com", 
            "KEEP-ALIVE": "900", 
            "PRAGMA": "akamai-x-cache-on", 
            "RANGE": "bytes=2637824-3162111", 
            "USER-AGENT": "Spotify-Unknown/0.71/0"
        }, 
        "host": "audio-ec.spotify.com", 
        "is_host_ip": 0, 
        "label": 0, 
        "md5": null, 
        "method": "GET", 
        "package_name": "com.spotify.music", 
        "pii_types": null, 
        "platform": "android", 
        "post_body": "-", 
        "referrer": "-", 
        "src_ip": "10.11.2.3", 
        "src_port": "51765", 
        "tk_flag": 0, 
        "ts": "1441462384.553840", 
        "uri": "/audio/d78eba032a660a30fa17c7d2fe76f173b5fd8eb8?EI50bO9odzxd4Cks9Ekmz5hVn59JZXrTuYgN0spoW9pKe_WlMuovRk0z8NUAFUP0_0wEnkyntMP9MyhOUHz9QlvxXD1yxxOGa2z1gxqUo83os8Q2Qr3RWUAmUFWRb7m48_GMYmIgSbkcXPaCfA", 
        "user_agent": "Spotify-Unknown/0.71/0"
    }, 
    "1441462385.124259,CCXZyx1wAN1IA1S4o4": {
        "domain": "spotify.com", 
        "dst_ip": "93.184.215.151", 
        "dst_port": "80", 
        "headers": {
            "ACCEPT-ENCODING": "(empty)", 
            "CONNECTION": "keep-alive", 
            "HOST": "audio-ec.spotify.com", 
            "KEEP-ALIVE": "900", 
            "PRAGMA": "akamai-x-cache-on", 
            "RANGE": "bytes=3162112-3304055", 
            "USER-AGENT": "Spotify-Unknown/0.71/0"
        }, 
        "host": "audio-ec.spotify.com", 
        "is_host_ip": 0, 
        "label": 0, 
        "md5": null, 
        "method": "GET", 
        "package_name": "com.spotify.music", 
        "pii_types": null, 
        "platform": "android", 
        "post_body": "-", 
        "referrer": "-", 
        "src_ip": "10.11.2.3", 
        "src_port": "51765", 
        "tk_flag": 0, 
        "ts": "1441462385.124259", 
        "uri": "/audio/d78eba032a660a30fa17c7d2fe76f173b5fd8eb8?EI50bO9odzxd4Cks9Ekmz5hVn59JZXrTuYgN0spoW9pKe_WlMuovRk0z8NUAFUP0_0wEnkyntMP9MyhOUHz9QlvxXD1yxxOGa2z1gxqUo83os8Q2Qr3RWUAmUFWRb7m48_GMYmIgSbkcXPaCfA", 
        "user_agent": "Spotify-Unknown/0.71/0"
    }, 
    "1441462392.458014,CCXZyx1wAN1IA1S4o4": {
        "domain": "spotify.com", 
        "dst_ip": "93.184.215.151", 
        "dst_port": "80", 
        "headers": {
            "ACCEPT-ENCODING": "(empty)", 
            "CONNECTION": "keep-alive", 
            "HOST": "audio-ec.spotify.com", 
            "KEEP-ALIVE": "900", 
            "PRAGMA": "akamai-x-cache-on", 
            "RANGE": "bytes=0-524287", 
            "USER-AGENT": "Spotify-Unknown/0.71/0"
        }, 
        "host": "audio-ec.spotify.com", 
        "is_host_ip": 0, 
        "label": 0, 
        "md5": null, 
        "method": "GET", 
        "package_name": "com.spotify.music", 
        "pii_types": null, 
        "platform": "android", 
        "post_body": "-", 
        "referrer": "-", 
        "src_ip": "10.11.2.3", 
        "src_port": "51765", 
        "tk_flag": 0, 
        "ts": "1441462392.458014", 
        "uri": "/audio/54bebd9afd47eea3561ffe51990e056fb08b5857?-avy0fc8H9waQEjY6YERJMUmiEkLBkLLxlQAuqmu_QtBqhOxHhB1T_cadmSmt_2hOrQiYmdkBKVGxUnhppqJaUQUYxo0ZlpEFTyM3YT-iRc8E1E1rDhppda2sY5hX9iMNvD8CNF1OgkGdrFTkg", 
        "user_agent": "Spotify-Unknown/0.71/0"
    }, 
    "1441462394.861517,CCXZyx1wAN1IA1S4o4": {
        "domain": "spotify.com", 
        "dst_ip": "93.184.215.151", 
        "dst_port": "80", 
        "headers": {
            "ACCEPT-ENCODING": "(empty)", 
            "CONNECTION": "keep-alive", 
            "HOST": "audio-ec.spotify.com", 
            "KEEP-ALIVE": "900", 
            "PRAGMA": "akamai-x-cache-on", 
            "RANGE": "bytes=524288-1048575", 
            "USER-AGENT": "Spotify-Unknown/0.71/0"
        }, 
        "host": "audio-ec.spotify.com", 
        "is_host_ip": 0, 
        "label": 0, 
        "md5": null, 
        "method": "GET", 
        "package_name": "com.spotify.music", 
        "pii_types": null, 
        "platform": "android", 
        "post_body": "-", 
        "referrer": "-", 
        "src_ip": "10.11.2.3", 
        "src_port": "51765", 
        "tk_flag": 0, 
        "ts": "1441462394.861517", 
        "uri": "/audio/54bebd9afd47eea3561ffe51990e056fb08b5857?-avy0fc8H9waQEjY6YERJMUmiEkLBkLLxlQAuqmu_QtBqhOxHhB1T_cadmSmt_2hOrQiYmdkBKVGxUnhppqJaUQUYxo0ZlpEFTyM3YT-iRc8E1E1rDhppda2sY5hX9iMNvD8CNF1OgkGdrFTkg", 
        "user_agent": "Spotify-Unknown/0.71/0"
    }, 
    "1441462396.919419,CCXZyx1wAN1IA1S4o4": {
        "domain": "spotify.com", 
        "dst_ip": "93.184.215.151", 
        "dst_port": "80", 
        "headers": {
            "ACCEPT-ENCODING": "(empty)", 
            "CONNECTION": "keep-alive", 
            "HOST": "audio-ec.spotify.com", 
            "KEEP-ALIVE": "900", 
            "PRAGMA": "akamai-x-cache-on", 
            "RANGE": "bytes=1048576-1572863", 
            "USER-AGENT": "Spotify-Unknown/0.71/0"
        }, 
        "host": "audio-ec.spotify.com", 
        "is_host_ip": 0, 
        "label": 0, 
        "md5": null, 
        "method": "GET", 
        "package_name": "com.spotify.music", 
        "pii_types": null, 
        "platform": "android", 
        "post_body": "-", 
        "referrer": "-", 
        "src_ip": "10.11.2.3", 
        "src_port": "51765", 
        "tk_flag": 0, 
        "ts": "1441462396.919419", 
        "uri": "/audio/54bebd9afd47eea3561ffe51990e056fb08b5857?-avy0fc8H9waQEjY6YERJMUmiEkLBkLLxlQAuqmu_QtBqhOxHhB1T_cadmSmt_2hOrQiYmdkBKVGxUnhppqJaUQUYxo0ZlpEFTyM3YT-iRc8E1E1rDhppda2sY5hX9iMNvD8CNF1OgkGdrFTkg", 
        "user_agent": "Spotify-Unknown/0.71/0"
    }, 
    "1441462398.623312,CCXZyx1wAN1IA1S4o4": {
        "domain": "spotify.com", 
        "dst_ip": "93.184.215.151", 
        "dst_port": "80", 
        "headers": {
            "ACCEPT-ENCODING": "(empty)", 
            "CONNECTION": "keep-alive", 
            "HOST": "audio-ec.spotify.com", 
            "KEEP-ALIVE": "900", 
            "PRAGMA": "akamai-x-cache-on", 
            "RANGE": "bytes=1572864-2097151", 
            "USER-AGENT": "Spotify-Unknown/0.71/0"
        }, 
        "host": "audio-ec.spotify.com", 
        "is_host_ip": 0, 
        "label": 0, 
        "md5": null, 
        "method": "GET", 
        "package_name": "com.spotify.music", 
        "pii_types": null, 
        "platform": "android", 
        "post_body": "-", 
        "referrer": "-", 
        "src_ip": "10.11.2.3", 
        "src_port": "51765", 
        "tk_flag": 0, 
        "ts": "1441462398.623312", 
        "uri": "/audio/54bebd9afd47eea3561ffe51990e056fb08b5857?-avy0fc8H9waQEjY6YERJMUmiEkLBkLLxlQAuqmu_QtBqhOxHhB1T_cadmSmt_2hOrQiYmdkBKVGxUnhppqJaUQUYxo0ZlpEFTyM3YT-iRc8E1E1rDhppda2sY5hX9iMNvD8CNF1OgkGdrFTkg", 
        "user_agent": "Spotify-Unknown/0.71/0"
    }, 
    "1441462400.452079,CCXZyx1wAN1IA1S4o4": {
        "domain": "spotify.com", 
        "dst_ip": "93.184.215.151", 
        "dst_port": "80", 
        "headers": {
            "ACCEPT-ENCODING": "(empty)", 
            "CONNECTION": "keep-alive", 
            "HOST": "audio-ec.spotify.com", 
            "KEEP-ALIVE": "900", 
            "PRAGMA": "akamai-x-cache-on", 
            "RANGE": "bytes=2097152-2621439", 
            "USER-AGENT": "Spotify-Unknown/0.71/0"
        }, 
        "host": "audio-ec.spotify.com", 
        "is_host_ip": 0, 
        "label": 0, 
        "md5": null, 
        "method": "GET", 
        "package_name": "com.spotify.music", 
        "pii_types": null, 
        "platform": "android", 
        "post_body": "-", 
        "referrer": "-", 
        "src_ip": "10.11.2.3", 
        "src_port": "51765", 
        "tk_flag": 0, 
        "ts": "1441462400.452079", 
        "uri": "/audio/54bebd9afd47eea3561ffe51990e056fb08b5857?-avy0fc8H9waQEjY6YERJMUmiEkLBkLLxlQAuqmu_QtBqhOxHhB1T_cadmSmt_2hOrQiYmdkBKVGxUnhppqJaUQUYxo0ZlpEFTyM3YT-iRc8E1E1rDhppda2sY5hX9iMNvD8CNF1OgkGdrFTkg", 
        "user_agent": "Spotify-Unknown/0.71/0"
    }, 
    "1441462400.900178,CDuL012Di0VCXKSNr8": {
        "domain": "edgesuite.net", 
        "dst_ip": "23.0.160.59", 
        "dst_port": "80", 
        "headers": {
            "ACCEPT-ENCODING": "(empty)", 
            "CONNECTION": "keep-alive", 
            "HOST": "heads-ak.spotify.com.edgesuite.net", 
            "KEEP-ALIVE": "900", 
            "PRAGMA": "akamai-x-cache-on", 
            "USER-AGENT": "Spotify-Unknown/0.71/0"
        }, 
        "host": "heads-ak.spotify.com.edgesuite.net", 
        "is_host_ip": 0, 
        "label": 0, 
        "md5": null, 
        "method": "GET", 
        "package_name": "com.spotify.music", 
        "pii_types": null, 
        "platform": "android", 
        "post_body": "-", 
        "referrer": "-", 
        "src_ip": "10.11.2.3", 
        "src_port": "52537", 
        "tk_flag": 1, 
        "ts": "1441462400.900178", 
        "uri": "/head/dd659f5a2fe1ee049d6508b428476fc341d4e7b6", 
        "user_agent": "Spotify-Unknown/0.71/0"
    }, 
    "1441462401.213347,CyUpXluWiCrO0gUF2": {
        "domain": "spotify.com", 
        "dst_ip": "93.184.215.151", 
        "dst_port": "80", 
        "headers": {
            "ACCEPT-ENCODING": "(empty)", 
            "CONNECTION": "keep-alive", 
            "HOST": "audio-ec.spotify.com", 
            "KEEP-ALIVE": "900", 
            "PRAGMA": "akamai-x-cache-on", 
            "RANGE": "bytes=0-524287", 
            "USER-AGENT": "Spotify-Unknown/0.71/0"
        }, 
        "host": "audio-ec.spotify.com", 
        "is_host_ip": 0, 
        "label": 0, 
        "md5": null, 
        "method": "GET", 
        "package_name": "com.spotify.music", 
        "pii_types": null, 
        "platform": "android", 
        "post_body": "-", 
        "referrer": "-", 
        "src_ip": "10.11.2.3", 
        "src_port": "51766", 
        "tk_flag": 0, 
        "ts": "1441462401.213347", 
        "uri": "/audio/dd659f5a2fe1ee049d6508b428476fc341d4e7b6?H-cpIFBES3bwS1f-vhhHXct1bLxiGtEuiz1pJ-6ZX3q7hEmo4R6suA1fSZ4V9UyG7V_TJpf0JJU6zwLlsUk2behZW6cKt6XARxgYlSq3Lb78aBKIa71o1Ulf-X3hJto5DybOwqkx448k1JTuqA", 
        "user_agent": "Spotify-Unknown/0.71/0"
    }, 
    "1441462403.529503,CyUpXluWiCrO0gUF2": {
        "domain": "spotify.com", 
        "dst_ip": "93.184.215.151", 
        "dst_port": "80", 
        "headers": {
            "ACCEPT-ENCODING": "(empty)", 
            "CONNECTION": "keep-alive", 
            "HOST": "audio-ec.spotify.com", 
            "KEEP-ALIVE": "900", 
            "PRAGMA": "akamai-x-cache-on", 
            "RANGE": "bytes=524288-1048575", 
            "USER-AGENT": "Spotify-Unknown/0.71/0"
        }, 
        "host": "audio-ec.spotify.com", 
        "is_host_ip": 0, 
        "label": 0, 
        "md5": null, 
        "method": "GET", 
        "package_name": "com.spotify.music", 
        "pii_types": null, 
        "platform": "android", 
        "post_body": "-", 
        "referrer": "-", 
        "src_ip": "10.11.2.3", 
        "src_port": "51766", 
        "tk_flag": 0, 
        "ts": "1441462403.529503", 
        "uri": "/audio/dd659f5a2fe1ee049d6508b428476fc341d4e7b6?H-cpIFBES3bwS1f-vhhHXct1bLxiGtEuiz1pJ-6ZX3q7hEmo4R6suA1fSZ4V9UyG7V_TJpf0JJU6zwLlsUk2behZW6cKt6XARxgYlSq3Lb78aBKIa71o1Ulf-X3hJto5DybOwqkx448k1JTuqA", 
        "user_agent": "Spotify-Unknown/0.71/0"
    }, 
    "1441462405.519129,CyUpXluWiCrO0gUF2": {
        "domain": "spotify.com", 
        "dst_ip": "93.184.215.151", 
        "dst_port": "80", 
        "headers": {
            "ACCEPT-ENCODING": "(empty)", 
            "CONNECTION": "keep-alive", 
            "HOST": "audio-ec.spotify.com", 
            "KEEP-ALIVE": "900", 
            "PRAGMA": "akamai-x-cache-on", 
            "RANGE": "bytes=1048576-1241267", 
            "USER-AGENT": "Spotify-Unknown/0.71/0"
        }, 
        "host": "audio-ec.spotify.com", 
        "is_host_ip": 0, 
        "label": 0, 
        "md5": null, 
        "method": "GET", 
        "package_name": "com.spotify.music", 
        "pii_types": null, 
        "platform": "android", 
        "post_body": "-", 
        "referrer": "-", 
        "src_ip": "10.11.2.3", 
        "src_port": "51766", 
        "tk_flag": 0, 
        "ts": "1441462405.519129", 
        "uri": "/audio/dd659f5a2fe1ee049d6508b428476fc341d4e7b6?H-cpIFBES3bwS1f-vhhHXct1bLxiGtEuiz1pJ-6ZX3q7hEmo4R6suA1fSZ4V9UyG7V_TJpf0JJU6zwLlsUk2behZW6cKt6XARxgYlSq3Lb78aBKIa71o1Ulf-X3hJto5DybOwqkx448k1JTuqA", 
        "user_agent": "Spotify-Unknown/0.71/0"
    }, 
    "1441462411.892751,CyUpXluWiCrO0gUF2": {
        "domain": "spotify.com", 
        "dst_ip": "93.184.215.151", 
        "dst_port": "80", 
        "headers": {
            "ACCEPT-ENCODING": "(empty)", 
            "CONNECTION": "keep-alive", 
            "HOST": "audio-ec.spotify.com", 
            "KEEP-ALIVE": "900", 
            "PRAGMA": "akamai-x-cache-on", 
            "RANGE": "bytes=0-524287", 
            "USER-AGENT": "Spotify-Unknown/0.71/0"
        }, 
        "host": "audio-ec.spotify.com", 
        "is_host_ip": 0, 
        "label": 0, 
        "md5": null, 
        "method": "GET", 
        "package_name": "com.spotify.music", 
        "pii_types": null, 
        "platform": "android", 
        "post_body": "-", 
        "referrer": "-", 
        "src_ip": "10.11.2.3", 
        "src_port": "51766", 
        "tk_flag": 0, 
        "ts": "1441462411.892751", 
        "uri": "/audio/b3fddb3c8eafb914af3c1a354f535e4389105da9?veBS1Y7okAHGbDhHC6C1FXZUxnBmUhAPWDpwqHO4Q6oP4Xh4B68goakBE_8NIdmmCHb-mqGE_jZJciM2UHNjJG44DSq6wOgtUy8I3VoANhlv72vCT31DdVh01bMRuGk3xBCAHAyrsjqX2RtNYg", 
        "user_agent": "Spotify-Unknown/0.71/0"
    }, 
    "1441462414.185660,CyUpXluWiCrO0gUF2": {
        "domain": "spotify.com", 
        "dst_ip": "93.184.215.151", 
        "dst_port": "80", 
        "headers": {
            "ACCEPT-ENCODING": "(empty)", 
            "CONNECTION": "keep-alive", 
            "HOST": "audio-ec.spotify.com", 
            "KEEP-ALIVE": "900", 
            "PRAGMA": "akamai-x-cache-on", 
            "RANGE": "bytes=524288-882527", 
            "USER-AGENT": "Spotify-Unknown/0.71/0"
        }, 
        "host": "audio-ec.spotify.com", 
        "is_host_ip": 0, 
        "label": 0, 
        "md5": null, 
        "method": "GET", 
        "package_name": "com.spotify.music", 
        "pii_types": null, 
        "platform": "android", 
        "post_body": "-", 
        "referrer": "-", 
        "src_ip": "10.11.2.3", 
        "src_port": "51766", 
        "tk_flag": 0, 
        "ts": "1441462414.185660", 
        "uri": "/audio/b3fddb3c8eafb914af3c1a354f535e4389105da9?veBS1Y7okAHGbDhHC6C1FXZUxnBmUhAPWDpwqHO4Q6oP4Xh4B68goakBE_8NIdmmCHb-mqGE_jZJciM2UHNjJG44DSq6wOgtUy8I3VoANhlv72vCT31DdVh01bMRuGk3xBCAHAyrsjqX2RtNYg", 
        "user_agent": "Spotify-Unknown/0.71/0"
    }, 
    "1441462505.514646,C2HIdanMe55aPRdt": {
        "domain": "spotify.com", 
        "dst_ip": "93.184.215.151", 
        "dst_port": "80", 
        "headers": {
            "ACCEPT-ENCODING": "(empty)", 
            "CONNECTION": "keep-alive", 
            "HOST": "audio-ec.spotify.com", 
            "KEEP-ALIVE": "900", 
            "PRAGMA": "akamai-x-cache-on", 
            "RANGE": "bytes=0-524287", 
            "USER-AGENT": "Spotify-Unknown/0.71/0"
        }, 
        "host": "audio-ec.spotify.com", 
        "is_host_ip": 0, 
        "label": 0, 
        "md5": null, 
        "method": "GET", 
        "package_name": "com.spotify.music", 
        "pii_types": null, 
        "platform": "android", 
        "post_body": "-", 
        "referrer": "-", 
        "src_ip": "10.11.2.3", 
        "src_port": "51767", 
        "tk_flag": 0, 
        "ts": "1441462505.514646", 
        "uri": "/audio/4a7a15b87ea9a4229c993e35d518b3df9e2a9066?zQEEmMbp7R9Xf25rvZp0186TM9Fe3wfxySKvakwbuwZtJMGIQd6r-7dndo0ZvlaouESU3NvmScSNpu2sRbJNcSqDtqBX0X8wwpWPBWdyvX0ji8JkETY9wK3wyE1BpLJ5YYdoGAIRG6duEDupRw", 
        "user_agent": "Spotify-Unknown/0.71/0"
    }, 
    "1441462506.483044,C2HIdanMe55aPRdt": {
        "domain": "spotify.com", 
        "dst_ip": "93.184.215.151", 
        "dst_port": "80", 
        "headers": {
            "ACCEPT-ENCODING": "(empty)", 
            "CONNECTION": "keep-alive", 
            "HOST": "audio-ec.spotify.com", 
            "KEEP-ALIVE": "900", 
            "PRAGMA": "akamai-x-cache-on", 
            "RANGE": "bytes=524288-1048575", 
            "USER-AGENT": "Spotify-Unknown/0.71/0"
        }, 
        "host": "audio-ec.spotify.com", 
        "is_host_ip": 0, 
        "label": 0, 
        "md5": null, 
        "method": "GET", 
        "package_name": "com.spotify.music", 
        "pii_types": null, 
        "platform": "android", 
        "post_body": "-", 
        "referrer": "-", 
        "src_ip": "10.11.2.3", 
        "src_port": "51767", 
        "tk_flag": 0, 
        "ts": "1441462506.483044", 
        "uri": "/audio/4a7a15b87ea9a4229c993e35d518b3df9e2a9066?zQEEmMbp7R9Xf25rvZp0186TM9Fe3wfxySKvakwbuwZtJMGIQd6r-7dndo0ZvlaouESU3NvmScSNpu2sRbJNcSqDtqBX0X8wwpWPBWdyvX0ji8JkETY9wK3wyE1BpLJ5YYdoGAIRG6duEDupRw", 
        "user_agent": "Spotify-Unknown/0.71/0"
    }, 
    "1441462507.410604,C2HIdanMe55aPRdt": {
        "domain": "spotify.com", 
        "dst_ip": "93.184.215.151", 
        "dst_port": "80", 
        "headers": {
            "ACCEPT-ENCODING": "(empty)", 
            "CONNECTION": "keep-alive", 
            "HOST": "audio-ec.spotify.com", 
            "KEEP-ALIVE": "900", 
            "PRAGMA": "akamai-x-cache-on", 
            "RANGE": "bytes=1048576-1214651", 
            "USER-AGENT": "Spotify-Unknown/0.71/0"
        }, 
        "host": "audio-ec.spotify.com", 
        "is_host_ip": 0, 
        "label": 0, 
        "md5": null, 
        "method": "GET", 
        "package_name": "com.spotify.music", 
        "pii_types": null, 
        "platform": "android", 
        "post_body": "-", 
        "referrer": "-", 
        "src_ip": "10.11.2.3", 
        "src_port": "51767", 
        "tk_flag": 0, 
        "ts": "1441462507.410604", 
        "uri": "/audio/4a7a15b87ea9a4229c993e35d518b3df9e2a9066?zQEEmMbp7R9Xf25rvZp0186TM9Fe3wfxySKvakwbuwZtJMGIQd6r-7dndo0ZvlaouESU3NvmScSNpu2sRbJNcSqDtqBX0X8wwpWPBWdyvX0ji8JkETY9wK3wyE1BpLJ5YYdoGAIRG6duEDupRw", 
        "user_agent": "Spotify-Unknown/0.71/0"
    }, 
    "1441462507.932859,C2HIdanMe55aPRdt": {
        "domain": "spotify.com", 
        "dst_ip": "93.184.215.151", 
        "dst_port": "80", 
        "headers": {
            "ACCEPT-ENCODING": "(empty)", 
            "CONNECTION": "keep-alive", 
            "HOST": "audio-ec.spotify.com", 
            "KEEP-ALIVE": "900", 
            "PRAGMA": "akamai-x-cache-on", 
            "RANGE": "bytes=0-524287", 
            "USER-AGENT": "Spotify-Unknown/0.71/0"
        }, 
        "host": "audio-ec.spotify.com", 
        "is_host_ip": 0, 
        "label": 0, 
        "md5": null, 
        "method": "GET", 
        "package_name": "com.spotify.music", 
        "pii_types": null, 
        "platform": "android", 
        "post_body": "-", 
        "referrer": "-", 
        "src_ip": "10.11.2.3", 
        "src_port": "51767", 
        "tk_flag": 0, 
        "ts": "1441462507.932859", 
        "uri": "/audio/204dc616f9dbc92c2d36646b8f074045b2bc01fc?3k1o4QlgU2QcIpbu--9YdXlJQehRFsgrRaEa47ZzKIQbjeiVKP3gEH6PQMM-4Ri1d28IBbW-IiJnZF3JB9bz1JlpRp_T_xV5cAW-NbrsvjW5HGezkRiwTaXmDOtGoea0nZMVxON1t5j7Zs7jAg", 
        "user_agent": "Spotify-Unknown/0.71/0"
    }, 
    "1441462509.026176,C2HIdanMe55aPRdt": {
        "domain": "spotify.com", 
        "dst_ip": "93.184.215.151", 
        "dst_port": "80", 
        "headers": {
            "ACCEPT-ENCODING": "(empty)", 
            "CONNECTION": "keep-alive", 
            "HOST": "audio-ec.spotify.com", 
            "KEEP-ALIVE": "900", 
            "PRAGMA": "akamai-x-cache-on", 
            "RANGE": "bytes=524288-1048575", 
            "USER-AGENT": "Spotify-Unknown/0.71/0"
        }, 
        "host": "audio-ec.spotify.com", 
        "is_host_ip": 0, 
        "label": 0, 
        "md5": null, 
        "method": "GET", 
        "package_name": "com.spotify.music", 
        "pii_types": null, 
        "platform": "android", 
        "post_body": "-", 
        "referrer": "-", 
        "src_ip": "10.11.2.3", 
        "src_port": "51767", 
        "tk_flag": 0, 
        "ts": "1441462509.026176", 
        "uri": "/audio/204dc616f9dbc92c2d36646b8f074045b2bc01fc?3k1o4QlgU2QcIpbu--9YdXlJQehRFsgrRaEa47ZzKIQbjeiVKP3gEH6PQMM-4Ri1d28IBbW-IiJnZF3JB9bz1JlpRp_T_xV5cAW-NbrsvjW5HGezkRiwTaXmDOtGoea0nZMVxON1t5j7Zs7jAg", 
        "user_agent": "Spotify-Unknown/0.71/0"
    }, 
    "1441462510.606976,C2HIdanMe55aPRdt": {
        "domain": "spotify.com", 
        "dst_ip": "93.184.215.151", 
        "dst_port": "80", 
        "headers": {
            "ACCEPT-ENCODING": "(empty)", 
            "CONNECTION": "keep-alive", 
            "HOST": "audio-ec.spotify.com", 
            "KEEP-ALIVE": "900", 
            "PRAGMA": "akamai-x-cache-on", 
            "RANGE": "bytes=1048576-1101339", 
            "USER-AGENT": "Spotify-Unknown/0.71/0"
        }, 
        "host": "audio-ec.spotify.com", 
        "is_host_ip": 0, 
        "label": 0, 
        "md5": null, 
        "method": "GET", 
        "package_name": "com.spotify.music", 
        "pii_types": null, 
        "platform": "android", 
        "post_body": "-", 
        "referrer": "-", 
        "src_ip": "10.11.2.3", 
        "src_port": "51767", 
        "tk_flag": 0, 
        "ts": "1441462510.606976", 
        "uri": "/audio/204dc616f9dbc92c2d36646b8f074045b2bc01fc?3k1o4QlgU2QcIpbu--9YdXlJQehRFsgrRaEa47ZzKIQbjeiVKP3gEH6PQMM-4Ri1d28IBbW-IiJnZF3JB9bz1JlpRp_T_xV5cAW-NbrsvjW5HGezkRiwTaXmDOtGoea0nZMVxON1t5j7Zs7jAg", 
        "user_agent": "Spotify-Unknown/0.71/0"
    }, 
    "1441462523.985077,C2HIdanMe55aPRdt": {
        "domain": "spotify.com", 
        "dst_ip": "93.184.215.151", 
        "dst_port": "80", 
        "headers": {
            "ACCEPT-ENCODING": "(empty)", 
            "CONNECTION": "keep-alive", 
            "HOST": "audio-ec.spotify.com", 
            "KEEP-ALIVE": "900", 
            "PRAGMA": "akamai-x-cache-on", 
            "RANGE": "bytes=0-524287", 
            "USER-AGENT": "Spotify-Unknown/0.71/0"
        }, 
        "host": "audio-ec.spotify.com", 
        "is_host_ip": 0, 
        "label": 0, 
        "md5": null, 
        "method": "GET", 
        "package_name": "com.spotify.music", 
        "pii_types": null, 
        "platform": "android", 
        "post_body": "-", 
        "referrer": "-", 
        "src_ip": "10.11.2.3", 
        "src_port": "51767", 
        "tk_flag": 0, 
        "ts": "1441462523.985077", 
        "uri": "/audio/bf5f21adf5679a31c4b54acfdaee9a6f400737af?6jd3sDDBNgEjCuwnrUeoyXn6hgYm3RxQ2nSL_YFL8k30bqxjhkxR6S_5F5QRnbAOi0FFKuEKvlvdnM9yULPqK6C4nY084lmOVG9HysQBlu3TSZWYKUgqN57MdcJ1HxYFhhAsdIanWRrtJLEP9Q", 
        "user_agent": "Spotify-Unknown/0.71/0"
    }, 
    "1441462525.379273,C2HIdanMe55aPRdt": {
        "domain": "spotify.com", 
        "dst_ip": "93.184.215.151", 
        "dst_port": "80", 
        "headers": {
            "ACCEPT-ENCODING": "(empty)", 
            "CONNECTION": "keep-alive", 
            "HOST": "audio-ec.spotify.com", 
            "KEEP-ALIVE": "900", 
            "PRAGMA": "akamai-x-cache-on", 
            "RANGE": "bytes=524288-1048575", 
            "USER-AGENT": "Spotify-Unknown/0.71/0"
        }, 
        "host": "audio-ec.spotify.com", 
        "is_host_ip": 0, 
        "label": 0, 
        "md5": null, 
        "method": "GET", 
        "package_name": "com.spotify.music", 
        "pii_types": null, 
        "platform": "android", 
        "post_body": "-", 
        "referrer": "-", 
        "src_ip": "10.11.2.3", 
        "src_port": "51767", 
        "tk_flag": 0, 
        "ts": "1441462525.379273", 
        "uri": "/audio/bf5f21adf5679a31c4b54acfdaee9a6f400737af?GvzAOvdRaFAsw5h4yV5T4ckUoyElwdMTPoy0SGHNDjfYMip7rHPwR3C7MSKYNqUWwOplFZ_LRTdKYcX392fO52aElrqbyxQMcyu0uXAcszP_yqsrez956qp5OInv10qjTB7UPnZaX6MZqXf9ag", 
        "user_agent": "Spotify-Unknown/0.71/0"
    }, 
    "1441462526.291329,Ck13Nm3xOFJffrzDI9": {
        "domain": "spotify.com", 
        "dst_ip": "93.184.215.151", 
        "dst_port": "80", 
        "headers": {
            "ACCEPT-ENCODING": "(empty)", 
            "CONNECTION": "keep-alive", 
            "HOST": "audio-ec.spotify.com", 
            "KEEP-ALIVE": "900", 
            "PRAGMA": "akamai-x-cache-on", 
            "RANGE": "bytes=0-524287", 
            "USER-AGENT": "Spotify-Unknown/0.71/0"
        }, 
        "host": "audio-ec.spotify.com", 
        "is_host_ip": 0, 
        "label": 0, 
        "md5": null, 
        "method": "GET", 
        "package_name": "com.spotify.music", 
        "pii_types": null, 
        "platform": "android", 
        "post_body": "-", 
        "referrer": "-", 
        "src_ip": "10.11.2.3", 
        "src_port": "51768", 
        "tk_flag": 0, 
        "ts": "1441462526.291329", 
        "uri": "/audio/fe9c6b4cb675a327745b85bc50bf80d3f323674b?yQa6PhqcAL8s1ddxiyqyXR70rZ7KW78APjcx5Pk8GDOqhcpk7Lrx78Ws3kX8gq3lZLIpPq6FeBvKtnr3ZH9eAid9FgeO3Zz_phnVJD3b4TLEqPK6WNVgsg6fRZxQUwF0lUzQ1K1oCmJPp_wALg", 
        "user_agent": "Spotify-Unknown/0.71/0"
    }, 
    "1441462526.458047,CDuL012Di0VCXKSNr8": {
        "domain": "edgesuite.net", 
        "dst_ip": "23.0.160.59", 
        "dst_port": "80", 
        "headers": {
            "ACCEPT-ENCODING": "(empty)", 
            "CONNECTION": "keep-alive", 
            "HOST": "heads-ak.spotify.com.edgesuite.net", 
            "KEEP-ALIVE": "900", 
            "PRAGMA": "akamai-x-cache-on", 
            "USER-AGENT": "Spotify-Unknown/0.71/0"
        }, 
        "host": "heads-ak.spotify.com.edgesuite.net", 
        "is_host_ip": 0, 
        "label": 0, 
        "md5": null, 
        "method": "GET", 
        "package_name": "com.spotify.music", 
        "pii_types": null, 
        "platform": "android", 
        "post_body": "-", 
        "referrer": "-", 
        "src_ip": "10.11.2.3", 
        "src_port": "52537", 
        "tk_flag": 1, 
        "ts": "1441462526.458047", 
        "uri": "/head/fe9c6b4cb675a327745b85bc50bf80d3f323674b", 
        "user_agent": "Spotify-Unknown/0.71/0"
    }, 
    "1441462527.832019,CU25PZ1TBtGEl8qqS": {
        "domain": "spotify.com", 
        "dst_ip": "93.184.215.151", 
        "dst_port": "80", 
        "headers": {
            "ACCEPT-ENCODING": "(empty)", 
            "CONNECTION": "keep-alive", 
            "HOST": "audio-ec.spotify.com", 
            "KEEP-ALIVE": "900", 
            "PRAGMA": "akamai-x-cache-on", 
            "RANGE": "bytes=0-524287", 
            "USER-AGENT": "Spotify-Unknown/0.71/0"
        }, 
        "host": "audio-ec.spotify.com", 
        "is_host_ip": 0, 
        "label": 0, 
        "md5": null, 
        "method": "GET", 
        "package_name": "com.spotify.music", 
        "pii_types": null, 
        "platform": "android", 
        "post_body": "-", 
        "referrer": "-", 
        "src_ip": "10.11.2.3", 
        "src_port": "51769", 
        "tk_flag": 0, 
        "ts": "1441462527.832019", 
        "uri": "/audio/de9ed0e50f4017ed535047c3c3881830321e1cc9?tm92_Zww9mjgKgWcrv-LmZFa6T_3vAn72FR7ikhm5pCiSNt4oJ3dMcqIiFAFRB2bjgFz_wyDTTmx6j0etb5IIt1YtddSrYv_U5Tmy-8gKK6MR2fOmckVxjFHnRa713QpdDCegB-xXmQyxdA2Pg", 
        "user_agent": "Spotify-Unknown/0.71/0"
    }, 
    "1441462528.261691,CDuL012Di0VCXKSNr8": {
        "domain": "edgesuite.net", 
        "dst_ip": "23.0.160.59", 
        "dst_port": "80", 
        "headers": {
            "ACCEPT-ENCODING": "(empty)", 
            "CONNECTION": "keep-alive", 
            "HOST": "heads-ak.spotify.com.edgesuite.net", 
            "KEEP-ALIVE": "900", 
            "PRAGMA": "akamai-x-cache-on", 
            "USER-AGENT": "Spotify-Unknown/0.71/0"
        }, 
        "host": "heads-ak.spotify.com.edgesuite.net", 
        "is_host_ip": 0, 
        "label": 0, 
        "md5": null, 
        "method": "GET", 
        "package_name": "com.spotify.music", 
        "pii_types": null, 
        "platform": "android", 
        "post_body": "-", 
        "referrer": "-", 
        "src_ip": "10.11.2.3", 
        "src_port": "52537", 
        "tk_flag": 1, 
        "ts": "1441462528.261691", 
        "uri": "/head/de9ed0e50f4017ed535047c3c3881830321e1cc9", 
        "user_agent": "Spotify-Unknown/0.71/0"
    }, 
    "1441462528.627136,CyzZYodnHCLUTHZg2": {
        "domain": "spotify.com", 
        "dst_ip": "93.184.215.151", 
        "dst_port": "80", 
        "headers": {
            "ACCEPT-ENCODING": "(empty)", 
            "CONNECTION": "keep-alive", 
            "HOST": "audio-ec.spotify.com", 
            "KEEP-ALIVE": "900", 
            "PRAGMA": "akamai-x-cache-on", 
            "RANGE": "bytes=0-524287", 
            "USER-AGENT": "Spotify-Unknown/0.71/0"
        }, 
        "host": "audio-ec.spotify.com", 
        "is_host_ip": 0, 
        "label": 0, 
        "md5": null, 
        "method": "GET", 
        "package_name": "com.spotify.music", 
        "pii_types": null, 
        "platform": "android", 
        "post_body": "-", 
        "referrer": "-", 
        "src_ip": "10.11.2.3", 
        "src_port": "51770", 
        "tk_flag": 0, 
        "ts": "1441462528.627136", 
        "uri": "/audio/39172449e729eff3d987485b5481eebea27a945a?QsZFm6bIxBkF6RchQBN1zekvpAt45USHJqxUAwyfkdfSgW4GZO9d4eNYhBWJqwz1RuMvGGMe98KyayHGI9dwBSUXVlSRQCZs9Hz5qdYY2fMRY5Y7rBvhp1cUgQilV9SzjeS5mLvS1YSrEPETjQ", 
        "user_agent": "Spotify-Unknown/0.71/0"
    }, 
    "1441462529.339650,Cjqb775bt05gvnJm8": {
        "domain": "edgesuite.net", 
        "dst_ip": "23.0.160.59", 
        "dst_port": "80", 
        "headers": {
            "ACCEPT-ENCODING": "(empty)", 
            "CONNECTION": "keep-alive", 
            "HOST": "heads-ak.spotify.com.edgesuite.net", 
            "KEEP-ALIVE": "900", 
            "PRAGMA": "akamai-x-cache-on", 
            "USER-AGENT": "Spotify-Unknown/0.71/0"
        }, 
        "host": "heads-ak.spotify.com.edgesuite.net", 
        "is_host_ip": 0, 
        "label": 0, 
        "md5": null, 
        "method": "GET", 
        "package_name": "com.spotify.music", 
        "pii_types": null, 
        "platform": "android", 
        "post_body": "-", 
        "referrer": "-", 
        "src_ip": "10.11.2.3", 
        "src_port": "52546", 
        "tk_flag": 1, 
        "ts": "1441462529.339650", 
        "uri": "/head/39172449e729eff3d987485b5481eebea27a945a", 
        "user_agent": "Spotify-Unknown/0.71/0"
    }, 
    "1441462529.984674,CyzZYodnHCLUTHZg2": {
        "domain": "spotify.com", 
        "dst_ip": "93.184.215.151", 
        "dst_port": "80", 
        "headers": {
            "ACCEPT-ENCODING": "(empty)", 
            "CONNECTION": "keep-alive", 
            "HOST": "audio-ec.spotify.com", 
            "KEEP-ALIVE": "900", 
            "PRAGMA": "akamai-x-cache-on", 
            "RANGE": "bytes=524288-865263", 
            "USER-AGENT": "Spotify-Unknown/0.71/0"
        }, 
        "host": "audio-ec.spotify.com", 
        "is_host_ip": 0, 
        "label": 0, 
        "md5": null, 
        "method": "GET", 
        "package_name": "com.spotify.music", 
        "pii_types": null, 
        "platform": "android", 
        "post_body": "-", 
        "referrer": "-", 
        "src_ip": "10.11.2.3", 
        "src_port": "51770", 
        "tk_flag": 0, 
        "ts": "1441462529.984674", 
        "uri": "/audio/39172449e729eff3d987485b5481eebea27a945a?QsZFm6bIxBkF6RchQBN1zekvpAt45USHJqxUAwyfkdfSgW4GZO9d4eNYhBWJqwz1RuMvGGMe98KyayHGI9dwBSUXVlSRQCZs9Hz5qdYY2fMRY5Y7rBvhp1cUgQilV9SzjeS5mLvS1YSrEPETjQ", 
        "user_agent": "Spotify-Unknown/0.71/0"
    }, 
    "1441462538.700689,CyzZYodnHCLUTHZg2": {
        "domain": "spotify.com", 
        "dst_ip": "93.184.215.151", 
        "dst_port": "80", 
        "headers": {
            "ACCEPT-ENCODING": "(empty)", 
            "CONNECTION": "keep-alive", 
            "HOST": "audio-ec.spotify.com", 
            "KEEP-ALIVE": "900", 
            "PRAGMA": "akamai-x-cache-on", 
            "RANGE": "bytes=0-524287", 
            "USER-AGENT": "Spotify-Unknown/0.71/0"
        }, 
        "host": "audio-ec.spotify.com", 
        "is_host_ip": 0, 
        "label": 0, 
        "md5": null, 
        "method": "GET", 
        "package_name": "com.spotify.music", 
        "pii_types": null, 
        "platform": "android", 
        "post_body": "-", 
        "referrer": "-", 
        "src_ip": "10.11.2.3", 
        "src_port": "51770", 
        "tk_flag": 0, 
        "ts": "1441462538.700689", 
        "uri": "/audio/3364fc14be28f8c576877f8bcaa2f767d0ef3322?m1rFqcAPRJEpyXgHaFQiC_-Cehia_C2ut-NMtDFXKZWDRz_uqCZVSJlvVUY8FV9RQe3U8lOAdSqtmw2osTHurVP4h3qc47IASiiSdk_z1OpYAHfkJx2ZzThW2rdMI72P6LS9GkOJCt8lILw7pQ", 
        "user_agent": "Spotify-Unknown/0.71/0"
    }, 
    "1441462540.093850,CyzZYodnHCLUTHZg2": {
        "domain": "spotify.com", 
        "dst_ip": "93.184.215.151", 
        "dst_port": "80", 
        "headers": {
            "ACCEPT-ENCODING": "(empty)", 
            "CONNECTION": "keep-alive", 
            "HOST": "audio-ec.spotify.com", 
            "KEEP-ALIVE": "900", 
            "PRAGMA": "akamai-x-cache-on", 
            "RANGE": "bytes=524288-1048575", 
            "USER-AGENT": "Spotify-Unknown/0.71/0"
        }, 
        "host": "audio-ec.spotify.com", 
        "is_host_ip": 0, 
        "label": 0, 
        "md5": null, 
        "method": "GET", 
        "package_name": "com.spotify.music", 
        "pii_types": null, 
        "platform": "android", 
        "post_body": "-", 
        "referrer": "-", 
        "src_ip": "10.11.2.3", 
        "src_port": "51770", 
        "tk_flag": 0, 
        "ts": "1441462540.093850", 
        "uri": "/audio/3364fc14be28f8c576877f8bcaa2f767d0ef3322?m1rFqcAPRJEpyXgHaFQiC_-Cehia_C2ut-NMtDFXKZWDRz_uqCZVSJlvVUY8FV9RQe3U8lOAdSqtmw2osTHurVP4h3qc47IASiiSdk_z1OpYAHfkJx2ZzThW2rdMI72P6LS9GkOJCt8lILw7pQ", 
        "user_agent": "Spotify-Unknown/0.71/0"
    }, 
    "1441462541.297801,CyzZYodnHCLUTHZg2": {
        "domain": "spotify.com", 
        "dst_ip": "93.184.215.151", 
        "dst_port": "80", 
        "headers": {
            "ACCEPT-ENCODING": "(empty)", 
            "CONNECTION": "keep-alive", 
            "HOST": "audio-ec.spotify.com", 
            "KEEP-ALIVE": "900", 
            "PRAGMA": "akamai-x-cache-on", 
            "RANGE": "bytes=1048576-1572863", 
            "USER-AGENT": "Spotify-Unknown/0.71/0"
        }, 
        "host": "audio-ec.spotify.com", 
        "is_host_ip": 0, 
        "label": 0, 
        "md5": null, 
        "method": "GET", 
        "package_name": "com.spotify.music", 
        "pii_types": null, 
        "platform": "android", 
        "post_body": "-", 
        "referrer": "-", 
        "src_ip": "10.11.2.3", 
        "src_port": "51770", 
        "tk_flag": 0, 
        "ts": "1441462541.297801", 
        "uri": "/audio/3364fc14be28f8c576877f8bcaa2f767d0ef3322?m1rFqcAPRJEpyXgHaFQiC_-Cehia_C2ut-NMtDFXKZWDRz_uqCZVSJlvVUY8FV9RQe3U8lOAdSqtmw2osTHurVP4h3qc47IASiiSdk_z1OpYAHfkJx2ZzThW2rdMI72P6LS9GkOJCt8lILw7pQ", 
        "user_agent": "Spotify-Unknown/0.71/0"
    }, 
    "1441462542.610051,CyzZYodnHCLUTHZg2": {
        "domain": "spotify.com", 
        "dst_ip": "93.184.215.151", 
        "dst_port": "80", 
        "headers": {
            "ACCEPT-ENCODING": "(empty)", 
            "CONNECTION": "keep-alive", 
            "HOST": "audio-ec.spotify.com", 
            "KEEP-ALIVE": "900", 
            "PRAGMA": "akamai-x-cache-on", 
            "RANGE": "bytes=1572864-1675555", 
            "USER-AGENT": "Spotify-Unknown/0.71/0"
        }, 
        "host": "audio-ec.spotify.com", 
        "is_host_ip": 0, 
        "label": 0, 
        "md5": null, 
        "method": "GET", 
        "package_name": "com.spotify.music", 
        "pii_types": null, 
        "platform": "android", 
        "post_body": "-", 
        "referrer": "-", 
        "src_ip": "10.11.2.3", 
        "src_port": "51770", 
        "tk_flag": 0, 
        "ts": "1441462542.610051", 
        "uri": "/audio/3364fc14be28f8c576877f8bcaa2f767d0ef3322?m1rFqcAPRJEpyXgHaFQiC_-Cehia_C2ut-NMtDFXKZWDRz_uqCZVSJlvVUY8FV9RQe3U8lOAdSqtmw2osTHurVP4h3qc47IASiiSdk_z1OpYAHfkJx2ZzThW2rdMI72P6LS9GkOJCt8lILw7pQ", 
        "user_agent": "Spotify-Unknown/0.71/0"
    }, 
    "1441462562.680622,Cjqb775bt05gvnJm8": {
        "domain": "edgesuite.net", 
        "dst_ip": "23.0.160.59", 
        "dst_port": "80", 
        "headers": {
            "ACCEPT-ENCODING": "(empty)", 
            "CONNECTION": "keep-alive", 
            "HOST": "heads-ak.spotify.com.edgesuite.net", 
            "KEEP-ALIVE": "900", 
            "PRAGMA": "akamai-x-cache-on", 
            "USER-AGENT": "Spotify-Unknown/0.71/0"
        }, 
        "host": "heads-ak.spotify.com.edgesuite.net", 
        "is_host_ip": 0, 
        "label": 0, 
        "md5": null, 
        "method": "GET", 
        "package_name": "com.spotify.music", 
        "pii_types": null, 
        "platform": "android", 
        "post_body": "-", 
        "referrer": "-", 
        "src_ip": "10.11.2.3", 
        "src_port": "52546", 
        "tk_flag": 1, 
        "ts": "1441462562.680622", 
        "uri": "/head/0aad016b5a42c81703b24ffe97a7aa883e6ee30c", 
        "user_agent": "Spotify-Unknown/0.71/0"
    }, 
    "1441462562.991858,CCA4Z22yysVaGkZfL": {
        "domain": "spotify.com", 
        "dst_ip": "93.184.215.151", 
        "dst_port": "80", 
        "headers": {
            "ACCEPT-ENCODING": "(empty)", 
            "CONNECTION": "keep-alive", 
            "HOST": "audio-ec.spotify.com", 
            "KEEP-ALIVE": "900", 
            "PRAGMA": "akamai-x-cache-on", 
            "RANGE": "bytes=0-524287", 
            "USER-AGENT": "Spotify-Unknown/0.71/0"
        }, 
        "host": "audio-ec.spotify.com", 
        "is_host_ip": 0, 
        "label": 0, 
        "md5": null, 
        "method": "GET", 
        "package_name": "com.spotify.music", 
        "pii_types": null, 
        "platform": "android", 
        "post_body": "-", 
        "referrer": "-", 
        "src_ip": "10.11.2.3", 
        "src_port": "51772", 
        "tk_flag": 0, 
        "ts": "1441462562.991858", 
        "uri": "/audio/0aad016b5a42c81703b24ffe97a7aa883e6ee30c?1U-cgRcouts6QyVUzfX5yCy1C-UqAZejGFCS_D3ae3X88_2CGJzUxiZbpK1KbPxKy4L2wjRsXYBCo7tlOiGBuiQzacFAjq_GjhXi0JvBvpaoHkl2HxAwDsoFyx7Sm8ZXMdWFhYuS8SPUsIfKpw", 
        "user_agent": "Spotify-Unknown/0.71/0"
    }, 
    "1441462565.025986,CCA4Z22yysVaGkZfL": {
        "domain": "spotify.com", 
        "dst_ip": "93.184.215.151", 
        "dst_port": "80", 
        "headers": {
            "ACCEPT-ENCODING": "(empty)", 
            "CONNECTION": "keep-alive", 
            "HOST": "audio-ec.spotify.com", 
            "KEEP-ALIVE": "900", 
            "PRAGMA": "akamai-x-cache-on", 
            "RANGE": "bytes=524288-1048575", 
            "USER-AGENT": "Spotify-Unknown/0.71/0"
        }, 
        "host": "audio-ec.spotify.com", 
        "is_host_ip": 0, 
        "label": 0, 
        "md5": null, 
        "method": "GET", 
        "package_name": "com.spotify.music", 
        "pii_types": null, 
        "platform": "android", 
        "post_body": "-", 
        "referrer": "-", 
        "src_ip": "10.11.2.3", 
        "src_port": "51772", 
        "tk_flag": 0, 
        "ts": "1441462565.025986", 
        "uri": "/audio/0aad016b5a42c81703b24ffe97a7aa883e6ee30c?1U-cgRcouts6QyVUzfX5yCy1C-UqAZejGFCS_D3ae3X88_2CGJzUxiZbpK1KbPxKy4L2wjRsXYBCo7tlOiGBuiQzacFAjq_GjhXi0JvBvpaoHkl2HxAwDsoFyx7Sm8ZXMdWFhYuS8SPUsIfKpw", 
        "user_agent": "Spotify-Unknown/0.71/0"
    }, 
    "1441462566.795703,CCA4Z22yysVaGkZfL": {
        "domain": "spotify.com", 
        "dst_ip": "93.184.215.151", 
        "dst_port": "80", 
        "headers": {
            "ACCEPT-ENCODING": "(empty)", 
            "CONNECTION": "keep-alive", 
            "HOST": "audio-ec.spotify.com", 
            "KEEP-ALIVE": "900", 
            "PRAGMA": "akamai-x-cache-on", 
            "RANGE": "bytes=1048576-1572863", 
            "USER-AGENT": "Spotify-Unknown/0.71/0"
        }, 
        "host": "audio-ec.spotify.com", 
        "is_host_ip": 0, 
        "label": 0, 
        "md5": null, 
        "method": "GET", 
        "package_name": "com.spotify.music", 
        "pii_types": null, 
        "platform": "android", 
        "post_body": "-", 
        "referrer": "-", 
        "src_ip": "10.11.2.3", 
        "src_port": "51772", 
        "tk_flag": 0, 
        "ts": "1441462566.795703", 
        "uri": "/audio/0aad016b5a42c81703b24ffe97a7aa883e6ee30c?1U-cgRcouts6QyVUzfX5yCy1C-UqAZejGFCS_D3ae3X88_2CGJzUxiZbpK1KbPxKy4L2wjRsXYBCo7tlOiGBuiQzacFAjq_GjhXi0JvBvpaoHkl2HxAwDsoFyx7Sm8ZXMdWFhYuS8SPUsIfKpw", 
        "user_agent": "Spotify-Unknown/0.71/0"
    }, 
    "1441462567.838332,CCA4Z22yysVaGkZfL": {
        "domain": "spotify.com", 
        "dst_ip": "93.184.215.151", 
        "dst_port": "80", 
        "headers": {
            "ACCEPT-ENCODING": "(empty)", 
            "CONNECTION": "keep-alive", 
            "HOST": "audio-ec.spotify.com", 
            "KEEP-ALIVE": "900", 
            "PRAGMA": "akamai-x-cache-on", 
            "RANGE": "bytes=1572864-2097151", 
            "USER-AGENT": "Spotify-Unknown/0.71/0"
        }, 
        "host": "audio-ec.spotify.com", 
        "is_host_ip": 0, 
        "label": 0, 
        "md5": null, 
        "method": "GET", 
        "package_name": "com.spotify.music", 
        "pii_types": null, 
        "platform": "android", 
        "post_body": "-", 
        "referrer": "-", 
        "src_ip": "10.11.2.3", 
        "src_port": "51772", 
        "tk_flag": 0, 
        "ts": "1441462567.838332", 
        "uri": "/audio/0aad016b5a42c81703b24ffe97a7aa883e6ee30c?1U-cgRcouts6QyVUzfX5yCy1C-UqAZejGFCS_D3ae3X88_2CGJzUxiZbpK1KbPxKy4L2wjRsXYBCo7tlOiGBuiQzacFAjq_GjhXi0JvBvpaoHkl2HxAwDsoFyx7Sm8ZXMdWFhYuS8SPUsIfKpw", 
        "user_agent": "Spotify-Unknown/0.71/0"
    }, 
    "1441462568.686794,CCA4Z22yysVaGkZfL": {
        "domain": "spotify.com", 
        "dst_ip": "93.184.215.151", 
        "dst_port": "80", 
        "headers": {
            "ACCEPT-ENCODING": "(empty)", 
            "CONNECTION": "keep-alive", 
            "HOST": "audio-ec.spotify.com", 
            "KEEP-ALIVE": "900", 
            "PRAGMA": "akamai-x-cache-on", 
            "RANGE": "bytes=2097152-2465639", 
            "USER-AGENT": "Spotify-Unknown/0.71/0"
        }, 
        "host": "audio-ec.spotify.com", 
        "is_host_ip": 0, 
        "label": 0, 
        "md5": null, 
        "method": "GET", 
        "package_name": "com.spotify.music", 
        "pii_types": null, 
        "platform": "android", 
        "post_body": "-", 
        "referrer": "-", 
        "src_ip": "10.11.2.3", 
        "src_port": "51772", 
        "tk_flag": 0, 
        "ts": "1441462568.686794", 
        "uri": "/audio/0aad016b5a42c81703b24ffe97a7aa883e6ee30c?1U-cgRcouts6QyVUzfX5yCy1C-UqAZejGFCS_D3ae3X88_2CGJzUxiZbpK1KbPxKy4L2wjRsXYBCo7tlOiGBuiQzacFAjq_GjhXi0JvBvpaoHkl2HxAwDsoFyx7Sm8ZXMdWFhYuS8SPUsIfKpw", 
        "user_agent": "Spotify-Unknown/0.71/0"
    }, 
    "1441462619.260980,C3Tb3c1dGsMCH4Yp1b": {
        "domain": "spotify.com", 
        "dst_ip": "93.184.215.151", 
        "dst_port": "80", 
        "headers": {
            "ACCEPT-ENCODING": "(empty)", 
            "CONNECTION": "keep-alive", 
            "HOST": "audio-ec.spotify.com", 
            "KEEP-ALIVE": "900", 
            "PRAGMA": "akamai-x-cache-on", 
            "RANGE": "bytes=0-524287", 
            "USER-AGENT": "Spotify-Unknown/0.71/0"
        }, 
        "host": "audio-ec.spotify.com", 
        "is_host_ip": 0, 
        "label": 0, 
        "md5": null, 
        "method": "GET", 
        "package_name": "com.spotify.music", 
        "pii_types": null, 
        "platform": "android", 
        "post_body": "-", 
        "referrer": "-", 
        "src_ip": "10.11.2.3", 
        "src_port": "51784", 
        "tk_flag": 0, 
        "ts": "1441462619.260980", 
        "uri": "/audio/e844824c8bca462b1f597657d776cabc4be7dd6c?OBlSIsu1TDsjyem0wfDpfLJQJ70qXYIgaWV6BTJxqo5aRx9Dzx0qXO8oLt-aE1juJlLCdPryir4BYHD4aFPr-k3juEFHiG9PK21e1lBz8uY-Pr2ykGuOF1cCtf2dEQylRdaUmm4S24ahuN1izw", 
        "user_agent": "Spotify-Unknown/0.71/0"
    }, 
    "1441462620.431917,C3Tb3c1dGsMCH4Yp1b": {
        "domain": "spotify.com", 
        "dst_ip": "93.184.215.151", 
        "dst_port": "80", 
        "headers": {
            "ACCEPT-ENCODING": "(empty)", 
            "CONNECTION": "keep-alive", 
            "HOST": "audio-ec.spotify.com", 
            "KEEP-ALIVE": "900", 
            "PRAGMA": "akamai-x-cache-on", 
            "RANGE": "bytes=524288-1048575", 
            "USER-AGENT": "Spotify-Unknown/0.71/0"
        }, 
        "host": "audio-ec.spotify.com", 
        "is_host_ip": 0, 
        "label": 0, 
        "md5": null, 
        "method": "GET", 
        "package_name": "com.spotify.music", 
        "pii_types": null, 
        "platform": "android", 
        "post_body": "-", 
        "referrer": "-", 
        "src_ip": "10.11.2.3", 
        "src_port": "51784", 
        "tk_flag": 0, 
        "ts": "1441462620.431917", 
        "uri": "/audio/e844824c8bca462b1f597657d776cabc4be7dd6c?OBlSIsu1TDsjyem0wfDpfLJQJ70qXYIgaWV6BTJxqo5aRx9Dzx0qXO8oLt-aE1juJlLCdPryir4BYHD4aFPr-k3juEFHiG9PK21e1lBz8uY-Pr2ykGuOF1cCtf2dEQylRdaUmm4S24ahuN1izw", 
        "user_agent": "Spotify-Unknown/0.71/0"
    }, 
    "1441462621.461630,C3Tb3c1dGsMCH4Yp1b": {
        "domain": "spotify.com", 
        "dst_ip": "93.184.215.151", 
        "dst_port": "80", 
        "headers": {
            "ACCEPT-ENCODING": "(empty)", 
            "CONNECTION": "keep-alive", 
            "HOST": "audio-ec.spotify.com", 
            "KEEP-ALIVE": "900", 
            "PRAGMA": "akamai-x-cache-on", 
            "RANGE": "bytes=1048576-1572863", 
            "USER-AGENT": "Spotify-Unknown/0.71/0"
        }, 
        "host": "audio-ec.spotify.com", 
        "is_host_ip": 0, 
        "label": 0, 
        "md5": null, 
        "method": "GET", 
        "package_name": "com.spotify.music", 
        "pii_types": null, 
        "platform": "android", 
        "post_body": "-", 
        "referrer": "-", 
        "src_ip": "10.11.2.3", 
        "src_port": "51784", 
        "tk_flag": 0, 
        "ts": "1441462621.461630", 
        "uri": "/audio/e844824c8bca462b1f597657d776cabc4be7dd6c?OBlSIsu1TDsjyem0wfDpfLJQJ70qXYIgaWV6BTJxqo5aRx9Dzx0qXO8oLt-aE1juJlLCdPryir4BYHD4aFPr-k3juEFHiG9PK21e1lBz8uY-Pr2ykGuOF1cCtf2dEQylRdaUmm4S24ahuN1izw", 
        "user_agent": "Spotify-Unknown/0.71/0"
    }, 
    "1441462622.637145,C3Tb3c1dGsMCH4Yp1b": {
        "domain": "spotify.com", 
        "dst_ip": "93.184.215.151", 
        "dst_port": "80", 
        "headers": {
            "ACCEPT-ENCODING": "(empty)", 
            "CONNECTION": "keep-alive", 
            "HOST": "audio-ec.spotify.com", 
            "KEEP-ALIVE": "900", 
            "PRAGMA": "akamai-x-cache-on", 
            "RANGE": "bytes=1572864-2097151", 
            "USER-AGENT": "Spotify-Unknown/0.71/0"
        }, 
        "host": "audio-ec.spotify.com", 
        "is_host_ip": 0, 
        "label": 0, 
        "md5": null, 
        "method": "GET", 
        "package_name": "com.spotify.music", 
        "pii_types": null, 
        "platform": "android", 
        "post_body": "-", 
        "referrer": "-", 
        "src_ip": "10.11.2.3", 
        "src_port": "51784", 
        "tk_flag": 0, 
        "ts": "1441462622.637145", 
        "uri": "/audio/e844824c8bca462b1f597657d776cabc4be7dd6c?OBlSIsu1TDsjyem0wfDpfLJQJ70qXYIgaWV6BTJxqo5aRx9Dzx0qXO8oLt-aE1juJlLCdPryir4BYHD4aFPr-k3juEFHiG9PK21e1lBz8uY-Pr2ykGuOF1cCtf2dEQylRdaUmm4S24ahuN1izw", 
        "user_agent": "Spotify-Unknown/0.71/0"
    }, 
    "1441462623.998053,C3Tb3c1dGsMCH4Yp1b": {
        "domain": "spotify.com", 
        "dst_ip": "93.184.215.151", 
        "dst_port": "80", 
        "headers": {
            "ACCEPT-ENCODING": "(empty)", 
            "CONNECTION": "keep-alive", 
            "HOST": "audio-ec.spotify.com", 
            "KEEP-ALIVE": "900", 
            "PRAGMA": "akamai-x-cache-on", 
            "RANGE": "bytes=2097152-2155123", 
            "USER-AGENT": "Spotify-Unknown/0.71/0"
        }, 
        "host": "audio-ec.spotify.com", 
        "is_host_ip": 0, 
        "label": 0, 
        "md5": null, 
        "method": "GET", 
        "package_name": "com.spotify.music", 
        "pii_types": null, 
        "platform": "android", 
        "post_body": "-", 
        "referrer": "-", 
        "src_ip": "10.11.2.3", 
        "src_port": "51784", 
        "tk_flag": 0, 
        "ts": "1441462623.998053", 
        "uri": "/audio/e844824c8bca462b1f597657d776cabc4be7dd6c?OBlSIsu1TDsjyem0wfDpfLJQJ70qXYIgaWV6BTJxqo5aRx9Dzx0qXO8oLt-aE1juJlLCdPryir4BYHD4aFPr-k3juEFHiG9PK21e1lBz8uY-Pr2ykGuOF1cCtf2dEQylRdaUmm4S24ahuN1izw", 
        "user_agent": "Spotify-Unknown/0.71/0"
    }
}
