{
    "1441824715.772156,CqJR3o4JhOk4OJAUCh": {
        "domain": "google.com", 
        "dst_ip": "173.194.123.6", 
        "dst_port": "80", 
        "headers": {
            "ACCEPT-ENCODING": "gzip", 
            "CONNECTION": "Keep-Alive", 
            "HOST": "clients3.google.com", 
            "USER-AGENT": "Dalvik/2.1.0 (Linux; U; Android 5.1.1; Nexus 6 Build/LMY48I)"
        }, 
        "host": "clients3.google.com", 
        "is_host_ip": 0, 
        "label": 0, 
        "md5": null, 
        "method": "GET", 
        "package_name": "com.yelp.android", 
        "pii_types": null, 
        "platform": "android", 
        "post_body": "-", 
        "referrer": "-", 
        "src_ip": "10.11.2.3", 
        "src_port": "53466", 
        "tk_flag": 1, 
        "ts": "1441824715.772156", 
        "uri": "/generate_204", 
        "user_agent": "Dalvik/2.1.0 (Linux; U; Android 5.1.1; Nexus 6 Build/LMY48I)"
    }, 
    "1441824891.161829,CfreUX36xm9cEVkcd7": {
        "domain": "google.com", 
        "dst_ip": "173.194.123.6", 
        "dst_port": "80", 
        "headers": {
            "ACCEPT-ENCODING": "gzip", 
            "CONNECTION": "Keep-Alive", 
            "HOST": "clients3.google.com", 
            "USER-AGENT": "Dalvik/2.1.0 (Linux; U; Android 5.1.1; Nexus 6 Build/LMY48I)"
        }, 
        "host": "clients3.google.com", 
        "is_host_ip": 0, 
        "label": 0, 
        "md5": null, 
        "method": "GET", 
        "package_name": "com.yelp.android", 
        "pii_types": null, 
        "platform": "android", 
        "post_body": "-", 
        "referrer": "-", 
        "src_ip": "10.11.2.3", 
        "src_port": "42257", 
        "tk_flag": 1, 
        "ts": "1441824891.161829", 
        "uri": "/generate_204", 
        "user_agent": "Dalvik/2.1.0 (Linux; U; Android 5.1.1; Nexus 6 Build/LMY48I)"
    }, 
    "1441824898.483003,Cfgy7o1fLsyyE08UW4": {
        "domain": "google.com", 
        "dst_ip": "173.194.123.35", 
        "dst_port": "80", 
        "headers": {
            "ACCEPT-ENCODING": "gzip", 
            "CONNECTION": "Keep-Alive", 
            "HOST": "clients3.google.com", 
            "USER-AGENT": "Dalvik/2.1.0 (Linux; U; Android 5.1.1; Nexus 6 Build/LMY48I)"
        }, 
        "host": "clients3.google.com", 
        "is_host_ip": 0, 
        "label": 0, 
        "md5": null, 
        "method": "GET", 
        "package_name": "com.yelp.android", 
        "pii_types": null, 
        "platform": "android", 
        "post_body": "-", 
        "referrer": "-", 
        "src_ip": "10.11.2.3", 
        "src_port": "56828", 
        "tk_flag": 1, 
        "ts": "1441824898.483003", 
        "uri": "/generate_204", 
        "user_agent": "Dalvik/2.1.0 (Linux; U; Android 5.1.1; Nexus 6 Build/LMY48I)"
    }, 
    "1441825016.830086,COKNYi1NpS4LX8UEh1": {
        "domain": "yelpcdn.com", 
        "dst_ip": "23.235.39.175", 
        "dst_port": "80", 
        "headers": {
            "ACCEPT-ENCODING": "gzip", 
            "CONNECTION": "Keep-Alive", 
            "HOST": "s3-media2.fl.yelpcdn.com", 
            "USER-AGENT": "Dalvik/2.1.0 (Linux; U; Android 5.1.1; Nexus 6 Build/LMY48I)"
        }, 
        "host": "s3-media2.fl.yelpcdn.com", 
        "is_host_ip": 0, 
        "label": 0, 
        "md5": null, 
        "method": "GET", 
        "package_name": "com.yelp.android", 
        "pii_types": null, 
        "platform": "android", 
        "post_body": "-", 
        "referrer": "-", 
        "src_ip": "10.11.2.3", 
        "src_port": "34926", 
        "tk_flag": 0, 
        "ts": "1441825016.830086", 
        "uri": "/bphoto/rbiYC8xNHEI8SPOG5oTQsg/ms.jpg", 
        "user_agent": "Dalvik/2.1.0 (Linux; U; Android 5.1.1; Nexus 6 Build/LMY48I)"
    }, 
    "1441825016.830262,C3rcctwykEJuMnHf9": {
        "domain": "yelpcdn.com", 
        "dst_ip": "23.235.39.175", 
        "dst_port": "80", 
        "headers": {
            "ACCEPT-ENCODING": "gzip", 
            "CONNECTION": "Keep-Alive", 
            "HOST": "s3-media1.fl.yelpcdn.com", 
            "USER-AGENT": "Dalvik/2.1.0 (Linux; U; Android 5.1.1; Nexus 6 Build/LMY48I)"
        }, 
        "host": "s3-media1.fl.yelpcdn.com", 
        "is_host_ip": 0, 
        "label": 0, 
        "md5": null, 
        "method": "GET", 
        "package_name": "com.yelp.android", 
        "pii_types": null, 
        "platform": "android", 
        "post_body": "-", 
        "referrer": "-", 
        "src_ip": "10.11.2.3", 
        "src_port": "42951", 
        "tk_flag": 0, 
        "ts": "1441825016.830262", 
        "uri": "/bphoto/T5od3Pf9Xh6WEdlnLJ7kWg/ms.jpg", 
        "user_agent": "Dalvik/2.1.0 (Linux; U; Android 5.1.1; Nexus 6 Build/LMY48I)"
    }, 
    "1441825016.830813,Cst6oh2e3SYyQq0Gr9": {
        "domain": "yelpcdn.com", 
        "dst_ip": "23.235.39.175", 
        "dst_port": "80", 
        "headers": {
            "ACCEPT-ENCODING": "gzip", 
            "CONNECTION": "Keep-Alive", 
            "HOST": "s3-media3.fl.yelpcdn.com", 
            "USER-AGENT": "Dalvik/2.1.0 (Linux; U; Android 5.1.1; Nexus 6 Build/LMY48I)"
        }, 
        "host": "s3-media3.fl.yelpcdn.com", 
        "is_host_ip": 0, 
        "label": 0, 
        "md5": null, 
        "method": "GET", 
        "package_name": "com.yelp.android", 
        "pii_types": null, 
        "platform": "android", 
        "post_body": "-", 
        "referrer": "-", 
        "src_ip": "10.11.2.3", 
        "src_port": "44282", 
        "tk_flag": 0, 
        "ts": "1441825016.830813", 
        "uri": "/bphoto/81D3V5OhyuIs2pmxHF04fw/ms.jpg", 
        "user_agent": "Dalvik/2.1.0 (Linux; U; Android 5.1.1; Nexus 6 Build/LMY48I)"
    }, 
    "1441825016.842802,Cpiy2DtB66MoVMeS6": {
        "domain": "yelpcdn.com", 
        "dst_ip": "23.235.39.175", 
        "dst_port": "80", 
        "headers": {
            "ACCEPT-ENCODING": "gzip", 
            "CONNECTION": "Keep-Alive", 
            "HOST": "s3-media4.fl.yelpcdn.com", 
            "USER-AGENT": "Dalvik/2.1.0 (Linux; U; Android 5.1.1; Nexus 6 Build/LMY48I)"
        }, 
        "host": "s3-media4.fl.yelpcdn.com", 
        "is_host_ip": 0, 
        "label": 0, 
        "md5": null, 
        "method": "GET", 
        "package_name": "com.yelp.android", 
        "pii_types": null, 
        "platform": "android", 
        "post_body": "-", 
        "referrer": "-", 
        "src_ip": "10.11.2.3", 
        "src_port": "57298", 
        "tk_flag": 0, 
        "ts": "1441825016.842802", 
        "uri": "/bphoto/HY0QCG6FrNvSm6p5D4doRQ/ms.jpg", 
        "user_agent": "Dalvik/2.1.0 (Linux; U; Android 5.1.1; Nexus 6 Build/LMY48I)"
    }, 
    "1441825017.158834,Cpiy2DtB66MoVMeS6": {
        "domain": "yelpcdn.com", 
        "dst_ip": "23.235.39.175", 
        "dst_port": "80", 
        "headers": {
            "ACCEPT-ENCODING": "gzip", 
            "CONNECTION": "Keep-Alive", 
            "HOST": "s3-media4.fl.yelpcdn.com", 
            "USER-AGENT": "Dalvik/2.1.0 (Linux; U; Android 5.1.1; Nexus 6 Build/LMY48I)"
        }, 
        "host": "s3-media4.fl.yelpcdn.com", 
        "is_host_ip": 0, 
        "label": 0, 
        "md5": null, 
        "method": "GET", 
        "package_name": "com.yelp.android", 
        "pii_types": null, 
        "platform": "android", 
        "post_body": "-", 
        "referrer": "-", 
        "src_ip": "10.11.2.3", 
        "src_port": "57298", 
        "tk_flag": 0, 
        "ts": "1441825017.158834", 
        "uri": "/bphoto/JoNCRcU-F96rT3eK6xdJUw/ms.jpg", 
        "user_agent": "Dalvik/2.1.0 (Linux; U; Android 5.1.1; Nexus 6 Build/LMY48I)"
    }, 
    "1441825017.217771,CT0lHd2xbqxnCFdHX": {
        "domain": "yelpcdn.com", 
        "dst_ip": "23.235.39.175", 
        "dst_port": "80", 
        "headers": {
            "ACCEPT-ENCODING": "gzip", 
            "CONNECTION": "Keep-Alive", 
            "HOST": "s3-media3.fl.yelpcdn.com", 
            "USER-AGENT": "Dalvik/2.1.0 (Linux; U; Android 5.1.1; Nexus 6 Build/LMY48I)"
        }, 
        "host": "s3-media3.fl.yelpcdn.com", 
        "is_host_ip": 0, 
        "label": 0, 
        "md5": null, 
        "method": "GET", 
        "package_name": "com.yelp.android", 
        "pii_types": null, 
        "platform": "android", 
        "post_body": "-", 
        "referrer": "-", 
        "src_ip": "10.11.2.3", 
        "src_port": "46827", 
        "tk_flag": 0, 
        "ts": "1441825017.217771", 
        "uri": "/bphoto/h54HaZht5MOFtYcCuWzlsg/ms.jpg", 
        "user_agent": "Dalvik/2.1.0 (Linux; U; Android 5.1.1; Nexus 6 Build/LMY48I)"
    }, 
    "1441825133.569565,Crea5o34Ul8gzqVab": {
        "domain": "yelpcdn.com", 
        "dst_ip": "199.27.76.175", 
        "dst_port": "80", 
        "headers": {
            "ACCEPT-ENCODING": "gzip", 
            "CONNECTION": "Keep-Alive", 
            "HOST": "s3-media2.fl.yelpcdn.com", 
            "USER-AGENT": "Dalvik/2.1.0 (Linux; U; Android 5.1.1; Nexus 6 Build/LMY48I)"
        }, 
        "host": "s3-media2.fl.yelpcdn.com", 
        "is_host_ip": 0, 
        "label": 0, 
        "md5": null, 
        "method": "GET", 
        "package_name": "com.yelp.android", 
        "pii_types": null, 
        "platform": "android", 
        "post_body": "-", 
        "referrer": "-", 
        "src_ip": "10.11.2.3", 
        "src_port": "47103", 
        "tk_flag": 0, 
        "ts": "1441825133.569565", 
        "uri": "/bphoto/k8LR4w7Qb10xx_fhMB8obA/ms.jpg", 
        "user_agent": "Dalvik/2.1.0 (Linux; U; Android 5.1.1; Nexus 6 Build/LMY48I)"
    }, 
    "1441825133.722905,CqQBeohnwGCWjh8R8": {
        "domain": "yelpcdn.com", 
        "dst_ip": "199.27.76.175", 
        "dst_port": "80", 
        "headers": {
            "ACCEPT-ENCODING": "gzip", 
            "CONNECTION": "Keep-Alive", 
            "HOST": "s3-media3.fl.yelpcdn.com", 
            "USER-AGENT": "Dalvik/2.1.0 (Linux; U; Android 5.1.1; Nexus 6 Build/LMY48I)"
        }, 
        "host": "s3-media3.fl.yelpcdn.com", 
        "is_host_ip": 0, 
        "label": 0, 
        "md5": null, 
        "method": "GET", 
        "package_name": "com.yelp.android", 
        "pii_types": null, 
        "platform": "android", 
        "post_body": "-", 
        "referrer": "-", 
        "src_ip": "10.11.2.3", 
        "src_port": "49126", 
        "tk_flag": 0, 
        "ts": "1441825133.722905", 
        "uri": "/bphoto/NaTPPoEIYi_kPdA7uIeT6Q/ms.jpg", 
        "user_agent": "Dalvik/2.1.0 (Linux; U; Android 5.1.1; Nexus 6 Build/LMY48I)"
    }, 
    "1441825134.261484,CqQBeohnwGCWjh8R8": {
        "domain": "yelpcdn.com", 
        "dst_ip": "199.27.76.175", 
        "dst_port": "80", 
        "headers": {
            "ACCEPT-ENCODING": "gzip", 
            "CONNECTION": "Keep-Alive", 
            "HOST": "s3-media3.fl.yelpcdn.com", 
            "USER-AGENT": "Dalvik/2.1.0 (Linux; U; Android 5.1.1; Nexus 6 Build/LMY48I)"
        }, 
        "host": "s3-media3.fl.yelpcdn.com", 
        "is_host_ip": 0, 
        "label": 0, 
        "md5": null, 
        "method": "GET", 
        "package_name": "com.yelp.android", 
        "pii_types": null, 
        "platform": "android", 
        "post_body": "-", 
        "referrer": "-", 
        "src_ip": "10.11.2.3", 
        "src_port": "49126", 
        "tk_flag": 0, 
        "ts": "1441825134.261484", 
        "uri": "/bphoto/L1pQh1grAyXYblxBm-tbzQ/ms.jpg", 
        "user_agent": "Dalvik/2.1.0 (Linux; U; Android 5.1.1; Nexus 6 Build/LMY48I)"
    }, 
    "1441825134.596362,C2kHQQIKHHXl1wZY7": {
        "domain": "yelpcdn.com", 
        "dst_ip": "199.27.76.175", 
        "dst_port": "80", 
        "headers": {
            "ACCEPT-ENCODING": "gzip", 
            "CONNECTION": "Keep-Alive", 
            "HOST": "s3-media1.fl.yelpcdn.com", 
            "USER-AGENT": "Dalvik/2.1.0 (Linux; U; Android 5.1.1; Nexus 6 Build/LMY48I)"
        }, 
        "host": "s3-media1.fl.yelpcdn.com", 
        "is_host_ip": 0, 
        "label": 0, 
        "md5": null, 
        "method": "GET", 
        "package_name": "com.yelp.android", 
        "pii_types": null, 
        "platform": "android", 
        "post_body": "-", 
        "referrer": "-", 
        "src_ip": "10.11.2.3", 
        "src_port": "58446", 
        "tk_flag": 0, 
        "ts": "1441825134.596362", 
        "uri": "/bphoto/od4idwbgKaCXDMGk3_QpnA/ms.jpg", 
        "user_agent": "Dalvik/2.1.0 (Linux; U; Android 5.1.1; Nexus 6 Build/LMY48I)"
    }, 
    "1441825134.632160,CP1qZn19rZQlwxr0P5": {
        "domain": "yelpcdn.com", 
        "dst_ip": "199.27.76.175", 
        "dst_port": "80", 
        "headers": {
            "ACCEPT-ENCODING": "gzip", 
            "CONNECTION": "Keep-Alive", 
            "HOST": "s3-media3.fl.yelpcdn.com", 
            "USER-AGENT": "Dalvik/2.1.0 (Linux; U; Android 5.1.1; Nexus 6 Build/LMY48I)"
        }, 
        "host": "s3-media3.fl.yelpcdn.com", 
        "is_host_ip": 0, 
        "label": 0, 
        "md5": null, 
        "method": "GET", 
        "package_name": "com.yelp.android", 
        "pii_types": null, 
        "platform": "android", 
        "post_body": "-", 
        "referrer": "-", 
        "src_ip": "10.11.2.3", 
        "src_port": "35867", 
        "tk_flag": 0, 
        "ts": "1441825134.632160", 
        "uri": "/bphoto/hmckRCN3Qf__l8CxIK2XLw/ms.jpg", 
        "user_agent": "Dalvik/2.1.0 (Linux; U; Android 5.1.1; Nexus 6 Build/LMY48I)"
    }, 
    "1441825134.707301,C0FT1y1U0Ng1SXAYk3": {
        "domain": "yelpcdn.com", 
        "dst_ip": "199.27.76.175", 
        "dst_port": "80", 
        "headers": {
            "ACCEPT-ENCODING": "gzip", 
            "CONNECTION": "Keep-Alive", 
            "HOST": "s3-media1.fl.yelpcdn.com", 
            "USER-AGENT": "Dalvik/2.1.0 (Linux; U; Android 5.1.1; Nexus 6 Build/LMY48I)"
        }, 
        "host": "s3-media1.fl.yelpcdn.com", 
        "is_host_ip": 0, 
        "label": 0, 
        "md5": null, 
        "method": "GET", 
        "package_name": "com.yelp.android", 
        "pii_types": null, 
        "platform": "android", 
        "post_body": "-", 
        "referrer": "-", 
        "src_ip": "10.11.2.3", 
        "src_port": "40594", 
        "tk_flag": 0, 
        "ts": "1441825134.707301", 
        "uri": "/bphoto/FYnnqB4FXwhIh3sB5m42cA/ms.jpg", 
        "user_agent": "Dalvik/2.1.0 (Linux; U; Android 5.1.1; Nexus 6 Build/LMY48I)"
    }, 
    "1441825145.994437,CWsqCB2kDz1s7mMfEl": {
        "domain": "yelpcdn.com", 
        "dst_ip": "199.27.76.175", 
        "dst_port": "80", 
        "headers": {
            "ACCEPT-ENCODING": "gzip", 
            "CONNECTION": "Keep-Alive", 
            "HOST": "s3-media2.fl.yelpcdn.com", 
            "USER-AGENT": "Dalvik/2.1.0 (Linux; U; Android 5.1.1; Nexus 6 Build/LMY48I)"
        }, 
        "host": "s3-media2.fl.yelpcdn.com", 
        "is_host_ip": 0, 
        "label": 0, 
        "md5": null, 
        "method": "GET", 
        "package_name": "com.yelp.android", 
        "pii_types": null, 
        "platform": "android", 
        "post_body": "-", 
        "referrer": "-", 
        "src_ip": "10.11.2.3", 
        "src_port": "41623", 
        "tk_flag": 0, 
        "ts": "1441825145.994437", 
        "uri": "/bphoto/PAO_7Pr-bpXEjAslxfY43Q/ms.jpg", 
        "user_agent": "Dalvik/2.1.0 (Linux; U; Android 5.1.1; Nexus 6 Build/LMY48I)"
    }, 
    "1441825146.098133,CIT78k3JCV1Nnxiyah": {
        "domain": "yelpcdn.com", 
        "dst_ip": "199.27.76.175", 
        "dst_port": "80", 
        "headers": {
            "ACCEPT-ENCODING": "gzip", 
            "CONNECTION": "Keep-Alive", 
            "HOST": "s3-media4.fl.yelpcdn.com", 
            "USER-AGENT": "Dalvik/2.1.0 (Linux; U; Android 5.1.1; Nexus 6 Build/LMY48I)"
        }, 
        "host": "s3-media4.fl.yelpcdn.com", 
        "is_host_ip": 0, 
        "label": 0, 
        "md5": null, 
        "method": "GET", 
        "package_name": "com.yelp.android", 
        "pii_types": null, 
        "platform": "android", 
        "post_body": "-", 
        "referrer": "-", 
        "src_ip": "10.11.2.3", 
        "src_port": "36463", 
        "tk_flag": 0, 
        "ts": "1441825146.098133", 
        "uri": "/bphoto/DgsM6DizJq7BKjAUPNxB9w/ms.jpg", 
        "user_agent": "Dalvik/2.1.0 (Linux; U; Android 5.1.1; Nexus 6 Build/LMY48I)"
    }, 
    "1441825146.145761,CsEwNh2NW5thQ6Lzf1": {
        "domain": "yelpcdn.com", 
        "dst_ip": "199.27.76.175", 
        "dst_port": "80", 
        "headers": {
            "ACCEPT-ENCODING": "gzip", 
            "CONNECTION": "Keep-Alive", 
            "HOST": "s3-media4.fl.yelpcdn.com", 
            "USER-AGENT": "Dalvik/2.1.0 (Linux; U; Android 5.1.1; Nexus 6 Build/LMY48I)"
        }, 
        "host": "s3-media4.fl.yelpcdn.com", 
        "is_host_ip": 0, 
        "label": 0, 
        "md5": null, 
        "method": "GET", 
        "package_name": "com.yelp.android", 
        "pii_types": null, 
        "platform": "android", 
        "post_body": "-", 
        "referrer": "-", 
        "src_ip": "10.11.2.3", 
        "src_port": "45893", 
        "tk_flag": 0, 
        "ts": "1441825146.145761", 
        "uri": "/bphoto/rRU--1cz5n5Sb5A-FT0CpQ/ms.jpg", 
        "user_agent": "Dalvik/2.1.0 (Linux; U; Android 5.1.1; Nexus 6 Build/LMY48I)"
    }, 
    "1441825146.218425,CRfVjtnzVsfcrZiU6": {
        "domain": "yelpcdn.com", 
        "dst_ip": "199.27.76.175", 
        "dst_port": "80", 
        "headers": {
            "ACCEPT-ENCODING": "gzip", 
            "CONNECTION": "Keep-Alive", 
            "HOST": "s3-media4.fl.yelpcdn.com", 
            "USER-AGENT": "Dalvik/2.1.0 (Linux; U; Android 5.1.1; Nexus 6 Build/LMY48I)"
        }, 
        "host": "s3-media4.fl.yelpcdn.com", 
        "is_host_ip": 0, 
        "label": 0, 
        "md5": null, 
        "method": "GET", 
        "package_name": "com.yelp.android", 
        "pii_types": null, 
        "platform": "android", 
        "post_body": "-", 
        "referrer": "-", 
        "src_ip": "10.11.2.3", 
        "src_port": "37833", 
        "tk_flag": 0, 
        "ts": "1441825146.218425", 
        "uri": "/bphoto/umWgaYsrB_VbGTmhFOnN3g/ms.jpg", 
        "user_agent": "Dalvik/2.1.0 (Linux; U; Android 5.1.1; Nexus 6 Build/LMY48I)"
    }, 
    "1441825146.283788,CWsqCB2kDz1s7mMfEl": {
        "domain": "yelpcdn.com", 
        "dst_ip": "199.27.76.175", 
        "dst_port": "80", 
        "headers": {
            "ACCEPT-ENCODING": "gzip", 
            "CONNECTION": "Keep-Alive", 
            "HOST": "s3-media2.fl.yelpcdn.com", 
            "USER-AGENT": "Dalvik/2.1.0 (Linux; U; Android 5.1.1; Nexus 6 Build/LMY48I)"
        }, 
        "host": "s3-media2.fl.yelpcdn.com", 
        "is_host_ip": 0, 
        "label": 0, 
        "md5": null, 
        "method": "GET", 
        "package_name": "com.yelp.android", 
        "pii_types": null, 
        "platform": "android", 
        "post_body": "-", 
        "referrer": "-", 
        "src_ip": "10.11.2.3", 
        "src_port": "41623", 
        "tk_flag": 0, 
        "ts": "1441825146.283788", 
        "uri": "/bphoto/AaRGkc8Y-6VrUyrwItYGAg/ms.jpg", 
        "user_agent": "Dalvik/2.1.0 (Linux; U; Android 5.1.1; Nexus 6 Build/LMY48I)"
    }, 
    "1441825146.403210,C2kHQQIKHHXl1wZY7": {
        "domain": "yelpcdn.com", 
        "dst_ip": "199.27.76.175", 
        "dst_port": "80", 
        "headers": {
            "ACCEPT-ENCODING": "gzip", 
            "CONNECTION": "Keep-Alive", 
            "HOST": "s3-media1.fl.yelpcdn.com", 
            "USER-AGENT": "Dalvik/2.1.0 (Linux; U; Android 5.1.1; Nexus 6 Build/LMY48I)"
        }, 
        "host": "s3-media1.fl.yelpcdn.com", 
        "is_host_ip": 0, 
        "label": 0, 
        "md5": null, 
        "method": "GET", 
        "package_name": "com.yelp.android", 
        "pii_types": null, 
        "platform": "android", 
        "post_body": "-", 
        "referrer": "-", 
        "src_ip": "10.11.2.3", 
        "src_port": "58446", 
        "tk_flag": 0, 
        "ts": "1441825146.403210", 
        "uri": "/bphoto/8so0ksr-OGt8F1XOkLbA6A/ms.jpg", 
        "user_agent": "Dalvik/2.1.0 (Linux; U; Android 5.1.1; Nexus 6 Build/LMY48I)"
    }, 
    "1441825146.506251,CP1qZn19rZQlwxr0P5": {
        "domain": "yelpcdn.com", 
        "dst_ip": "199.27.76.175", 
        "dst_port": "80", 
        "headers": {
            "ACCEPT-ENCODING": "gzip", 
            "CONNECTION": "Keep-Alive", 
            "HOST": "s3-media3.fl.yelpcdn.com", 
            "USER-AGENT": "Dalvik/2.1.0 (Linux; U; Android 5.1.1; Nexus 6 Build/LMY48I)"
        }, 
        "host": "s3-media3.fl.yelpcdn.com", 
        "is_host_ip": 0, 
        "label": 0, 
        "md5": null, 
        "method": "GET", 
        "package_name": "com.yelp.android", 
        "pii_types": null, 
        "platform": "android", 
        "post_body": "-", 
        "referrer": "-", 
        "src_ip": "10.11.2.3", 
        "src_port": "35867", 
        "tk_flag": 0, 
        "ts": "1441825146.506251", 
        "uri": "/bphoto/A2VJqe7d3PB2HKL0aj-GtQ/ms.jpg", 
        "user_agent": "Dalvik/2.1.0 (Linux; U; Android 5.1.1; Nexus 6 Build/LMY48I)"
    }, 
    "1441825146.684011,CIT78k3JCV1Nnxiyah": {
        "domain": "yelpcdn.com", 
        "dst_ip": "199.27.76.175", 
        "dst_port": "80", 
        "headers": {
            "ACCEPT-ENCODING": "gzip", 
            "CONNECTION": "Keep-Alive", 
            "HOST": "s3-media4.fl.yelpcdn.com", 
            "USER-AGENT": "Dalvik/2.1.0 (Linux; U; Android 5.1.1; Nexus 6 Build/LMY48I)"
        }, 
        "host": "s3-media4.fl.yelpcdn.com", 
        "is_host_ip": 0, 
        "label": 0, 
        "md5": null, 
        "method": "GET", 
        "package_name": "com.yelp.android", 
        "pii_types": null, 
        "platform": "android", 
        "post_body": "-", 
        "referrer": "-", 
        "src_ip": "10.11.2.3", 
        "src_port": "36463", 
        "tk_flag": 0, 
        "ts": "1441825146.684011", 
        "uri": "/bphoto/k4buSPJeoQVIwRgzlTUu7Q/ms.jpg", 
        "user_agent": "Dalvik/2.1.0 (Linux; U; Android 5.1.1; Nexus 6 Build/LMY48I)"
    }, 
    "1441825146.782096,CP1qZn19rZQlwxr0P5": {
        "domain": "yelpcdn.com", 
        "dst_ip": "199.27.76.175", 
        "dst_port": "80", 
        "headers": {
            "ACCEPT-ENCODING": "gzip", 
            "CONNECTION": "Keep-Alive", 
            "HOST": "s3-media3.fl.yelpcdn.com", 
            "USER-AGENT": "Dalvik/2.1.0 (Linux; U; Android 5.1.1; Nexus 6 Build/LMY48I)"
        }, 
        "host": "s3-media3.fl.yelpcdn.com", 
        "is_host_ip": 0, 
        "label": 0, 
        "md5": null, 
        "method": "GET", 
        "package_name": "com.yelp.android", 
        "pii_types": null, 
        "platform": "android", 
        "post_body": "-", 
        "referrer": "-", 
        "src_ip": "10.11.2.3", 
        "src_port": "35867", 
        "tk_flag": 0, 
        "ts": "1441825146.782096", 
        "uri": "/bphoto/ZiV7RIRVimIA-xup6b4gYA/ms.jpg", 
        "user_agent": "Dalvik/2.1.0 (Linux; U; Android 5.1.1; Nexus 6 Build/LMY48I)"
    }, 
    "1441825146.857072,C0uiRi1gP14fcgdAz4": {
        "domain": "yelpcdn.com", 
        "dst_ip": "199.27.76.175", 
        "dst_port": "80", 
        "headers": {
            "ACCEPT-ENCODING": "gzip", 
            "CONNECTION": "Keep-Alive", 
            "HOST": "s3-media3.fl.yelpcdn.com", 
            "USER-AGENT": "Dalvik/2.1.0 (Linux; U; Android 5.1.1; Nexus 6 Build/LMY48I)"
        }, 
        "host": "s3-media3.fl.yelpcdn.com", 
        "is_host_ip": 0, 
        "label": 0, 
        "md5": null, 
        "method": "GET", 
        "package_name": "com.yelp.android", 
        "pii_types": null, 
        "platform": "android", 
        "post_body": "-", 
        "referrer": "-", 
        "src_ip": "10.11.2.3", 
        "src_port": "38362", 
        "tk_flag": 0, 
        "ts": "1441825146.857072", 
        "uri": "/bphoto/H6K5L0OLCj6EJw30r2hqAw/ms.jpg", 
        "user_agent": "Dalvik/2.1.0 (Linux; U; Android 5.1.1; Nexus 6 Build/LMY48I)"
    }, 
    "1441825147.644130,CIT78k3JCV1Nnxiyah": {
        "domain": "yelpcdn.com", 
        "dst_ip": "199.27.76.175", 
        "dst_port": "80", 
        "headers": {
            "ACCEPT-ENCODING": "gzip", 
            "CONNECTION": "Keep-Alive", 
            "HOST": "s3-media4.fl.yelpcdn.com", 
            "USER-AGENT": "Dalvik/2.1.0 (Linux; U; Android 5.1.1; Nexus 6 Build/LMY48I)"
        }, 
        "host": "s3-media4.fl.yelpcdn.com", 
        "is_host_ip": 0, 
        "label": 0, 
        "md5": null, 
        "method": "GET", 
        "package_name": "com.yelp.android", 
        "pii_types": null, 
        "platform": "android", 
        "post_body": "-", 
        "referrer": "-", 
        "src_ip": "10.11.2.3", 
        "src_port": "36463", 
        "tk_flag": 0, 
        "ts": "1441825147.644130", 
        "uri": "/bphoto/rRU--1cz5n5Sb5A-FT0CpQ/ms.jpg", 
        "user_agent": "Dalvik/2.1.0 (Linux; U; Android 5.1.1; Nexus 6 Build/LMY48I)"
    }, 
    "1441825147.808848,ChRtDC1OOXc7oB9Fa": {
        "domain": "yelpcdn.com", 
        "dst_ip": "199.27.76.175", 
        "dst_port": "80", 
        "headers": {
            "ACCEPT-ENCODING": "gzip", 
            "CONNECTION": "Keep-Alive", 
            "HOST": "s3-media4.fl.yelpcdn.com", 
            "USER-AGENT": "Dalvik/2.1.0 (Linux; U; Android 5.1.1; Nexus 6 Build/LMY48I)"
        }, 
        "host": "s3-media4.fl.yelpcdn.com", 
        "is_host_ip": 0, 
        "label": 0, 
        "md5": null, 
        "method": "GET", 
        "package_name": "com.yelp.android", 
        "pii_types": null, 
        "platform": "android", 
        "post_body": "-", 
        "referrer": "-", 
        "src_ip": "10.11.2.3", 
        "src_port": "47013", 
        "tk_flag": 0, 
        "ts": "1441825147.808848", 
        "uri": "/bphoto/ftAeOTYGJk-UEZeVwOF6PQ/ms.jpg", 
        "user_agent": "Dalvik/2.1.0 (Linux; U; Android 5.1.1; Nexus 6 Build/LMY48I)"
    }
}
