{
    "1441464580.513466,CpynPT1Lw2raoWI8Xk": {
        "domain": "google.com", 
        "dst_ip": "173.194.121.38", 
        "dst_port": "80", 
        "headers": {
            "ACCEPT-ENCODING": "gzip", 
            "CONNECTION": "Keep-Alive", 
            "HOST": "clients3.google.com", 
            "USER-AGENT": "Dalvik/2.1.0 (Linux; U; Android 5.1.1; Nexus 6 Build/LMY48I)"
        }, 
        "host": "clients3.google.com", 
        "is_host_ip": 0, 
        "label": 0, 
        "md5": null, 
        "method": "GET", 
        "package_name": "com.kiloo.subwaysurf", 
        "pii_types": null, 
        "platform": "android", 
        "post_body": "-", 
        "referrer": "-", 
        "src_ip": "10.11.2.3", 
        "src_port": "51874", 
        "tk_flag": 1, 
        "ts": "1441464580.513466", 
        "uri": "/generate_204", 
        "user_agent": "Dalvik/2.1.0 (Linux; U; Android 5.1.1; Nexus 6 Build/LMY48I)"
    }, 
    "1441464609.714361,CBJGQs36UpCjSugpKk": {
        "domain": "kiloo.com", 
        "dst_ip": "94.231.108.212", 
        "dst_port": "80", 
        "headers": {
            "ACCEPT-ENCODING": "gzip", 
            "CONNECTION": "Keep-Alive", 
            "HOST": "hoodrunner.kiloo.com", 
            "USER-AGENT": "Dalvik/2.1.0 (Linux; U; Android 5.1.1; Nexus 6 Build/LMY48I)", 
            "X-UNITY-VERSION": "4.6.3f1"
        }, 
        "host": "hoodrunner.kiloo.com", 
        "is_host_ip": 0, 
        "label": 0, 
        "md5": null, 
        "method": "GET", 
        "package_name": "com.kiloo.subwaysurf", 
        "pii_types": null, 
        "platform": "android", 
        "post_body": "-", 
        "referrer": "-", 
        "src_ip": "10.11.2.3", 
        "src_port": "42326", 
        "tk_flag": 0, 
        "ts": "1441464609.714361", 
        "uri": "/newonlinesettings.php?platform=android&locale=en-US&timezone=3.00&version=1.42.1", 
        "user_agent": "Dalvik/2.1.0 (Linux; U; Android 5.1.1; Nexus 6 Build/LMY48I)"
    }, 
    "1441464611.710748,CBJGQs36UpCjSugpKk": {
        "domain": "kiloo.com", 
        "dst_ip": "94.231.108.212", 
        "dst_port": "80", 
        "headers": {
            "ACCEPT-ENCODING": "gzip", 
            "CONNECTION": "Keep-Alive", 
            "CONTENT-LENGTH": "333", 
            "CONTENT-TYPE": "application/x-www-form-urlencoded", 
            "HOST": "hoodrunner.kiloo.com", 
            "USER-AGENT": "Dalvik/2.1.0 (Linux; U; Android 5.1.1; Nexus 6 Build/LMY48I)", 
            "X-UNITY-VERSION": "4.6.3f1"
        }, 
        "host": "hoodrunner.kiloo.com", 
        "is_host_ip": 0, 
        "label": 0, 
        "md5": null, 
        "method": "POST", 
        "package_name": "com.kiloo.subwaysurf", 
        "pii_types": null, 
        "platform": "android", 
        "post_body": "identifier=9e77cb17-739c-4879-a15a-c8b469b9c90a&checksum=f6125ca0e87272d4d704a34843d39ef9c362cfcc&version=1.42.1&gcid=&fbid=&devicetoken=APA91bG5tEaFPjCtmuq-ySUIhsafl3fqY8ulpCKv-Sn6I6IrWl00TrNbOiEx9M6V_M1G7pM9DlKVL5gph1lCqRS7FY1LY9vAirXB7AFRnwhEQrEPHxVvbqvBkHcNjQsgfNfR3kGD-g67&score=0&meters=0&games=0&rank=0&timezone=3&locale=en-US", 
        "referrer": "-", 
        "src_ip": "10.11.2.3", 
        "src_port": "42326", 
        "tk_flag": 0, 
        "ts": "1441464611.710748", 
        "uri": "/register2.php?android", 
        "user_agent": "Dalvik/2.1.0 (Linux; U; Android 5.1.1; Nexus 6 Build/LMY48I)"
    }, 
    "1441464614.156858,CmNVCv3vU70dl6m515": {
        "domain": "mdotm.com", 
        "dst_ip": "173.193.171.228", 
        "dst_port": "80", 
        "headers": {
            "CONNECTION": "Keep-Alive", 
            "HOST": "ads.mdotm.com"
        }, 
        "host": "ads.mdotm.com", 
        "is_host_ip": 0, 
        "label": 1, 
        "md5": null, 
        "method": "GET", 
        "package_name": "com.kiloo.subwaysurf", 
        "pii_types": [
            "AdvertiserId", 
            "IMEI", 
            "AndroidId"
        ], 
        "platform": "android", 
        "post_body": "-", 
        "referrer": "-", 
        "src_ip": "10.11.2.3", 
        "src_port": "49826", 
        "tk_flag": 1, 
        "ts": "1441464614.156858", 
        "uri": "/ads/feed.php?partnerkey=mdotm&apikey=mdotmsdk3&appkey=12a5fed0abcc2d292334273b78614c7e&ua=Mozilla/5.0+(Linux;+Android+5.1.1;+Nexus+6+Build/LMY48I;+wv)+AppleWebKit/537.36+(KHTML,+like+Gecko)+Version/4.0+Chrome/44.0.2403.117+Mobile+Safari/537.36&width=1440&height=2392&fmt=xhtml&v=3.0&bandwidth=173000&interstitial_ad=true&test=0&deviceid=RECON_IMEI_4ed4fe403f5a49ff846d509f5dee2c8e&aid=RECON_AndroidId_bf4d63716d0d470a8199d064de214260&vd=1.0&vidsupport=0&gaid=RECON_AdvertiserId_74420e503343401ea01c8fcbeec42dc7&ate=1", 
        "user_agent": "-"
    }, 
    "1441464617.551083,C2UXx91NM2YvWKGH2g": {
        "domain": "akamaihd.net", 
        "dst_ip": "184.51.126.83", 
        "dst_port": "80", 
        "headers": {
            "ACCEPT-ENCODING": "gzip", 
            "CONNECTION": "Keep-Alive", 
            "HOST": "tapjoycdn-a.akamaihd.net", 
            "USER-AGENT": "Dalvik/2.1.0 (Linux; U; Android 5.1.1; Nexus 6 Build/LMY48I)"
        }, 
        "host": "tapjoycdn-a.akamaihd.net", 
        "is_host_ip": 0, 
        "label": 0, 
        "md5": null, 
        "method": "GET", 
        "package_name": "com.kiloo.subwaysurf", 
        "pii_types": null, 
        "platform": "android", 
        "post_body": "-", 
        "referrer": "-", 
        "src_ip": "10.11.2.3", 
        "src_port": "51281", 
        "tk_flag": 0, 
        "ts": "1441464617.551083", 
        "uri": "/videos/src/e9fdaa6d-34b8-41fa-9374-fda3d2078dbb/b8e45423293d28dbf99b48bd9f29025c/e9fdaa6d-34b8-41fa-9374-fda3d2078dbb_baseline.mp4", 
        "user_agent": "Dalvik/2.1.0 (Linux; U; Android 5.1.1; Nexus 6 Build/LMY48I)"
    }, 
    "1441464618.893048,C1ByvLQ3fT1y864H8": {
        "domain": "kiloo.com", 
        "dst_ip": "94.231.108.212", 
        "dst_port": "80", 
        "headers": {
            "ACCEPT-ENCODING": "gzip", 
            "CONNECTION": "Keep-Alive", 
            "CONTENT-LENGTH": "13", 
            "CONTENT-TYPE": "application/x-www-form-urlencoded", 
            "HOST": "hoodrunner.kiloo.com", 
            "USER-AGENT": "Dalvik/2.1.0 (Linux; U; Android 5.1.1; Nexus 6 Build/LMY48I)", 
            "X-UNITY-VERSION": "4.6.3f1"
        }, 
        "host": "hoodrunner.kiloo.com", 
        "is_host_ip": 0, 
        "label": 0, 
        "md5": null, 
        "method": "POST", 
        "package_name": "com.kiloo.subwaysurf", 
        "pii_types": null, 
        "platform": "android", 
        "post_body": "key=WCBE325IB", 
        "referrer": "-", 
        "src_ip": "10.11.2.3", 
        "src_port": "59638", 
        "tk_flag": 0, 
        "ts": "1441464618.893048", 
        "uri": "/hr_dailyquests2.php", 
        "user_agent": "Dalvik/2.1.0 (Linux; U; Android 5.1.1; Nexus 6 Build/LMY48I)"
    }, 
    "1441464740.077730,CaQiqJWIFNi14JsVe": {
        "domain": "kiloo.com", 
        "dst_ip": "94.231.108.212", 
        "dst_port": "80", 
        "headers": {
            "ACCEPT-ENCODING": "gzip", 
            "CONNECTION": "Keep-Alive", 
            "CONTENT-LENGTH": "13", 
            "CONTENT-TYPE": "application/x-www-form-urlencoded", 
            "HOST": "hoodrunner.kiloo.com", 
            "USER-AGENT": "Dalvik/2.1.0 (Linux; U; Android 5.1.1; Nexus 6 Build/LMY48I)", 
            "X-UNITY-VERSION": "4.6.3f1"
        }, 
        "host": "hoodrunner.kiloo.com", 
        "is_host_ip": 0, 
        "label": 0, 
        "md5": null, 
        "method": "POST", 
        "package_name": "com.kiloo.subwaysurf", 
        "pii_types": null, 
        "platform": "android", 
        "post_body": "key=LPOM428LP", 
        "referrer": "-", 
        "src_ip": "10.11.2.3", 
        "src_port": "55142", 
        "tk_flag": 0, 
        "ts": "1441464740.077730", 
        "uri": "/hr_dailyquests2.php", 
        "user_agent": "Dalvik/2.1.0 (Linux; U; Android 5.1.1; Nexus 6 Build/LMY48I)"
    }, 
    "1441464740.723305,CaQiqJWIFNi14JsVe": {
        "domain": "kiloo.com", 
        "dst_ip": "94.231.108.212", 
        "dst_port": "80", 
        "headers": {
            "ACCEPT-ENCODING": "gzip", 
            "CONNECTION": "Keep-Alive", 
            "CONTENT-LENGTH": "350", 
            "CONTENT-TYPE": "application/x-www-form-urlencoded", 
            "HOST": "hoodrunner.kiloo.com", 
            "USER-AGENT": "Dalvik/2.1.0 (Linux; U; Android 5.1.1; Nexus 6 Build/LMY48I)", 
            "X-UNITY-VERSION": "4.6.3f1"
        }, 
        "host": "hoodrunner.kiloo.com", 
        "is_host_ip": 0, 
        "label": 0, 
        "md5": null, 
        "method": "POST", 
        "package_name": "com.kiloo.subwaysurf", 
        "pii_types": null, 
        "platform": "android", 
        "post_body": "identifier=5e1ef69e-cbf5-498e-93ad-5fd9fbd07f09&checksum=676d234a4b1c10008cead04642744afb8b0af83f&version=1.42.1&gcid=&fbid=497569130407429&devicetoken=APA91bG5tEaFPjCtmuq-ySUIhsafl3fqY8ulpCKv-Sn6I6IrWl00TrNbOiEx9M6V_M1G7pM9DlKVL5gph1lCqRS7FY1LY9vAirXB7AFRnwhEQrEPHxVvbqvBkHcNjQsgfNfR3kGD-g67&score=663&meters=0&games=0&rank=0&timezone=3&locale=en-US", 
        "referrer": "-", 
        "src_ip": "10.11.2.3", 
        "src_port": "55142", 
        "tk_flag": 0, 
        "ts": "1441464740.723305", 
        "uri": "/register2.php?android", 
        "user_agent": "Dalvik/2.1.0 (Linux; U; Android 5.1.1; Nexus 6 Build/LMY48I)"
    }, 
    "1441464740.821626,C93V684fmjNjniT4J6": {
        "domain": "facebook.com", 
        "dst_ip": "66.220.158.19", 
        "dst_port": "80", 
        "headers": {
            "ACCEPT-ENCODING": "gzip", 
            "CONNECTION": "Keep-Alive", 
            "HOST": "graph.facebook.com", 
            "USER-AGENT": "Dalvik/2.1.0 (Linux; U; Android 5.1.1; Nexus 6 Build/LMY48I)", 
            "X-UNITY-VERSION": "4.6.3f1"
        }, 
        "host": "graph.facebook.com", 
        "is_host_ip": 0, 
        "label": 0, 
        "md5": null, 
        "method": "GET", 
        "package_name": "com.kiloo.subwaysurf", 
        "pii_types": null, 
        "platform": "android", 
        "post_body": "-", 
        "referrer": "-", 
        "src_ip": "10.11.2.3", 
        "src_port": "56212", 
        "tk_flag": 1, 
        "ts": "1441464740.821626", 
        "uri": "/497569130407429/picture?type=square", 
        "user_agent": "Dalvik/2.1.0 (Linux; U; Android 5.1.1; Nexus 6 Build/LMY48I)"
    }, 
    "1441464822.810770,Cd0j8x4M22M0wlOz3g": {
        "domain": "kiloo.com", 
        "dst_ip": "94.231.108.212", 
        "dst_port": "80", 
        "headers": {
            "CONNECTION": "close", 
            "DATE": "Sat\\x2c 05 Sep 2015 14:53:40 GMT", 
            "HOST": "hoodrunner.kiloo.com", 
            "KILOO-APP-IDENTIFIER": "subway_surfers", 
            "KILOO-APP-VERSION": "1.42.1", 
            "KILOO-BUILD-IDENTIFIER": "android", 
            "KILOO-DEVICE-COUNTRY": "US", 
            "KILOO-DEVICE-LANGUAGE": "en", 
            "KILOO-DEVICE-MODEL": "motorola Nexus 6", 
            "KILOO-DEVICE-TIME-ZONE": "+03:00", 
            "KILOO-OS-IDENTIFIER": "android", 
            "KILOO-OS-VERSION": "Android OS 5.1.1 / API-22 (LMY48I/2074855)"
        }, 
        "host": "hoodrunner.kiloo.com", 
        "is_host_ip": 0, 
        "label": 0, 
        "md5": null, 
        "method": "GET", 
        "package_name": "com.kiloo.subwaysurf", 
        "pii_types": null, 
        "platform": "android", 
        "post_body": "-", 
        "referrer": "-", 
        "src_ip": "10.11.2.3", 
        "src_port": "60951", 
        "tk_flag": 0, 
        "ts": "1441464822.810770", 
        "uri": "/externalip.php", 
        "user_agent": "-"
    }, 
    "1441464913.255526,Cqv2L94HxcvThzstP8": {
        "domain": "kiloo.com", 
        "dst_ip": "94.231.108.212", 
        "dst_port": "80", 
        "headers": {
            "ACCEPT-ENCODING": "gzip", 
            "CONNECTION": "Keep-Alive", 
            "CONTENT-LENGTH": "13", 
            "CONTENT-TYPE": "application/x-www-form-urlencoded", 
            "HOST": "hoodrunner.kiloo.com", 
            "USER-AGENT": "Dalvik/2.1.0 (Linux; U; Android 5.1.1; Nexus 6 Build/LMY48I)", 
            "X-UNITY-VERSION": "4.6.3f1"
        }, 
        "host": "hoodrunner.kiloo.com", 
        "is_host_ip": 0, 
        "label": 0, 
        "md5": null, 
        "method": "POST", 
        "package_name": "com.kiloo.subwaysurf", 
        "pii_types": null, 
        "platform": "android", 
        "post_body": "key=DAYQ133DA", 
        "referrer": "-", 
        "src_ip": "10.11.2.3", 
        "src_port": "49214", 
        "tk_flag": 0, 
        "ts": "1441464913.255526", 
        "uri": "/hr_dailyquests2.php", 
        "user_agent": "Dalvik/2.1.0 (Linux; U; Android 5.1.1; Nexus 6 Build/LMY48I)"
    }, 
    "1441464914.365948,CJAplMququ4Pq4V38": {
        "domain": "facebook.com", 
        "dst_ip": "173.252.112.23", 
        "dst_port": "80", 
        "headers": {
            "ACCEPT-ENCODING": "gzip", 
            "CONNECTION": "Keep-Alive", 
            "HOST": "graph.facebook.com", 
            "USER-AGENT": "Dalvik/2.1.0 (Linux; U; Android 5.1.1; Nexus 6 Build/LMY48I)", 
            "X-UNITY-VERSION": "4.6.3f1"
        }, 
        "host": "graph.facebook.com", 
        "is_host_ip": 0, 
        "label": 0, 
        "md5": null, 
        "method": "GET", 
        "package_name": "com.kiloo.subwaysurf", 
        "pii_types": null, 
        "platform": "android", 
        "post_body": "-", 
        "referrer": "-", 
        "src_ip": "10.11.2.3", 
        "src_port": "33873", 
        "tk_flag": 1, 
        "ts": "1441464914.365948", 
        "uri": "/497569130407429/picture?type=square", 
        "user_agent": "Dalvik/2.1.0 (Linux; U; Android 5.1.1; Nexus 6 Build/LMY48I)"
    }, 
    "1441464967.643035,CtidI81e0RsPN0mcb": {
        "domain": "kiloo.com", 
        "dst_ip": "94.231.108.212", 
        "dst_port": "80", 
        "headers": {
            "ACCEPT-ENCODING": "gzip", 
            "CONNECTION": "Keep-Alive", 
            "CONTENT-LENGTH": "132", 
            "CONTENT-TYPE": "application/x-www-form-urlencoded", 
            "HOST": "hoodrunner.kiloo.com", 
            "USER-AGENT": "Dalvik/2.1.0 (Linux; U; Android 5.1.1; Nexus 6 Build/LMY48I)", 
            "X-UNITY-VERSION": "4.6.3f1"
        }, 
        "host": "hoodrunner.kiloo.com", 
        "is_host_ip": 0, 
        "label": 0, 
        "md5": null, 
        "method": "POST", 
        "package_name": "com.kiloo.subwaysurf", 
        "pii_types": null, 
        "platform": "android", 
        "post_body": "identifier=88ae8aa5-afb1-448d-bcee-5703439fc776&checksum=40edbaa9bda47961131f1f74f3dc4118d62070c0&userid=201238175&score=783&games=4", 
        "referrer": "-", 
        "src_ip": "10.11.2.3", 
        "src_port": "51800", 
        "tk_flag": 0, 
        "ts": "1441464967.643035", 
        "uri": "/report2.php?android", 
        "user_agent": "Dalvik/2.1.0 (Linux; U; Android 5.1.1; Nexus 6 Build/LMY48I)"
    }
}
