{
    "1442523924.755807,CgLqKT3hGpqHZdTAi1": {
        "domain": "google.com", 
        "dst_ip": "216.58.216.78", 
        "dst_port": "80", 
        "headers": {
            "ACCEPT-ENCODING": "gzip", 
            "CONNECTION": "Keep-Alive", 
            "HOST": "clients3.google.com", 
            "USER-AGENT": "Dalvik/2.1.0 (Linux; U; Android 5.1.1; Nexus 6 Build/LMY48I)"
        }, 
        "host": "clients3.google.com", 
        "is_host_ip": 0, 
        "label": 0, 
        "md5": null, 
        "method": "GET", 
        "package_name": "com.oovoo", 
        "pii_types": null, 
        "platform": "android", 
        "post_body": "-", 
        "referrer": "-", 
        "src_ip": "10.11.2.3", 
        "src_port": "38384", 
        "tk_flag": 1, 
        "ts": "1442523924.755807", 
        "uri": "/generate_204", 
        "user_agent": "Dalvik/2.1.0 (Linux; U; Android 5.1.1; Nexus 6 Build/LMY48I)"
    }, 
    "1442523925.997731,CgLqKT3hGpqHZdTAi1": {
        "domain": "google.com", 
        "dst_ip": "216.58.216.78", 
        "dst_port": "80", 
        "headers": {
            "ACCEPT-ENCODING": "gzip", 
            "CONNECTION": "Keep-Alive", 
            "HOST": "clients3.google.com", 
            "USER-AGENT": "Dalvik/2.1.0 (Linux; U; Android 5.1.1; Nexus 6 Build/LMY48I)"
        }, 
        "host": "clients3.google.com", 
        "is_host_ip": 0, 
        "label": 0, 
        "md5": null, 
        "method": "GET", 
        "package_name": "com.oovoo", 
        "pii_types": null, 
        "platform": "android", 
        "post_body": "-", 
        "referrer": "-", 
        "src_ip": "10.11.2.3", 
        "src_port": "38384", 
        "tk_flag": 1, 
        "ts": "1442523925.997731", 
        "uri": "/generate_204", 
        "user_agent": "Dalvik/2.1.0 (Linux; U; Android 5.1.1; Nexus 6 Build/LMY48I)"
    }, 
    "1442523926.380772,CgLqKT3hGpqHZdTAi1": {
        "domain": "google.com", 
        "dst_ip": "216.58.216.78", 
        "dst_port": "80", 
        "headers": {
            "ACCEPT-ENCODING": "gzip", 
            "CONNECTION": "Keep-Alive", 
            "HOST": "clients3.google.com", 
            "USER-AGENT": "Dalvik/2.1.0 (Linux; U; Android 5.1.1; Nexus 6 Build/LMY48I)"
        }, 
        "host": "clients3.google.com", 
        "is_host_ip": 0, 
        "label": 0, 
        "md5": null, 
        "method": "GET", 
        "package_name": "com.oovoo", 
        "pii_types": null, 
        "platform": "android", 
        "post_body": "-", 
        "referrer": "-", 
        "src_ip": "10.11.2.3", 
        "src_port": "38384", 
        "tk_flag": 1, 
        "ts": "1442523926.380772", 
        "uri": "/generate_204", 
        "user_agent": "Dalvik/2.1.0 (Linux; U; Android 5.1.1; Nexus 6 Build/LMY48I)"
    }, 
    "1442523984.003361,CtsfCD4BcZFsIJFs1g": {
        "domain": "scorecardresearch.com", 
        "dst_ip": "23.14.84.179", 
        "dst_port": "80", 
        "headers": {
            "ACCEPT-ENCODING": "gzip", 
            "CONNECTION": "Close", 
            "HOST": "b.scorecardresearch.com", 
            "USER-AGENT": "Dalvik/2.1.0 (Linux; U; Android 5.1.1; Nexus 6 Build/LMY48I)"
        }, 
        "host": "b.scorecardresearch.com", 
        "is_host_ip": 0, 
        "label": 0, 
        "md5": null, 
        "method": "GET", 
        "package_name": "com.oovoo", 
        "pii_types": null, 
        "platform": "android", 
        "post_body": "-", 
        "referrer": "-", 
        "src_ip": "10.11.2.3", 
        "src_port": "34881", 
        "tk_flag": 1, 
        "ts": "1442523984.003361", 
        "uri": "/p2?c1=19&c2=11460930&ns_ap_an=ooVoo&ns_ap_pn=android&ns_ap_pv=5.1.1&c12=ca794b64aebb14aebe9c677e364eeb80-cs31&name=start&ns_ak=pxQ0TOc0aZh60YVFwotucB686xb+qY5eWfIa/Q18Spk96CYmVyqmmR7dLnevPwxP1WWOO3smDrneqZLKoSfTsJU7W6qQFmTswNoAgZb5AnnsErBGuoVbD7QEa5BqSqCJvGjZCQSsvcgLaQ4K0HSh7HmjGNq1eOnPwKe1lreszLM=&ns_ap_ec=1&ns_ap_ev=start&ns_ap_device=shamu&ns_ap_id=1442523977471&ns_ap_csf=1&ns_ap_bi=com.oovoo&ns_ap_pfm=android&ns_ap_pfv=5.1.1&ns_ap_ver=2.6.1&ns_ap_sv=3.1502.26&ns_type=view&ns_radio=wifi&ns_nc=1&ns_ap_gs=1442523977180&ns_ap_jb=0&ns_ap_res=1440x2392&ns_ap_install=1442523977180&ns_ap_lastrun=0&ns_ap_cs=1&ns_ap_runs=1&ns_ap_usage=291&ns_ap_fg=1&ns_ap_ft=1&ns_ap_dft=1&ns_ap_bt=0&ns_ap_dbt=0&ns_ap_dit=289&ns_ap_as=1&ns_ap_das=290&ns_ap_it=289&ns_ap_lang=en&ns_ap_ar=armv7l&ns_ts=1442523977471", 
        "user_agent": "Dalvik/2.1.0 (Linux; U; Android 5.1.1; Nexus 6 Build/LMY48I)"
    }, 
    "1442523984.046516,Cv8EbpcD7uGZsxOvg": {
        "domain": "oovoo.com", 
        "dst_ip": "128.177.122.31", 
        "dst_port": "80", 
        "headers": {
            "ACCEPT": "application/json", 
            "CONNECTION": "Keep-Alive", 
            "CONTENT-ENCODING": "gzip", 
            "CONTENT-LENGTH": "205", 
            "CONTENT-TYPE": "application/json", 
            "HOST": "sensor.oovoo.com", 
            "USER-AGENT": "ooVoo/2.6.1.3676(motorola/Nexus 6;Android/5.1.1;en)"
        }, 
        "host": "sensor.oovoo.com", 
        "is_host_ip": 0, 
        "label": 0, 
        "md5": null, 
        "method": "POST", 
        "package_name": "com.oovoo", 
        "pii_types": null, 
        "platform": "android", 
        "post_body": "{\"Event\":{\"os\":\"Android 5.1.1\",\"dev\":\"Nexus 6\",\"ct\":\"Android\",\"cv\":\"2.6.1.3676\",\"cat\":\"pushtoken_ok\",\"errl\":0,\"api\":\"service\",\"err\":\"0\",\"serr\":\"0\",\"errtype\":\"stats\",\"ts\":\"1442523977548\",\"appst\":\"act\",\"data\":\"{\\\"old\\\":\\\"none\\\",\\\"new\\\":\\\"gcm\\\"}\",\"errdomain\":\"\",\"exname\":\"\",\"desc\":\"\"}}", 
        "referrer": "-", 
        "src_ip": "10.11.2.3", 
        "src_port": "51354", 
        "tk_flag": 0, 
        "ts": "1442523984.046516", 
        "uri": "/error/service/", 
        "user_agent": "ooVoo/2.6.1.3676(motorola/Nexus 6;Android/5.1.1;en)"
    }, 
    "1442523984.241878,CNJK0u22foWaGCKePc": {
        "domain": "gwallet.com", 
        "dst_ip": "74.217.253.61", 
        "dst_port": "80", 
        "headers": {
            "ACCEPT-ENCODING": "gzip\\x2c deflate", 
            "CONNECTION": "Keep-Alive", 
            "CONTENT-LENGTH": "1321", 
            "CONTENT-TYPE": "text/plain; charset=ISO-8859-1", 
            "HOST": "rp.gwallet.com:80"
        }, 
        "host": "rp.gwallet.com", 
        "is_host_ip": 0, 
        "label": 1, 
        "md5": null, 
        "method": "POST", 
        "package_name": "com.oovoo", 
        "pii_types": [
            "AdvertiserId"
        ], 
        "platform": "android", 
        "post_body": "{\"source\":\"ADVERTISER_SDK\",\"version\":\"2\",\"sdk_version\":\"2.3.0\",\"application_id\":\"ooVoo (com.oovoo)\",\"application_version\":\"2.6.1\",\"conn_type\":\"WIFI\",\"device_type\":\"HANDHELD\",\"user_language\":\"en_US\",\"user_agent\":\"Apache-HttpClient\\/UNAVAILABLE (java 1.4)\",\"screen_resolution\":\"1440x2392\",\"viewport_size\":\"1440x2392\",\"bundle_name\":\"com.oovoo\",\"application_name\":\"ooVoo\",\"device_info\":{\"os\":\"Android\",\"os_version\":\"5.1.1\",\"model\":\"Nexus 6\",\"make\":\"motorola\",\"ip_v4\":\"\\\\u000A\\\\u0070\\\\u0040\\\\u00D2\",\"os_language\":\"en\",\"country\":\"US\",\"timezone_offset\":10800,\"id_info\":{\"opt_out\":false,\"adv_id\":\"RECON_AdvertiserId_3099cfaab50b431caefffdc307384140\",\"dpid\":\"RECON_AdvertiserId_3099cfaab50b431caefffdc307384140\",\"dpid_sha1\":\"c7d0eecf7b84b93b1e7968ff402497f3cb5f666c\",\"dpid_md5\":\"4cd66d2d07d535940cfbf565dd983642\",\"r1_daid\":\"5646767A-F916-4AC5-AF6D-4A418F955227\"}},\"event_info\":[{\"event_name\":\"Session Start\",\"timestamp\":1442523977401,\"transaction_id\":\"\\\\u006C\\\\u00F6\\\\u00CA\\\\u0038\\\\u00E4\\\\u0021\\\\u0043\\\\u001B\\\\u0092\\\\u0091\\\\u0046\\\\u0047\\\\u00F4\\\\u004D\\\\u0010\\\\u004B\",\"session_id\":\"a9ddd22f-a229-46ac-a9a1-c26d8dec8c2d\"},{\"event_name\":\"First Launch\",\"timestamp\":1442523977426,\"transaction_id\":\"\\\\u00F7\\\\u00A4\\\\u000F\\\\u0074\\\\u0059\\\\u00D4\\\\u0046\\\\u00CD\\\\u0083\\\\u0049\\\\u0049\\\\u00F3\\\\u004B\\\\u0021\\\\u002B\\\\u0070\",\"session_id\":\"a9ddd22f-a229-46ac-a9a1-c26d8dec8c2d\"}]}", 
        "referrer": "-", 
        "src_ip": "10.11.2.3", 
        "src_port": "59444", 
        "tk_flag": 0, 
        "ts": "1442523984.241878", 
        "uri": "/r1t/evt3/A94BB7CC-7C9D-4B61-AF35-A37366F91363?v=2", 
        "user_agent": "-"
    }, 
    "1442523984.931299,CrIWjr1jdqHQwbSy7i": {
        "domain": "millennialmedia.com", 
        "dst_ip": "23.3.13.243", 
        "dst_port": "80", 
        "headers": {
            "CONNECTION": "Keep-Alive", 
            "HOST": "cdn.millennialmedia.com", 
            "USER-AGENT": "Apache-HttpClient/UNAVAILABLE (java 1.4)"
        }, 
        "host": "cdn.millennialmedia.com", 
        "is_host_ip": 0, 
        "label": 0, 
        "md5": null, 
        "method": "GET", 
        "package_name": "com.oovoo", 
        "pii_types": null, 
        "platform": "android", 
        "post_body": "-", 
        "referrer": "-", 
        "src_ip": "10.11.2.3", 
        "src_port": "59051", 
        "tk_flag": 1, 
        "ts": "1442523984.931299", 
        "uri": "/mmjs/v1.8/mm.js", 
        "user_agent": "Apache-HttpClient/UNAVAILABLE (java 1.4)"
    }, 
    "1442523984.931310,CiPRb537QMRNqO1ezk": {
        "domain": "millennialmedia.com", 
        "dst_ip": "23.3.13.243", 
        "dst_port": "80", 
        "headers": {
            "CONNECTION": "Keep-Alive", 
            "HOST": "cdn.millennialmedia.com", 
            "USER-AGENT": "Apache-HttpClient/UNAVAILABLE (java 1.4)"
        }, 
        "host": "cdn.millennialmedia.com", 
        "is_host_ip": 0, 
        "label": 0, 
        "md5": null, 
        "method": "GET", 
        "package_name": "com.oovoo", 
        "pii_types": null, 
        "platform": "android", 
        "post_body": "-", 
        "referrer": "-", 
        "src_ip": "10.11.2.3", 
        "src_port": "57539", 
        "tk_flag": 1, 
        "ts": "1442523984.931310", 
        "uri": "/mmjs/v1.8/mm.js", 
        "user_agent": "Apache-HttpClient/UNAVAILABLE (java 1.4)"
    }, 
    "1442523985.414293,CuUFTk2gxO2Ku3YkQ4": {
        "domain": "oovoo.com", 
        "dst_ip": "23.209.184.146", 
        "dst_port": "80", 
        "headers": {
            "ACCEPT-ENCODING": "gzip", 
            "CONNECTION": "Keep-Alive", 
            "HOST": "c.oovoo.com", 
            "USER-AGENT": "Dalvik/2.1.0 (Linux; U; Android 5.1.1; Nexus 6 Build/LMY48I)"
        }, 
        "host": "c.oovoo.com", 
        "is_host_ip": 0, 
        "label": 0, 
        "md5": null, 
        "method": "GET", 
        "package_name": "com.oovoo", 
        "pii_types": null, 
        "platform": "android", 
        "post_body": "-", 
        "referrer": "-", 
        "src_ip": "10.11.2.3", 
        "src_port": "46307", 
        "tk_flag": 0, 
        "ts": "1442523985.414293", 
        "uri": "/XmlConfig/android/4.2/22/motorola/Nexus 6/", 
        "user_agent": "Dalvik/2.1.0 (Linux; U; Android 5.1.1; Nexus 6 Build/LMY48I)"
    }, 
    "1442523985.414659,C9wq6O27GsIYSYVuN6": {
        "domain": "oovoo.com", 
        "dst_ip": "23.209.184.146", 
        "dst_port": "80", 
        "headers": {
            "CONNECTION": "Keep-Alive", 
            "HOST": "c.oovoo.com"
        }, 
        "host": "c.oovoo.com", 
        "is_host_ip": 0, 
        "label": 0, 
        "md5": null, 
        "method": "GET", 
        "package_name": "com.oovoo", 
        "pii_types": null, 
        "platform": "android", 
        "post_body": "-", 
        "referrer": "-", 
        "src_ip": "10.11.2.3", 
        "src_port": "40443", 
        "tk_flag": 0, 
        "ts": "1442523985.414659", 
        "uri": "/OSconfig/andr/1.1/settings.xml", 
        "user_agent": "-"
    }, 
    "1442523992.271647,CazqYF1Yg1ldWDhi1b": {
        "domain": "oovoo.com", 
        "dst_ip": "63.111.11.187", 
        "dst_port": "80", 
        "headers": {
            "ACCEPT": "application/json", 
            "CONNECTION": "Keep-Alive", 
            "CONTENT-LENGTH": "423", 
            "CONTENT-TYPE": "application/json", 
            "HOST": "rtm.oovoo.com", 
            "USER-AGENT": "ooVoo/2.6.1.3676(motorola/Nexus 6;Android/5.1.1;en)"
        }, 
        "host": "rtm.oovoo.com", 
        "is_host_ip": 0, 
        "label": 1, 
        "md5": null, 
        "method": "POST", 
        "package_name": "com.oovoo", 
        "pii_types": [
            "AndroidId"
        ], 
        "platform": "android", 
        "post_body": "{\"Event\":{\"ID\":\"1200\",\"UserID\":\"\",\"FBID\":\"\",\"ooVooVer\":\"2.6.1.3676\",\"OS\":\"Android 5.1.1\",\"SubCT\":\"normal\",\"DeviceModel\":\"Nexus 6\",\"InstID\":\"RECON_AndroidId_65d1a91877054deab4c692a8439447f2\",\"Platform\":\"Client\",\"RTMGUID\":\"e3e438eb-295b-4c23-9013-c2afb76b1206\",\"Manu\":\"motorola\",\"CT\":\"Android\",\"Type\":\"Usage\",\"Carrier\":\"WiFi\"},\"Att\":{\"OnboardingKey\":\"622eba74-68d1-4e84-9481-65569bf4c6d4\",\"SignupID\":\"1\",\"Longitude\":\"\",\"Latitude\":\"\",\"LocationTimestamp\":\"\"}}", 
        "referrer": "-", 
        "src_ip": "10.11.2.3", 
        "src_port": "48426", 
        "tk_flag": 0, 
        "ts": "1442523992.271647", 
        "uri": "/ooVooAnalyticsWeb/ActivityMetrics/CreateEventJson/1200", 
        "user_agent": "ooVoo/2.6.1.3676(motorola/Nexus 6;Android/5.1.1;en)"
    }, 
    "1442523992.535029,CicsVBtgbfwHqB2O8": {
        "domain": "oovoo.com", 
        "dst_ip": "128.177.122.31", 
        "dst_port": "80", 
        "headers": {
            "ACCEPT": "application/json", 
            "CONNECTION": "Keep-Alive", 
            "CONTENT-ENCODING": "gzip", 
            "CONTENT-LENGTH": "191", 
            "CONTENT-TYPE": "application/json", 
            "HOST": "sensor.oovoo.com", 
            "USER-AGENT": "ooVoo/2.6.1.3676(motorola/Nexus 6;Android/5.1.1;en)"
        }, 
        "host": "sensor.oovoo.com", 
        "is_host_ip": 0, 
        "label": 0, 
        "md5": null, 
        "method": "POST", 
        "package_name": "com.oovoo", 
        "pii_types": null, 
        "platform": "android", 
        "post_body": "{\"Event\":{\"os\":\"Android 5.1.1\",\"dev\":\"Nexus 6\",\"ct\":\"Android\",\"cv\":\"2.6.1.3676\",\"cat\":\"location\",\"errl\":0,\"api\":\"getlastlocation\",\"err\":\"13\",\"serr\":\"0\",\"errtype\":\"custom\",\"ts\":\"1442523985758\",\"appst\":\"act\",\"cnt\":\"wifi\",\"data\":\"\",\"errdomain\":\"\",\"exname\":\"\",\"desc\":\"\"}}", 
        "referrer": "-", 
        "src_ip": "10.11.2.3", 
        "src_port": "57609", 
        "tk_flag": 0, 
        "ts": "1442523992.535029", 
        "uri": "/error/getLastLocation/", 
        "user_agent": "ooVoo/2.6.1.3676(motorola/Nexus 6;Android/5.1.1;en)"
    }, 
    "1442523992.816381,C3V0JE3EuYnHt8rWw1": {
        "domain": "oovoo.com", 
        "dst_ip": "63.111.11.187", 
        "dst_port": "80", 
        "headers": {
            "ACCEPT": "application/json", 
            "CONNECTION": "Keep-Alive", 
            "CONTENT-LENGTH": "353", 
            "CONTENT-TYPE": "application/json", 
            "HOST": "rtm.oovoo.com", 
            "USER-AGENT": "ooVoo/2.6.1.3676(motorola/Nexus 6;Android/5.1.1;en)"
        }, 
        "host": "rtm.oovoo.com", 
        "is_host_ip": 0, 
        "label": 1, 
        "md5": null, 
        "method": "POST", 
        "package_name": "com.oovoo", 
        "pii_types": [
            "AndroidId"
        ], 
        "platform": "android", 
        "post_body": "{\"Event\":{\"ID\":\"1055\",\"UserID\":\"\",\"FBID\":\"\",\"ooVooVer\":\"2.6.1.3676\",\"OS\":\"Android 5.1.1\",\"SubCT\":\"normal\",\"DeviceModel\":\"Nexus 6\",\"InstID\":\"RECON_AndroidId_05ebbedb532e4b08aa20d8f952ccdab9\",\"Platform\":\"Client\",\"RTMGUID\":\"e0669199-5636-4cea-b849-a96059cd854a\",\"Manu\":\"motorola\",\"CT\":\"Android\",\"Type\":\"Usage\",\"Carrier\":\"WiFi\"},\"Att\":{\"Longitude\":\"\",\"Latitude\":\"\",\"LocationTimestamp\":\"\"}}", 
        "referrer": "-", 
        "src_ip": "10.11.2.3", 
        "src_port": "54689", 
        "tk_flag": 0, 
        "ts": "1442523992.816381", 
        "uri": "/ooVooAnalyticsWeb/ActivityMetrics/CreateEventJson/1055", 
        "user_agent": "ooVoo/2.6.1.3676(motorola/Nexus 6;Android/5.1.1;en)"
    }, 
    "1442524030.745775,CCLq1T1efv0otCT3P2": {
        "domain": "oovoo.com", 
        "dst_ip": "128.177.122.31", 
        "dst_port": "80", 
        "headers": {
            "ACCEPT": "application/json", 
            "CONNECTION": "Keep-Alive", 
            "CONTENT-LENGTH": "251", 
            "CONTENT-TYPE": "application/json", 
            "HOST": "sensor.oovoo.com", 
            "USER-AGENT": "ooVoo/2.6.1.3676(motorola/Nexus 6;Android/5.1.1;en)"
        }, 
        "host": "sensor.oovoo.com", 
        "is_host_ip": 0, 
        "label": 0, 
        "md5": null, 
        "method": "POST", 
        "package_name": "com.oovoo", 
        "pii_types": null, 
        "platform": "android", 
        "post_body": "{\"Event\":{\"os\":\"Android 5.1.1\",\"dev\":\"Nexus 6\",\"ct\":\"Android\",\"cv\":\"2.6.1.3676\",\"cat\":\"ws\",\"errl\":0,\"api\":\"ws5_wm005\",\"err\":\"-5\",\"serr\":\"0\",\"errtype\":\"be\",\"ts\":\"1442524024478\",\"appst\":\"act\",\"cnt\":\"wifi\",\"data\":\"\",\"errdomain\":\"\",\"exname\":\"\",\"desc\":\"\"}}", 
        "referrer": "-", 
        "src_ip": "10.11.2.3", 
        "src_port": "40515", 
        "tk_flag": 0, 
        "ts": "1442524030.745775", 
        "uri": "/error/ws5_wm005/", 
        "user_agent": "ooVoo/2.6.1.3676(motorola/Nexus 6;Android/5.1.1;en)"
    }, 
    "1442524038.506706,CdFWqn2XhOpHHrKqw7": {
        "domain": "oovoo.com", 
        "dst_ip": "63.111.11.187", 
        "dst_port": "80", 
        "headers": {
            "ACCEPT": "application/json", 
            "CONNECTION": "Keep-Alive", 
            "CONTENT-LENGTH": "386", 
            "CONTENT-TYPE": "application/json", 
            "HOST": "rtm.oovoo.com", 
            "USER-AGENT": "ooVoo/2.6.1.3676(motorola/Nexus 6;Android/5.1.1;en)"
        }, 
        "host": "rtm.oovoo.com", 
        "is_host_ip": 0, 
        "label": 1, 
        "md5": null, 
        "method": "POST", 
        "package_name": "com.oovoo", 
        "pii_types": [
            "AndroidId"
        ], 
        "platform": "android", 
        "post_body": "{\"Event\":{\"ID\":\"1055\",\"UserID\":\"\",\"FBID\":\"\",\"ooVooVer\":\"2.6.1.3676\",\"OS\":\"Android 5.1.1\",\"SubCT\":\"normal\",\"DeviceModel\":\"Nexus 6\",\"InstID\":\"RECON_AndroidId_d6710ff61d454146920ccfad21ff2d92\",\"Platform\":\"Client\",\"RTMGUID\":\"05860f88-0cff-488b-aeed-4d429c8489d8\",\"Manu\":\"motorola\",\"CT\":\"Android\",\"Type\":\"Usage\",\"Carrier\":\"WiFi\"},\"Att\":{\"Longitude\":\"24.9616544\",\"Latitude\":\"60.2040755\",\"LocationTimestamp\":\"1442523972664\"}}", 
        "referrer": "-", 
        "src_ip": "10.11.2.3", 
        "src_port": "54217", 
        "tk_flag": 0, 
        "ts": "1442524038.506706", 
        "uri": "/ooVooAnalyticsWeb/ActivityMetrics/CreateEventJson/1055", 
        "user_agent": "ooVoo/2.6.1.3676(motorola/Nexus 6;Android/5.1.1;en)"
    }, 
    "1442524038.508753,Ca1UZv4AuSysihnlef": {
        "domain": "gwallet.com", 
        "dst_ip": "74.217.253.61", 
        "dst_port": "80", 
        "headers": {
            "ACCEPT-ENCODING": "gzip\\x2c deflate", 
            "CONNECTION": "Keep-Alive", 
            "CONTENT-LENGTH": "1086", 
            "CONTENT-TYPE": "text/plain; charset=ISO-8859-1", 
            "HOST": "rp.gwallet.com:80"
        }, 
        "host": "rp.gwallet.com", 
        "is_host_ip": 0, 
        "label": 1, 
        "md5": null, 
        "method": "POST", 
        "package_name": "com.oovoo", 
        "pii_types": [
            "AdvertiserId"
        ], 
        "platform": "android", 
        "post_body": "{\"source\":\"ADVERTISER_SDK\",\"version\":\"2\",\"sdk_version\":\"2.3.0\",\"application_id\":\"ooVoo (com.oovoo)\",\"application_version\":\"2.6.1\",\"conn_type\":\"WIFI\",\"device_type\":\"HANDHELD\",\"user_language\":\"en_US\",\"user_agent\":\"Apache-HttpClient\\/UNAVAILABLE (java 1.4)\",\"screen_resolution\":\"1440x2392\",\"viewport_size\":\"1440x2392\",\"bundle_name\":\"com.oovoo\",\"application_name\":\"ooVoo\",\"device_info\":{\"os\":\"Android\",\"os_version\":\"5.1.1\",\"model\":\"Nexus 6\",\"make\":\"motorola\",\"ip_v4\":\"\\\\u000A\\\\u0070\\\\u0040\\\\u00D2\",\"os_language\":\"en\",\"country\":\"US\",\"timezone_offset\":10800,\"id_info\":{\"opt_out\":false,\"adv_id\":\"RECON_AdvertiserId_f52f28539a814a83a60472cf172a957e\",\"dpid\":\"RECON_AdvertiserId_f52f28539a814a83a60472cf172a957e\",\"dpid_sha1\":\"c7d0eecf7b84b93b1e7968ff402497f3cb5f666c\",\"dpid_md5\":\"4cd66d2d07d535940cfbf565dd983642\",\"r1_daid\":\"5646767A-F916-4AC5-AF6D-4A418F955227\"}},\"event_info\":[{\"event_name\":\"Application Opened\",\"timestamp\":1442523977456,\"transaction_id\":\"\\\\u0098\\\\u001B\\\\u00E2\\\\u00AE\\\\u00DB\\\\u00B4\\\\u0042\\\\u00EF\\\\u00A5\\\\u006C\\\\u004F\\\\u0091\\\\u00AC\\\\u0053\\\\u001C\\\\u00B4\",\"session_id\":\"a9ddd22f-a229-46ac-a9a1-c26d8dec8c2d\"}]}", 
        "referrer": "-", 
        "src_ip": "10.11.2.3", 
        "src_port": "55585", 
        "tk_flag": 0, 
        "ts": "1442524038.508753", 
        "uri": "/r1t/evt3/A94BB7CC-7C9D-4B61-AF35-A37366F91363?v=2", 
        "user_agent": "-"
    }, 
    "1442524059.243648,C8Npvh1nqTzxRPpapc": {
        "domain": "oovoo.com", 
        "dst_ip": "23.214.251.103", 
        "dst_port": "80", 
        "headers": {
            "CONNECTION": "Keep-Alive", 
            "HOST": "c.oovoo.com"
        }, 
        "host": "c.oovoo.com", 
        "is_host_ip": 0, 
        "label": 0, 
        "md5": null, 
        "method": "GET", 
        "package_name": "com.oovoo", 
        "pii_types": null, 
        "platform": "android", 
        "post_body": "-", 
        "referrer": "-", 
        "src_ip": "10.11.2.3", 
        "src_port": "55410", 
        "tk_flag": 0, 
        "ts": "1442524059.243648", 
        "uri": "/OSconfig/andr/1.1/inviteconfig.xml", 
        "user_agent": "-"
    }, 
    "1442524059.830829,CVOWDfcGpabmftHRi": {
        "domain": "oovoo.com", 
        "dst_ip": "23.214.251.103", 
        "dst_port": "80", 
        "headers": {
            "CONNECTION": "Keep-Alive", 
            "HOST": "c.oovoo.com"
        }, 
        "host": "c.oovoo.com", 
        "is_host_ip": 0, 
        "label": 0, 
        "md5": null, 
        "method": "GET", 
        "package_name": "com.oovoo", 
        "pii_types": null, 
        "platform": "android", 
        "post_body": "-", 
        "referrer": "-", 
        "src_ip": "10.11.2.3", 
        "src_port": "37816", 
        "tk_flag": 0, 
        "ts": "1442524059.830829", 
        "uri": "/OSconfig/andr/1.0/rc.xml", 
        "user_agent": "-"
    }, 
    "1442524060.066915,C4JD6f2NI7647XL9h5": {
        "domain": "oovoo.com", 
        "dst_ip": "23.214.251.103", 
        "dst_port": "80", 
        "headers": {
            "ACCEPT": "*/*", 
            "ACCEPT-ENCODING": "identity;q=1.0\\x2c *;q=0", 
            "CONNECTION": "Close", 
            "CONTENT-TYPE": "application/xml", 
            "HOST": "c.oovoo.com"
        }, 
        "host": "c.oovoo.com", 
        "is_host_ip": 0, 
        "label": 0, 
        "md5": null, 
        "method": "GET", 
        "package_name": "com.oovoo", 
        "pii_types": null, 
        "platform": "android", 
        "post_body": "-", 
        "referrer": "-", 
        "src_ip": "10.11.2.3", 
        "src_port": "57304", 
        "tk_flag": 0, 
        "ts": "1442524060.066915", 
        "uri": "/XmlConfig/android/5.2/22/motorola/Nexus 6", 
        "user_agent": "-"
    }, 
    "1442524060.637300,C3bK4z3z33ByzagDb2": {
        "domain": "oovoo.com", 
        "dst_ip": "168.62.96.142", 
        "dst_port": "80", 
        "headers": {
            "ACCEPT-ENCODING": "gzip", 
            "CONNECTION": "Keep-Alive", 
            "HOST": "g-ugc.oovoo.com", 
            "USER-AGENT": "Dalvik/2.1.0 (Linux; U; Android 5.1.1; Nexus 6 Build/LMY48I)"
        }, 
        "host": "g-ugc.oovoo.com", 
        "is_host_ip": 0, 
        "label": 0, 
        "md5": null, 
        "method": "GET", 
        "package_name": "com.oovoo", 
        "pii_types": null, 
        "platform": "android", 
        "post_body": "-", 
        "referrer": "-", 
        "src_ip": "10.11.2.3", 
        "src_port": "40019", 
        "tk_flag": 0, 
        "ts": "1442524060.637300", 
        "uri": "/nemo-ugc/4005121cb0f2a069_pf_b.jpg", 
        "user_agent": "Dalvik/2.1.0 (Linux; U; Android 5.1.1; Nexus 6 Build/LMY48I)"
    }, 
    "1442524060.778566,CLscaoYRxYMpda1Lg": {
        "domain": "oovoo.com", 
        "dst_ip": "63.111.11.187", 
        "dst_port": "80", 
        "headers": {
            "ACCEPT": "application/json", 
            "CONNECTION": "Keep-Alive", 
            "CONTENT-LENGTH": "410", 
            "CONTENT-TYPE": "application/json", 
            "HOST": "rtm.oovoo.com", 
            "USER-AGENT": "ooVoo/2.6.1.3676(motorola/Nexus 6;Android/5.1.1;en)"
        }, 
        "host": "rtm.oovoo.com", 
        "is_host_ip": 0, 
        "label": 1, 
        "md5": null, 
        "method": "POST", 
        "package_name": "com.oovoo", 
        "pii_types": [
            "FirstName", 
            "AndroidId"
        ], 
        "platform": "android", 
        "post_body": "{\"Event\":{\"ID\":\"1055\",\"UserID\":\"RECON_FirstName_afda98c6a8e84a919a8e8d7f4d01f924\",\"FBID\":\"499447316886277\",\"ooVooVer\":\"2.6.1.3676\",\"OS\":\"Android 5.1.1\",\"SubCT\":\"normal\",\"DeviceModel\":\"Nexus 6\",\"InstID\":\"RECON_AndroidId_31e0948951ee4bcf95c68cb9946e39be\",\"Platform\":\"Client\",\"RTMGUID\":\"d562445d-cffe-46ca-869c-19e65a31d4ae\",\"Manu\":\"motorola\",\"CT\":\"Android\",\"Type\":\"Usage\",\"Carrier\":\"WiFi\"},\"Att\":{\"Longitude\":\"24.9616544\",\"Latitude\":\"60.2040755\",\"LocationTimestamp\":\"1442523972664\"}}", 
        "referrer": "-", 
        "src_ip": "10.11.2.3", 
        "src_port": "54412", 
        "tk_flag": 0, 
        "ts": "1442524060.778566", 
        "uri": "/ooVooAnalyticsWeb/ActivityMetrics/CreateEventJson/1055", 
        "user_agent": "ooVoo/2.6.1.3676(motorola/Nexus 6;Android/5.1.1;en)"
    }, 
    "1442524061.149055,CPA1Kq2oM58ZAeuX98": {
        "domain": "oovoo.com", 
        "dst_ip": "63.111.11.187", 
        "dst_port": "80", 
        "headers": {
            "ACCEPT": "application/json", 
            "CONNECTION": "Keep-Alive", 
            "CONTENT-LENGTH": "410", 
            "CONTENT-TYPE": "application/json", 
            "HOST": "rtm.oovoo.com", 
            "USER-AGENT": "ooVoo/2.6.1.3676(motorola/Nexus 6;Android/5.1.1;en)"
        }, 
        "host": "rtm.oovoo.com", 
        "is_host_ip": 0, 
        "label": 1, 
        "md5": null, 
        "method": "POST", 
        "package_name": "com.oovoo", 
        "pii_types": [
            "FirstName", 
            "AndroidId"
        ], 
        "platform": "android", 
        "post_body": "{\"Event\":{\"ID\":\"1055\",\"UserID\":\"RECON_FirstName_2a88de3359244c07b6d66976f9584747\",\"FBID\":\"499447316886277\",\"ooVooVer\":\"2.6.1.3676\",\"OS\":\"Android 5.1.1\",\"SubCT\":\"normal\",\"DeviceModel\":\"Nexus 6\",\"InstID\":\"RECON_AndroidId_a5df5b696fcf4bf08006e735040abc3c\",\"Platform\":\"Client\",\"RTMGUID\":\"f6d47dc6-3863-45a5-bde8-261cb5201f0e\",\"Manu\":\"motorola\",\"CT\":\"Android\",\"Type\":\"Usage\",\"Carrier\":\"WiFi\"},\"Att\":{\"Longitude\":\"24.9616544\",\"Latitude\":\"60.2040755\",\"LocationTimestamp\":\"1442523972664\"}}", 
        "referrer": "-", 
        "src_ip": "10.11.2.3", 
        "src_port": "44982", 
        "tk_flag": 0, 
        "ts": "1442524061.149055", 
        "uri": "/ooVooAnalyticsWeb/ActivityMetrics/CreateEventJson/1055", 
        "user_agent": "ooVoo/2.6.1.3676(motorola/Nexus 6;Android/5.1.1;en)"
    }, 
    "1442524061.234426,C3bK4z3z33ByzagDb2": {
        "domain": "oovoo.com", 
        "dst_ip": "168.62.96.142", 
        "dst_port": "80", 
        "headers": {
            "ACCEPT-ENCODING": "gzip", 
            "CONNECTION": "Keep-Alive", 
            "HOST": "g-ugc.oovoo.com", 
            "USER-AGENT": "Dalvik/2.1.0 (Linux; U; Android 5.1.1; Nexus 6 Build/LMY48I)"
        }, 
        "host": "g-ugc.oovoo.com", 
        "is_host_ip": 0, 
        "label": 0, 
        "md5": null, 
        "method": "GET", 
        "package_name": "com.oovoo", 
        "pii_types": null, 
        "platform": "android", 
        "post_body": "-", 
        "referrer": "-", 
        "src_ip": "10.11.2.3", 
        "src_port": "40019", 
        "tk_flag": 0, 
        "ts": "1442524061.234426", 
        "uri": "/nemo-ugc/4005121cb0f2a069_pf.jpg", 
        "user_agent": "Dalvik/2.1.0 (Linux; U; Android 5.1.1; Nexus 6 Build/LMY48I)"
    }, 
    "1442524061.261000,C9EQDE4z9zVr23qRWf": {
        "domain": "gwallet.com", 
        "dst_ip": "74.217.253.61", 
        "dst_port": "80", 
        "headers": {
            "ACCEPT-ENCODING": "gzip\\x2c deflate", 
            "CONNECTION": "Keep-Alive", 
            "CONTENT-LENGTH": "1300", 
            "CONTENT-TYPE": "text/plain; charset=ISO-8859-1", 
            "HOST": "rp.gwallet.com:80"
        }, 
        "host": "rp.gwallet.com", 
        "is_host_ip": 0, 
        "label": 1, 
        "md5": null, 
        "method": "POST", 
        "package_name": "com.oovoo", 
        "pii_types": [
            "AdvertiserId"
        ], 
        "platform": "android", 
        "post_body": "{\"source\":\"ADVERTISER_SDK\",\"version\":\"2\",\"sdk_version\":\"2.3.0\",\"application_id\":\"ooVoo (com.oovoo)\",\"application_version\":\"2.6.1\",\"conn_type\":\"WIFI\",\"device_type\":\"HANDHELD\",\"user_language\":\"en_US\",\"user_agent\":\"Apache-HttpClient\\/UNAVAILABLE (java 1.4)\",\"screen_resolution\":\"1440x2392\",\"viewport_size\":\"1440x2392\",\"bundle_name\":\"com.oovoo\",\"application_name\":\"ooVoo\",\"device_info\":{\"os\":\"Android\",\"os_version\":\"5.1.1\",\"model\":\"Nexus 6\",\"make\":\"motorola\",\"ip_v4\":\"\\\\u000A\\\\u0070\\\\u0040\\\\u00D2\",\"os_language\":\"en\",\"country\":\"US\",\"timezone_offset\":10800,\"id_info\":{\"opt_out\":false,\"adv_id\":\"RECON_AdvertiserId_342407d4fa4140bcbebf310adc968bf5\",\"dpid\":\"RECON_AdvertiserId_342407d4fa4140bcbebf310adc968bf5\",\"dpid_sha1\":\"c7d0eecf7b84b93b1e7968ff402497f3cb5f666c\",\"dpid_md5\":\"4cd66d2d07d535940cfbf565dd983642\",\"r1_daid\":\"5646767A-F916-4AC5-AF6D-4A418F955227\"}},\"event_info\":[{\"event_name\":\"Login\",\"lat\":602040755,\"lon\":249616544,\"timestamp\":1442524053790,\"transaction_id\":\"\\\\u008D\\\\u00B8\\\\u00AD\\\\u0063\\\\u009B\\\\u009E\\\\u0040\\\\u0077\\\\u00BA\\\\u007F\\\\u0093\\\\u00BF\\\\u0057\\\\u00AE\\\\u0067\\\\u006D\",\"session_id\":\"a9ddd22f-a229-46ac-a9a1-c26d8dec8c2d\",\"login\":{\"user_data\":{\"user_id\":\"b712b473ef7b68d5efbc7f23d97c06ce8b076d88\",\"user_id_sha1\":\"684d6c038273bc74ce1887954087e19bdc03d18a\",\"user_name_sha1\":\"b712b473ef7b68d5efbc7f23d97c06ce8b076d88\"}}}]}", 
        "referrer": "-", 
        "src_ip": "10.11.2.3", 
        "src_port": "39327", 
        "tk_flag": 0, 
        "ts": "1442524061.261000", 
        "uri": "/r1t/evt3/A94BB7CC-7C9D-4B61-AF35-A37366F91363?v=2", 
        "user_agent": "-"
    }, 
    "1442524066.000913,C0JQmQ3WprU43ZV6E": {
        "domain": "oovoo.com", 
        "dst_ip": "63.111.11.187", 
        "dst_port": "80", 
        "headers": {
            "ACCEPT": "application/json", 
            "CONNECTION": "Keep-Alive", 
            "CONTENT-LENGTH": "577", 
            "CONTENT-TYPE": "application/json", 
            "HOST": "rtm.oovoo.com", 
            "USER-AGENT": "ooVoo/2.6.1.3676(motorola/Nexus 6;Android/5.1.1;en)"
        }, 
        "host": "rtm.oovoo.com", 
        "is_host_ip": 0, 
        "label": 1, 
        "md5": null, 
        "method": "POST", 
        "package_name": "com.oovoo", 
        "pii_types": [
            "FirstName", 
            "AndroidId"
        ], 
        "platform": "android", 
        "post_body": "{\"Event\":{\"ID\":\"1060\",\"UserID\":\"RECON_FirstName_0d9f73a428504384ba8c8a80121f0deb\",\"FBID\":\"499447316886277\",\"ooVooVer\":\"2.6.1.3676\",\"OS\":\"Android 5.1.1\",\"SubCT\":\"normal\",\"DeviceModel\":\"Nexus 6\",\"InstID\":\"RECON_AndroidId_7fe81b2aec7746e6be4b9c75028bde17\",\"Platform\":\"Client\",\"RTMGUID\":\"7162ad0b-18ce-4ad3-9234-ec923204c221\",\"Manu\":\"motorola\",\"CT\":\"Android\",\"Type\":\"Usage\",\"Carrier\":\"WiFi\"},\"Att\":{\"OnboardingKey\":\"622eba74-68d1-4e84-9481-65569bf4c6d4\",\"PhoneNumber\":\"\",\"CountryAreaCode\":\"\",\"MDNStatus\":\"2\",\"MDNSource\":\"After Install\",\"OSLang\":\"eng\",\"IsForced\":\"0\",\"Longitude\":\"24.9616544\",\"Latitude\":\"60.2040755\",\"LocationTimestamp\":\"1442523972664\"}}", 
        "referrer": "-", 
        "src_ip": "10.11.2.3", 
        "src_port": "56171", 
        "tk_flag": 0, 
        "ts": "1442524066.000913", 
        "uri": "/ooVooAnalyticsWeb/ActivityMetrics/CreateEventJson/1060", 
        "user_agent": "ooVoo/2.6.1.3676(motorola/Nexus 6;Android/5.1.1;en)"
    }, 
    "1442524066.278663,C6Wddb17yQ4rns5s2j": {
        "domain": "oovoo.com", 
        "dst_ip": "63.111.11.187", 
        "dst_port": "80", 
        "headers": {
            "ACCEPT": "application/json", 
            "CONNECTION": "Keep-Alive", 
            "CONTENT-LENGTH": "410", 
            "CONTENT-TYPE": "application/json", 
            "HOST": "rtm.oovoo.com", 
            "USER-AGENT": "ooVoo/2.6.1.3676(motorola/Nexus 6;Android/5.1.1;en)"
        }, 
        "host": "rtm.oovoo.com", 
        "is_host_ip": 0, 
        "label": 1, 
        "md5": null, 
        "method": "POST", 
        "package_name": "com.oovoo", 
        "pii_types": [
            "FirstName", 
            "AndroidId"
        ], 
        "platform": "android", 
        "post_body": "{\"Event\":{\"ID\":\"1055\",\"UserID\":\"RECON_FirstName_9486fb1011d6493495386097fa59230b\",\"FBID\":\"499447316886277\",\"ooVooVer\":\"2.6.1.3676\",\"OS\":\"Android 5.1.1\",\"SubCT\":\"normal\",\"DeviceModel\":\"Nexus 6\",\"InstID\":\"RECON_AndroidId_754ce4b41c2f4f16a27916c8c70cabb7\",\"Platform\":\"Client\",\"RTMGUID\":\"98c96bd5-5d65-49b6-9080-c0398599f979\",\"Manu\":\"motorola\",\"CT\":\"Android\",\"Type\":\"Usage\",\"Carrier\":\"WiFi\"},\"Att\":{\"Longitude\":\"24.9616544\",\"Latitude\":\"60.2040755\",\"LocationTimestamp\":\"1442523972664\"}}", 
        "referrer": "-", 
        "src_ip": "10.11.2.3", 
        "src_port": "35665", 
        "tk_flag": 0, 
        "ts": "1442524066.278663", 
        "uri": "/ooVooAnalyticsWeb/ActivityMetrics/CreateEventJson/1055", 
        "user_agent": "ooVoo/2.6.1.3676(motorola/Nexus 6;Android/5.1.1;en)"
    }, 
    "1442524066.548449,CRwz4P21DRl83UP2y6": {
        "domain": "oovoo.com", 
        "dst_ip": "23.98.49.206", 
        "dst_port": "80", 
        "headers": {
            "ACCEPT-ENCODING": "gzip", 
            "CONNECTION": "Keep-Alive", 
            "HOST": "images.oovoo.com", 
            "USER-AGENT": "Dalvik/2.1.0 (Linux; U; Android 5.1.1; Nexus 6 Build/LMY48I)"
        }, 
        "host": "images.oovoo.com", 
        "is_host_ip": 0, 
        "label": 1, 
        "md5": null, 
        "method": "GET", 
        "package_name": "com.oovoo", 
        "pii_types": [
            "FirstName"
        ], 
        "platform": "android", 
        "post_body": "-", 
        "referrer": "-", 
        "src_ip": "10.11.2.3", 
        "src_port": "50790", 
        "tk_flag": 0, 
        "ts": "1442524066.548449", 
        "uri": "/pictures/RECON_FirstName_61481477d0154cb39c4b28652680cee7.jpeg", 
        "user_agent": "Dalvik/2.1.0 (Linux; U; Android 5.1.1; Nexus 6 Build/LMY48I)"
    }, 
    "1442524067.420972,C4EO2M21Um2dFvFiF5": {
        "domain": "oovoo.com", 
        "dst_ip": "63.111.11.187", 
        "dst_port": "80", 
        "headers": {
            "ACCEPT": "application/json", 
            "CONNECTION": "Keep-Alive", 
            "CONTENT-LENGTH": "495", 
            "CONTENT-TYPE": "application/json", 
            "HOST": "rtm.oovoo.com", 
            "USER-AGENT": "ooVoo/2.6.1.3676(motorola/Nexus 6;Android/5.1.1;en)"
        }, 
        "host": "rtm.oovoo.com", 
        "is_host_ip": 0, 
        "label": 1, 
        "md5": null, 
        "method": "POST", 
        "package_name": "com.oovoo", 
        "pii_types": [
            "FirstName", 
            "AndroidId"
        ], 
        "platform": "android", 
        "post_body": "{\"Event\":{\"ID\":\"1062\",\"UserID\":\"RECON_FirstName_2be97ef3cb9b4692a089d71e8b4bf8c2\",\"FBID\":\"499447316886277\",\"ooVooVer\":\"2.6.1.3676\",\"OS\":\"Android 5.1.1\",\"SubCT\":\"normal\",\"DeviceModel\":\"Nexus 6\",\"InstID\":\"RECON_AndroidId_163dfd6a0a2446278018a8d115931a41\",\"Platform\":\"Client\",\"RTMGUID\":\"01cbb60e-e379-4790-85f0-b5af9149c9c9\",\"Manu\":\"motorola\",\"CT\":\"Android\",\"Type\":\"Usage\",\"Carrier\":\"WiFi\"},\"Att\":{\"AccessStatus\":\"1\",\"UploadStatus\":\"1\",\"NoUploadReason\":\"\",\"PreviousAccessStatus\":\"1\",\"Longitude\":\"24.9616544\",\"Latitude\":\"60.2040755\",\"LocationTimestamp\":\"1442523972664\"}}", 
        "referrer": "-", 
        "src_ip": "10.11.2.3", 
        "src_port": "43959", 
        "tk_flag": 0, 
        "ts": "1442524067.420972", 
        "uri": "/ooVooAnalyticsWeb/ActivityMetrics/CreateEventJson/1062", 
        "user_agent": "ooVoo/2.6.1.3676(motorola/Nexus 6;Android/5.1.1;en)"
    }, 
    "1442524074.194041,CKmgRh33RYHQRXQkZk": {
        "domain": "oovoo.com", 
        "dst_ip": "63.111.11.187", 
        "dst_port": "80", 
        "headers": {
            "ACCEPT": "application/json", 
            "CONNECTION": "Keep-Alive", 
            "CONTENT-LENGTH": "557", 
            "CONTENT-TYPE": "application/json", 
            "HOST": "rtm.oovoo.com", 
            "USER-AGENT": "ooVoo/2.6.1.3676(motorola/Nexus 6;Android/5.1.1;en)"
        }, 
        "host": "rtm.oovoo.com", 
        "is_host_ip": 0, 
        "label": 1, 
        "md5": null, 
        "method": "POST", 
        "package_name": "com.oovoo", 
        "pii_types": [
            "FirstName", 
            "AndroidId"
        ], 
        "platform": "android", 
        "post_body": "{\"Event\":{\"ID\":\"1013\",\"UserID\":\"RECON_FirstName_288a47d5737048309f8b970bb8c25534\",\"FBID\":\"499447316886277\",\"ooVooVer\":\"2.6.1.3676\",\"OS\":\"Android 5.1.1\",\"SubCT\":\"normal\",\"DeviceModel\":\"Nexus 6\",\"InstID\":\"RECON_AndroidId_6ac7468ae55543329f1709a0864ee324\",\"Platform\":\"Client\",\"RTMGUID\":\"35b8b10b-053f-4861-9182-583183c1aff0\",\"Manu\":\"motorola\",\"CT\":\"Android\",\"Type\":\"Usage\",\"Carrier\":\"WiFi\"},\"Att\":{\"InviteFrom\":\"Email\",\"InviteesCount\":\"1\",\"PeopleYouMayKnow\":\"0\",\"DeepLink\":\"0\",\"IsooVooID\":\"0\",\"MDN\":\"0\",\"Facebook\":\"0\",\"OpenedFrom\":\"EmptyRoster\",\"Longitude\":\"24.9616544\",\"Latitude\":\"60.2040755\",\"LocationTimestamp\":\"1442523972664\"}}", 
        "referrer": "-", 
        "src_ip": "10.11.2.3", 
        "src_port": "34893", 
        "tk_flag": 0, 
        "ts": "1442524074.194041", 
        "uri": "/ooVooAnalyticsWeb/ActivityMetrics/CreateEventJson/1013", 
        "user_agent": "ooVoo/2.6.1.3676(motorola/Nexus 6;Android/5.1.1;en)"
    }, 
    "1442524077.056306,Czp4Oy1e6oiLgurOec": {
        "domain": "oovoo.com", 
        "dst_ip": "63.111.11.187", 
        "dst_port": "80", 
        "headers": {
            "ACCEPT": "application/json", 
            "CONNECTION": "Keep-Alive", 
            "CONTENT-LENGTH": "410", 
            "CONTENT-TYPE": "application/json", 
            "HOST": "rtm.oovoo.com", 
            "USER-AGENT": "ooVoo/2.6.1.3676(motorola/Nexus 6;Android/5.1.1;en)"
        }, 
        "host": "rtm.oovoo.com", 
        "is_host_ip": 0, 
        "label": 1, 
        "md5": null, 
        "method": "POST", 
        "package_name": "com.oovoo", 
        "pii_types": [
            "FirstName", 
            "AndroidId"
        ], 
        "platform": "android", 
        "post_body": "{\"Event\":{\"ID\":\"1055\",\"UserID\":\"RECON_FirstName_3dc0995136cb42efa223a7c458ed9e53\",\"FBID\":\"499447316886277\",\"ooVooVer\":\"2.6.1.3676\",\"OS\":\"Android 5.1.1\",\"SubCT\":\"normal\",\"DeviceModel\":\"Nexus 6\",\"InstID\":\"RECON_AndroidId_2769d93b832c4ffaae1c072a0fe7d429\",\"Platform\":\"Client\",\"RTMGUID\":\"dc3cfcce-0ddc-4785-b428-39896ef604bf\",\"Manu\":\"motorola\",\"CT\":\"Android\",\"Type\":\"Usage\",\"Carrier\":\"WiFi\"},\"Att\":{\"Longitude\":\"24.9616544\",\"Latitude\":\"60.2040755\",\"LocationTimestamp\":\"1442523972664\"}}", 
        "referrer": "-", 
        "src_ip": "10.11.2.3", 
        "src_port": "44899", 
        "tk_flag": 0, 
        "ts": "1442524077.056306", 
        "uri": "/ooVooAnalyticsWeb/ActivityMetrics/CreateEventJson/1055", 
        "user_agent": "ooVoo/2.6.1.3676(motorola/Nexus 6;Android/5.1.1;en)"
    }, 
    "1442524080.629271,Cxl0bSH2rDaXxA1X8": {
        "domain": "oovoo.com", 
        "dst_ip": "63.111.11.187", 
        "dst_port": "80", 
        "headers": {
            "ACCEPT": "application/json", 
            "CONNECTION": "Keep-Alive", 
            "CONTENT-LENGTH": "410", 
            "CONTENT-TYPE": "application/json", 
            "HOST": "rtm.oovoo.com", 
            "USER-AGENT": "ooVoo/2.6.1.3676(motorola/Nexus 6;Android/5.1.1;en)"
        }, 
        "host": "rtm.oovoo.com", 
        "is_host_ip": 0, 
        "label": 1, 
        "md5": null, 
        "method": "POST", 
        "package_name": "com.oovoo", 
        "pii_types": [
            "FirstName", 
            "AndroidId"
        ], 
        "platform": "android", 
        "post_body": "{\"Event\":{\"ID\":\"1055\",\"UserID\":\"RECON_FirstName_f1659350f706405c82f5f721b24f0ac3\",\"FBID\":\"499447316886277\",\"ooVooVer\":\"2.6.1.3676\",\"OS\":\"Android 5.1.1\",\"SubCT\":\"normal\",\"DeviceModel\":\"Nexus 6\",\"InstID\":\"RECON_AndroidId_7301da62008d4afca30fed14189a969e\",\"Platform\":\"Client\",\"RTMGUID\":\"3e33a3e4-3862-4661-b5d6-94e1be49f9c6\",\"Manu\":\"motorola\",\"CT\":\"Android\",\"Type\":\"Usage\",\"Carrier\":\"WiFi\"},\"Att\":{\"Longitude\":\"24.9616544\",\"Latitude\":\"60.2040755\",\"LocationTimestamp\":\"1442523972664\"}}", 
        "referrer": "-", 
        "src_ip": "10.11.2.3", 
        "src_port": "33643", 
        "tk_flag": 0, 
        "ts": "1442524080.629271", 
        "uri": "/ooVooAnalyticsWeb/ActivityMetrics/CreateEventJson/1055", 
        "user_agent": "ooVoo/2.6.1.3676(motorola/Nexus 6;Android/5.1.1;en)"
    }, 
    "1442524090.121970,Cg6YZC1jbxTwHLYdWg": {
        "domain": "oovoo.com", 
        "dst_ip": "63.111.11.187", 
        "dst_port": "80", 
        "headers": {
            "ACCEPT": "application/json", 
            "CONNECTION": "Keep-Alive", 
            "CONTENT-LENGTH": "743", 
            "CONTENT-TYPE": "application/json", 
            "HOST": "rtm.oovoo.com", 
            "USER-AGENT": "ooVoo/2.6.1.3676(motorola/Nexus 6;Android/5.1.1;en)"
        }, 
        "host": "rtm.oovoo.com", 
        "is_host_ip": 0, 
        "label": 1, 
        "md5": null, 
        "method": "POST", 
        "package_name": "com.oovoo", 
        "pii_types": [
            "FirstName", 
            "AndroidId", 
            "MacAddr"
        ], 
        "platform": "android", 
        "post_body": "{\"Event\":{\"ID\":\"1001\",\"UserID\":\"RECON_FirstName_66825a06d140455b8ecf81dba244aa6f\",\"FBID\":\"499447316886277\",\"ooVooVer\":\"2.6.1.3676\",\"OS\":\"Android 5.1.1\",\"SubCT\":\"normal\",\"DeviceModel\":\"Nexus 6\",\"InstID\":\"RECON_AndroidId_827a65fa0b2d4e24b0640228d14fae80\",\"Platform\":\"Client\",\"RTMGUID\":\"102510b6-154f-4906-be46-25ff9a33c96f\",\"Manu\":\"motorola\",\"CT\":\"Android\",\"Type\":\"Usage\",\"Carrier\":\"WiFi\"},\"Att\":{\"ContactsPending\":\"0\",\"ContactsBlocked\":\"0\",\"ContactsooVoo\":\"0\",\"OSLang\":\"eng\",\"MAC\":\"RECON_MacAddr_692228690e1343669564c942466220bb\",\"DevicePushToken\":\"APA91bF8JTypdhk8HDvYPNg_LwMiuvbNXEZI4Fz3Qos5mUbtX0aCwJ2sw5YyaT40Rbxb2gf22gKFOUmHTU2W9Lq9JWfEVHHKdmePtaEG_5GgP1-bocMMWo4\",\"CameraCount\":\"2\",\"Resolution\":\"1440 x 2392\",\"KeyboardLang\":\"[en_US]\",\"ooVooLang\":\"eng\",\"Longitude\":\"24.9616544\",\"Latitude\":\"60.2040755\",\"LocationTimestamp\":\"1442523972664\"}}", 
        "referrer": "-", 
        "src_ip": "10.11.2.3", 
        "src_port": "54097", 
        "tk_flag": 0, 
        "ts": "1442524090.121970", 
        "uri": "/ooVooAnalyticsWeb/ActivityMetrics/CreateEventJson/1001", 
        "user_agent": "ooVoo/2.6.1.3676(motorola/Nexus 6;Android/5.1.1;en)"
    }, 
    "1442524091.331427,CqP54Q1unIieIN7333": {
        "domain": "gwallet.com", 
        "dst_ip": "74.217.253.61", 
        "dst_port": "80", 
        "headers": {
            "ACCEPT-ENCODING": "gzip\\x2c deflate", 
            "CONNECTION": "Keep-Alive", 
            "CONTENT-LENGTH": "1147", 
            "CONTENT-TYPE": "text/plain; charset=ISO-8859-1", 
            "HOST": "rp.gwallet.com:80"
        }, 
        "host": "rp.gwallet.com", 
        "is_host_ip": 0, 
        "label": 1, 
        "md5": null, 
        "method": "POST", 
        "package_name": "com.oovoo", 
        "pii_types": [
            "AdvertiserId"
        ], 
        "platform": "android", 
        "post_body": "{\"source\":\"ADVERTISER_SDK\",\"version\":\"2\",\"sdk_version\":\"2.3.0\",\"application_id\":\"ooVoo (com.oovoo)\",\"application_version\":\"2.6.1\",\"conn_type\":\"WIFI\",\"device_type\":\"HANDHELD\",\"user_language\":\"en_US\",\"user_agent\":\"Apache-HttpClient\\/UNAVAILABLE (java 1.4)\",\"screen_resolution\":\"1440x2392\",\"viewport_size\":\"1440x2392\",\"bundle_name\":\"com.oovoo\",\"application_name\":\"ooVoo\",\"device_info\":{\"os\":\"Android\",\"os_version\":\"5.1.1\",\"model\":\"Nexus 6\",\"make\":\"motorola\",\"ip_v4\":\"\\\\u000A\\\\u0070\\\\u0040\\\\u00D2\",\"os_language\":\"en\",\"country\":\"US\",\"timezone_offset\":10800,\"id_info\":{\"opt_out\":false,\"adv_id\":\"RECON_AdvertiserId_3666f55d416149e2976bf867a42848fe\",\"dpid\":\"RECON_AdvertiserId_3666f55d416149e2976bf867a42848fe\",\"dpid_sha1\":\"c7d0eecf7b84b93b1e7968ff402497f3cb5f666c\",\"dpid_md5\":\"4cd66d2d07d535940cfbf565dd983642\",\"r1_daid\":\"5646767A-F916-4AC5-AF6D-4A418F955227\"}},\"event_info\":[{\"event_name\":\"Session End\",\"lat\":602040755,\"lon\":249616544,\"timestamp\":1442524054881,\"transaction_id\":\"\\\\u008B\\\\u0077\\\\u0050\\\\u0045\\\\u00AC\\\\u0072\\\\u0046\\\\u006E\\\\u0096\\\\u00A0\\\\u00C1\\\\u004B\\\\u00BC\\\\u007A\\\\u00CA\\\\u003A\",\"session_id\":\"a9ddd22f-a229-46ac-a9a1-c26d8dec8c2d\",\"session_end\":{\"session_length\":78}}]}", 
        "referrer": "-", 
        "src_ip": "10.11.2.3", 
        "src_port": "49685", 
        "tk_flag": 0, 
        "ts": "1442524091.331427", 
        "uri": "/r1t/evt3/A94BB7CC-7C9D-4B61-AF35-A37366F91363?v=2", 
        "user_agent": "-"
    }, 
    "1442524095.767467,CnIPro2fLBekM5Fgh7": {
        "domain": "oovoo.com", 
        "dst_ip": "63.111.11.187", 
        "dst_port": "80", 
        "headers": {
            "ACCEPT": "application/json", 
            "CONNECTION": "Keep-Alive", 
            "CONTENT-LENGTH": "410", 
            "CONTENT-TYPE": "application/json", 
            "HOST": "rtm.oovoo.com", 
            "USER-AGENT": "ooVoo/2.6.1.3676(motorola/Nexus 6;Android/5.1.1;en)"
        }, 
        "host": "rtm.oovoo.com", 
        "is_host_ip": 0, 
        "label": 1, 
        "md5": null, 
        "method": "POST", 
        "package_name": "com.oovoo", 
        "pii_types": [
            "FirstName", 
            "AndroidId"
        ], 
        "platform": "android", 
        "post_body": "{\"Event\":{\"ID\":\"1055\",\"UserID\":\"RECON_FirstName_f4029eb3753c47c797311e59b8a4ddcf\",\"FBID\":\"499447316886277\",\"ooVooVer\":\"2.6.1.3676\",\"OS\":\"Android 5.1.1\",\"SubCT\":\"normal\",\"DeviceModel\":\"Nexus 6\",\"InstID\":\"RECON_AndroidId_2aa7673da5204e48843d2e3ddc4d1aee\",\"Platform\":\"Client\",\"RTMGUID\":\"66e513fe-5db6-43f9-9abd-a76a02e963b8\",\"Manu\":\"motorola\",\"CT\":\"Android\",\"Type\":\"Usage\",\"Carrier\":\"WiFi\"},\"Att\":{\"Longitude\":\"24.9616544\",\"Latitude\":\"60.2040755\",\"LocationTimestamp\":\"1442523972664\"}}", 
        "referrer": "-", 
        "src_ip": "10.11.2.3", 
        "src_port": "40645", 
        "tk_flag": 0, 
        "ts": "1442524095.767467", 
        "uri": "/ooVooAnalyticsWeb/ActivityMetrics/CreateEventJson/1055", 
        "user_agent": "ooVoo/2.6.1.3676(motorola/Nexus 6;Android/5.1.1;en)"
    }, 
    "1442524136.785226,CgaFiv4ejPhSG0VOhf": {
        "domain": "oovoo.com", 
        "dst_ip": "63.111.11.187", 
        "dst_port": "80", 
        "headers": {
            "ACCEPT": "application/json", 
            "CONNECTION": "Keep-Alive", 
            "CONTENT-LENGTH": "410", 
            "CONTENT-TYPE": "application/json", 
            "HOST": "rtm.oovoo.com", 
            "USER-AGENT": "ooVoo/2.6.1.3676(motorola/Nexus 6;Android/5.1.1;en)"
        }, 
        "host": "rtm.oovoo.com", 
        "is_host_ip": 0, 
        "label": 1, 
        "md5": null, 
        "method": "POST", 
        "package_name": "com.oovoo", 
        "pii_types": [
            "FirstName", 
            "AndroidId"
        ], 
        "platform": "android", 
        "post_body": "{\"Event\":{\"ID\":\"1055\",\"UserID\":\"RECON_FirstName_22a1a0557f8f468e9fe97b92c1f51e05\",\"FBID\":\"499447316886277\",\"ooVooVer\":\"2.6.1.3676\",\"OS\":\"Android 5.1.1\",\"SubCT\":\"normal\",\"DeviceModel\":\"Nexus 6\",\"InstID\":\"RECON_AndroidId_85022ca14b2e435f91d6c18400b15cab\",\"Platform\":\"Client\",\"RTMGUID\":\"47a9e5e0-55aa-43b0-b140-879e364b9e7a\",\"Manu\":\"motorola\",\"CT\":\"Android\",\"Type\":\"Usage\",\"Carrier\":\"WiFi\"},\"Att\":{\"Longitude\":\"24.9616544\",\"Latitude\":\"60.2040755\",\"LocationTimestamp\":\"1442523972664\"}}", 
        "referrer": "-", 
        "src_ip": "10.11.2.3", 
        "src_port": "60691", 
        "tk_flag": 0, 
        "ts": "1442524136.785226", 
        "uri": "/ooVooAnalyticsWeb/ActivityMetrics/CreateEventJson/1055", 
        "user_agent": "ooVoo/2.6.1.3676(motorola/Nexus 6;Android/5.1.1;en)"
    }, 
    "1442524138.115537,CbBB4W1qi864jHgVX3": {
        "domain": "oovoo.com", 
        "dst_ip": "23.98.49.206", 
        "dst_port": "80", 
        "headers": {
            "ACCEPT-ENCODING": "gzip", 
            "CONNECTION": "Keep-Alive", 
            "HOST": "images.oovoo.com", 
            "USER-AGENT": "Dalvik/2.1.0 (Linux; U; Android 5.1.1; Nexus 6 Build/LMY48I)"
        }, 
        "host": "images.oovoo.com", 
        "is_host_ip": 0, 
        "label": 1, 
        "md5": null, 
        "method": "GET", 
        "package_name": "com.oovoo", 
        "pii_types": [
            "Username"
        ], 
        "platform": "android", 
        "post_body": "-", 
        "referrer": "-", 
        "src_ip": "10.11.2.3", 
        "src_port": "51314", 
        "tk_flag": 0, 
        "ts": "1442524138.115537", 
        "uri": "/pictures/RECON_Username_8470412064474fd0b1b3957b16b294e7/m.jpeg", 
        "user_agent": "Dalvik/2.1.0 (Linux; U; Android 5.1.1; Nexus 6 Build/LMY48I)"
    }, 
    "1442524139.771235,C0FipC2H4SXQOt05G7": {
        "domain": "oovoo.com", 
        "dst_ip": "63.111.11.187", 
        "dst_port": "80", 
        "headers": {
            "ACCEPT": "application/json", 
            "CONNECTION": "Keep-Alive", 
            "CONTENT-LENGTH": "410", 
            "CONTENT-TYPE": "application/json", 
            "HOST": "rtm.oovoo.com", 
            "USER-AGENT": "ooVoo/2.6.1.3676(motorola/Nexus 6;Android/5.1.1;en)"
        }, 
        "host": "rtm.oovoo.com", 
        "is_host_ip": 0, 
        "label": 1, 
        "md5": null, 
        "method": "POST", 
        "package_name": "com.oovoo", 
        "pii_types": [
            "FirstName", 
            "AndroidId"
        ], 
        "platform": "android", 
        "post_body": "{\"Event\":{\"ID\":\"1055\",\"UserID\":\"RECON_FirstName_4f83e1e4583845c9a72eae6d7257849c\",\"FBID\":\"499447316886277\",\"ooVooVer\":\"2.6.1.3676\",\"OS\":\"Android 5.1.1\",\"SubCT\":\"normal\",\"DeviceModel\":\"Nexus 6\",\"InstID\":\"RECON_AndroidId_a3b9a546631b45efa3cca9c68b2a70b8\",\"Platform\":\"Client\",\"RTMGUID\":\"e3a71450-5aff-4d73-9e3e-53a32446b32c\",\"Manu\":\"motorola\",\"CT\":\"Android\",\"Type\":\"Usage\",\"Carrier\":\"WiFi\"},\"Att\":{\"Longitude\":\"24.9616544\",\"Latitude\":\"60.2040755\",\"LocationTimestamp\":\"1442523972664\"}}", 
        "referrer": "-", 
        "src_ip": "10.11.2.3", 
        "src_port": "42969", 
        "tk_flag": 0, 
        "ts": "1442524139.771235", 
        "uri": "/ooVooAnalyticsWeb/ActivityMetrics/CreateEventJson/1055", 
        "user_agent": "ooVoo/2.6.1.3676(motorola/Nexus 6;Android/5.1.1;en)"
    }, 
    "1442524139.787977,CPRFUx44PXcXlALwsg": {
        "domain": "oovoo.com", 
        "dst_ip": "23.98.49.206", 
        "dst_port": "80", 
        "headers": {
            "ACCEPT-ENCODING": "gzip", 
            "CONNECTION": "Keep-Alive", 
            "HOST": "images.oovoo.com", 
            "USER-AGENT": "Dalvik/2.1.0 (Linux; U; Android 5.1.1; Nexus 6 Build/LMY48I)"
        }, 
        "host": "images.oovoo.com", 
        "is_host_ip": 0, 
        "label": 1, 
        "md5": null, 
        "method": "GET", 
        "package_name": "com.oovoo", 
        "pii_types": [
            "Username"
        ], 
        "platform": "android", 
        "post_body": "-", 
        "referrer": "-", 
        "src_ip": "10.11.2.3", 
        "src_port": "53035", 
        "tk_flag": 0, 
        "ts": "1442524139.787977", 
        "uri": "/pictures/RECON_Username_876491ba17254394bae6ce2b66f3186c.jpeg", 
        "user_agent": "Dalvik/2.1.0 (Linux; U; Android 5.1.1; Nexus 6 Build/LMY48I)"
    }, 
    "1442524142.635120,CInK0lUZNmsIhizhh": {
        "domain": "oovoo.com", 
        "dst_ip": "63.111.11.187", 
        "dst_port": "80", 
        "headers": {
            "ACCEPT": "application/json", 
            "CONNECTION": "Keep-Alive", 
            "CONTENT-LENGTH": "631", 
            "CONTENT-TYPE": "application/json", 
            "HOST": "rtm.oovoo.com", 
            "USER-AGENT": "ooVoo/2.6.1.3676(motorola/Nexus 6;Android/5.1.1;en)"
        }, 
        "host": "rtm.oovoo.com", 
        "is_host_ip": 0, 
        "label": 1, 
        "md5": null, 
        "method": "POST", 
        "package_name": "com.oovoo", 
        "pii_types": [
            "Username", 
            "FirstName", 
            "AndroidId"
        ], 
        "platform": "android", 
        "post_body": "{\"Event\":{\"ID\":\"1013\",\"UserID\":\"RECON_FirstName_463ca3d8f9f441f9bb97a11c87361117\",\"FBID\":\"499447316886277\",\"ooVooVer\":\"2.6.1.3676\",\"OS\":\"Android 5.1.1\",\"SubCT\":\"normal\",\"DeviceModel\":\"Nexus 6\",\"InstID\":\"RECON_AndroidId_eaf39f856f4a4e1caf8d615beb310d55\",\"Platform\":\"Client\",\"RTMGUID\":\"60e654d4-c210-442f-8b13-df965995adb2\",\"Manu\":\"motorola\",\"CT\":\"Android\",\"Type\":\"Usage\",\"Carrier\":\"WiFi\"},\"Att\":{\"InviteFrom\":\"People you may know\",\"InviteesCount\":\"1\",\"PeopleYouMayKnow\":\"1\",\"DeepLink\":\"0\",\"IsooVooID\":\"1\",\"MDN\":\"0\",\"Facebook\":\"0\",\"OpenedFrom\":\"Unknown\",\"InviteesID\":\"RECON_Username_582220b84c3b48719ca0052474768153\",\"InviteesDomain\":\"im4.oovoo.com\",\"Longitude\":\"24.9616544\",\"Latitude\":\"60.2040755\",\"LocationTimestamp\":\"1442523972664\"}}", 
        "referrer": "-", 
        "src_ip": "10.11.2.3", 
        "src_port": "41846", 
        "tk_flag": 0, 
        "ts": "1442524142.635120", 
        "uri": "/ooVooAnalyticsWeb/ActivityMetrics/CreateEventJson/1013", 
        "user_agent": "ooVoo/2.6.1.3676(motorola/Nexus 6;Android/5.1.1;en)"
    }, 
    "1442524142.913246,C8YwBU1XKV9nH0ZZ44": {
        "domain": "oovoo.com", 
        "dst_ip": "63.111.11.187", 
        "dst_port": "80", 
        "headers": {
            "ACCEPT": "application/json", 
            "CONNECTION": "Keep-Alive", 
            "CONTENT-LENGTH": "410", 
            "CONTENT-TYPE": "application/json", 
            "HOST": "rtm.oovoo.com", 
            "USER-AGENT": "ooVoo/2.6.1.3676(motorola/Nexus 6;Android/5.1.1;en)"
        }, 
        "host": "rtm.oovoo.com", 
        "is_host_ip": 0, 
        "label": 1, 
        "md5": null, 
        "method": "POST", 
        "package_name": "com.oovoo", 
        "pii_types": [
            "FirstName", 
            "AndroidId"
        ], 
        "platform": "android", 
        "post_body": "{\"Event\":{\"ID\":\"1055\",\"UserID\":\"RECON_FirstName_2cd610424f174cc48826fe10179ab4f9\",\"FBID\":\"499447316886277\",\"ooVooVer\":\"2.6.1.3676\",\"OS\":\"Android 5.1.1\",\"SubCT\":\"normal\",\"DeviceModel\":\"Nexus 6\",\"InstID\":\"RECON_AndroidId_fc89d4bfc4584276ad2cdd44033c65c2\",\"Platform\":\"Client\",\"RTMGUID\":\"90dababe-128c-4c9d-8d32-1161e8d0e822\",\"Manu\":\"motorola\",\"CT\":\"Android\",\"Type\":\"Usage\",\"Carrier\":\"WiFi\"},\"Att\":{\"Longitude\":\"24.9616544\",\"Latitude\":\"60.2040755\",\"LocationTimestamp\":\"1442523972664\"}}", 
        "referrer": "-", 
        "src_ip": "10.11.2.3", 
        "src_port": "58621", 
        "tk_flag": 0, 
        "ts": "1442524142.913246", 
        "uri": "/ooVooAnalyticsWeb/ActivityMetrics/CreateEventJson/1055", 
        "user_agent": "ooVoo/2.6.1.3676(motorola/Nexus 6;Android/5.1.1;en)"
    }, 
    "1442524150.527595,CDgb4C2wJu2eppvvC7": {
        "domain": "oovoo.com", 
        "dst_ip": "63.111.11.187", 
        "dst_port": "80", 
        "headers": {
            "ACCEPT": "application/json", 
            "CONNECTION": "Keep-Alive", 
            "CONTENT-LENGTH": "410", 
            "CONTENT-TYPE": "application/json", 
            "HOST": "rtm.oovoo.com", 
            "USER-AGENT": "ooVoo/2.6.1.3676(motorola/Nexus 6;Android/5.1.1;en)"
        }, 
        "host": "rtm.oovoo.com", 
        "is_host_ip": 0, 
        "label": 1, 
        "md5": null, 
        "method": "POST", 
        "package_name": "com.oovoo", 
        "pii_types": [
            "FirstName", 
            "AndroidId"
        ], 
        "platform": "android", 
        "post_body": "{\"Event\":{\"ID\":\"1055\",\"UserID\":\"RECON_FirstName_010c1edb3b3c4c16b84885ecd57e76d1\",\"FBID\":\"499447316886277\",\"ooVooVer\":\"2.6.1.3676\",\"OS\":\"Android 5.1.1\",\"SubCT\":\"normal\",\"DeviceModel\":\"Nexus 6\",\"InstID\":\"RECON_AndroidId_2f378b56b45e46208f192943f84ab066\",\"Platform\":\"Client\",\"RTMGUID\":\"8c223057-0a9e-4205-a4f5-3018b0a701fe\",\"Manu\":\"motorola\",\"CT\":\"Android\",\"Type\":\"Usage\",\"Carrier\":\"WiFi\"},\"Att\":{\"Longitude\":\"24.9616544\",\"Latitude\":\"60.2040755\",\"LocationTimestamp\":\"1442523972664\"}}", 
        "referrer": "-", 
        "src_ip": "10.11.2.3", 
        "src_port": "60427", 
        "tk_flag": 0, 
        "ts": "1442524150.527595", 
        "uri": "/ooVooAnalyticsWeb/ActivityMetrics/CreateEventJson/1055", 
        "user_agent": "ooVoo/2.6.1.3676(motorola/Nexus 6;Android/5.1.1;en)"
    }
}
