{
    "1441696082.536057,C7duPp4ttBIK2gGJlj": {
        "domain": "feelingtouch.com", 
        "dst_ip": "50.57.64.8", 
        "dst_port": "8080", 
        "headers": {
            "CONNECTION": "Keep-Alive", 
            "CONTENT-ENCODING": "UTF-8", 
            "CONTENT-LENGTH": "155", 
            "CONTENT-TYPE": "text/json", 
            "HOST": "ads.feelingtouch.com:8080"
        }, 
        "host": "ads.feelingtouch.com", 
        "is_host_ip": 0, 
        "label": 0, 
        "md5": null, 
        "method": "POST", 
        "package_name": "com.feelingtouch.slotworld", 
        "pii_types": null, 
        "platform": "android", 
        "post_body": "{\"imei\":\"fa85d4982d9a01efd800bbf581d60959163051d4\",\"lan\":\"English\",\"con\":\"US\",\"os\":22,\"pname\":\"com.feelingtouch.slotworld\",\"buildType\":\"DEFAULT\",\"imsi\":\"\"}", 
        "referrer": "-", 
        "src_ip": "10.11.2.3", 
        "src_port": "52931", 
        "tk_flag": 0, 
        "ts": "1441696082.536057", 
        "uri": "/ads-server/loadBannerads", 
        "user_agent": "-"
    }, 
    "1441696115.813267,CKw9Qk437wpPHSPBGe": {
        "domain": "feelingtouch.net", 
        "dst_ip": "52.26.26.242", 
        "dst_port": "80", 
        "headers": {
            "ACCEPT": "*/*", 
            "CONTENT-LENGTH": "80", 
            "CONTENT-TYPE": "application/x-www-form-urlencoded", 
            "HOST": "slotworld.feelingtouch.net"
        }, 
        "host": "slotworld.feelingtouch.net", 
        "is_host_ip": 0, 
        "label": 0, 
        "md5": null, 
        "method": "POST", 
        "package_name": "com.feelingtouch.slotworld", 
        "pii_types": null, 
        "platform": "android", 
        "post_body": "{\"packageName\":\"com.feelingtouch.slotworld\",\"appVersion\":\"1.0.5\",\"resources\":[]}", 
        "referrer": "-", 
        "src_ip": "10.11.2.3", 
        "src_port": "35007", 
        "tk_flag": 0, 
        "ts": "1441696115.813267", 
        "uri": "/version", 
        "user_agent": "-"
    }, 
    "1441696116.587003,CSXEJq3mx7UwCKQFzi": {
        "domain": "edgecastcdn.net", 
        "dst_ip": "72.21.81.131", 
        "dst_port": "80", 
        "headers": {
            "ACCEPT-ENCODING": "gzip", 
            "CONNECTION": "Keep-Alive", 
            "HOST": "wpc.250f.edgecastcdn.net", 
            "USER-AGENT": "Dalvik/2.1.0 (Linux; U; Android 5.1.1; Nexus 6 Build/LMY48I)"
        }, 
        "host": "wpc.250f.edgecastcdn.net", 
        "is_host_ip": 0, 
        "label": 0, 
        "md5": null, 
        "method": "GET", 
        "package_name": "com.feelingtouch.slotworld", 
        "pii_types": null, 
        "platform": "android", 
        "post_body": "-", 
        "referrer": "-", 
        "src_ip": "10.11.2.3", 
        "src_port": "38545", 
        "tk_flag": 1, 
        "ts": "1441696116.587003", 
        "uri": "/80250F/s3videos/output/videos/standard_wide_26825.m4v", 
        "user_agent": "Dalvik/2.1.0 (Linux; U; Android 5.1.1; Nexus 6 Build/LMY48I)"
    }, 
    "1441696119.983155,CXkrZS2prlh7gV6s9j": {
        "domain": "52.26.28.67", 
        "dst_ip": "52.26.28.67", 
        "dst_port": "8080", 
        "headers": {
            "ACCEPT": "*/*", 
            "HOST": "52.26.28.67:8080"
        }, 
        "host": "52.26.28.67", 
        "is_host_ip": 1, 
        "label": 0, 
        "md5": null, 
        "method": "HEAD", 
        "package_name": "com.feelingtouch.slotworld", 
        "pii_types": null, 
        "platform": "android", 
        "post_body": "-", 
        "referrer": "-", 
        "src_ip": "10.11.2.3", 
        "src_port": "46387", 
        "tk_flag": 0, 
        "ts": "1441696119.983155", 
        "uri": "/slotworld/hello", 
        "user_agent": "-"
    }, 
    "1441696120.405688,C6KITP2cb5GXGaAZTb": {
        "domain": "52.26.28.67", 
        "dst_ip": "52.26.28.67", 
        "dst_port": "8080", 
        "headers": {
            "ACCEPT": "*/*", 
            "CONTENT-LENGTH": "91", 
            "CONTENT-TYPE": "application/x-www-form-urlencoded", 
            "HOST": "52.26.28.67:8080"
        }, 
        "host": "52.26.28.67", 
        "is_host_ip": 1, 
        "label": 0, 
        "md5": null, 
        "method": "POST", 
        "package_name": "com.feelingtouch.slotworld", 
        "pii_types": null, 
        "platform": "android", 
        "post_body": "\\xff\\xff\\xff\\xff\\xff\\xff\\xff\\xffba7dedbd99b441a6b3702cc093568eab\\x02\\x00\\x00\\x00\\x05\\x00\\x01\\x00\\x18 45d63657277546bd810639bb51638fcd\\x18\\x02US\\x18\\x02en\\x00", 
        "referrer": "-", 
        "src_ip": "10.11.2.3", 
        "src_port": "46388", 
        "tk_flag": 0, 
        "ts": "1441696120.405688", 
        "uri": "/slotworld/login", 
        "user_agent": "-"
    }, 
    "1441696121.512595,CnymrN2gbsC23FbMKi": {
        "domain": "vungle.com", 
        "dst_ip": "107.22.194.9", 
        "dst_port": "80", 
        "headers": {
            "ACCEPT-ENCODING": "gzip", 
            "CONNECTION": "Keep-Alive", 
            "CONTENT-LENGTH": "314", 
            "CONTENT-TYPE": "application/json", 
            "HOST": "api.vungle.com", 
            "USER-AGENT": "VungleDroid/3.3.0", 
            "X-VUNGLE-BUNDLE-ID": "com.feelingtouch.slotworld", 
            "X-VUNGLE-LANGUAGE": "eng", 
            "X-VUNGLE-TIMEZONE": "Europe/Helsinki"
        }, 
        "host": "api.vungle.com", 
        "is_host_ip": 0, 
        "label": 1, 
        "md5": null, 
        "method": "POST", 
        "package_name": "com.feelingtouch.slotworld", 
        "pii_types": [
            "AdvertiserId"
        ], 
        "platform": "android", 
        "post_body": "{\"ifa\":\"RECON_AdvertiserId_bd6c2ca3913041f3928befd924f7a2ff\",\"demo\":{},\"deviceInfo\":{\"connection\":\"wifi\",\"dim\":{\"height\":1440,\"width\":2413},\"isSdCardAvailable\":1,\"soundEnabled\":false,\"model\":\"motorola,Nexus 6\",\"networkOperator\":\"elisa\",\"osVersion\":\"5.1.1\",\"platform\":\"android\",\"volume\":0},\"pubAppId\":\"com.feelingtouch.slotworld\"}", 
        "referrer": "-", 
        "src_ip": "10.11.2.3", 
        "src_port": "42213", 
        "tk_flag": 0, 
        "ts": "1441696121.512595", 
        "uri": "/api/v1/requestAd", 
        "user_agent": "VungleDroid/3.3.0"
    }, 
    "1441696122.428017,CUbkZe4llKQXI6uhbe": {
        "domain": "vungle.com", 
        "dst_ip": "107.22.194.9", 
        "dst_port": "80", 
        "headers": {
            "ACCEPT-ENCODING": "gzip", 
            "CONNECTION": "Keep-Alive", 
            "CONTENT-LENGTH": "41", 
            "CONTENT-TYPE": "application/json", 
            "HOST": "api.vungle.com", 
            "USER-AGENT": "VungleDroid/3.3.0", 
            "X-VUNGLE-BUNDLE-ID": "com.feelingtouch.slotworld", 
            "X-VUNGLE-LANGUAGE": "eng", 
            "X-VUNGLE-TIMEZONE": "Europe/Helsinki"
        }, 
        "host": "api.vungle.com", 
        "is_host_ip": 0, 
        "label": 0, 
        "md5": null, 
        "method": "POST", 
        "package_name": "com.feelingtouch.slotworld", 
        "pii_types": null, 
        "platform": "android", 
        "post_body": "{\"pubAppId\":\"com.feelingtouch.slotworld\"}", 
        "referrer": "-", 
        "src_ip": "10.11.2.3", 
        "src_port": "56753", 
        "tk_flag": 0, 
        "ts": "1441696122.428017", 
        "uri": "/api/v1/config", 
        "user_agent": "VungleDroid/3.3.0"
    }, 
    "1441696123.813328,CfsBOc4dTL3Sssol7l": {
        "domain": "vungle.com", 
        "dst_ip": "184.51.126.104", 
        "dst_port": "80", 
        "headers": {
            "ACCEPT-ENCODING": "gzip", 
            "CONNECTION": "Keep-Alive", 
            "HOST": "cdn-lb.vungle.com", 
            "USER-AGENT": "Dalvik/2.1.0 (Linux; U; Android 5.1.1; Nexus 6 Build/LMY48I)"
        }, 
        "host": "cdn-lb.vungle.com", 
        "is_host_ip": 0, 
        "label": 0, 
        "md5": null, 
        "method": "GET", 
        "package_name": "com.feelingtouch.slotworld", 
        "pii_types": null, 
        "platform": "android", 
        "post_body": "-", 
        "referrer": "-", 
        "src_ip": "10.11.2.3", 
        "src_port": "46908", 
        "tk_flag": 0, 
        "ts": "1441696123.813328", 
        "uri": "/zen/-30%20Perk%20Scratch%20%26%20Win%20Animated%20Promov5-1280x720-Q2.mp4", 
        "user_agent": "Dalvik/2.1.0 (Linux; U; Android 5.1.1; Nexus 6 Build/LMY48I)"
    }, 
    "1441696123.813666,CO5cRd34IGjPDrWVPk": {
        "domain": "vungle.com", 
        "dst_ip": "184.51.126.104", 
        "dst_port": "80", 
        "headers": {
            "ACCEPT-ENCODING": "gzip", 
            "CONNECTION": "Keep-Alive", 
            "HOST": "cdn-lb.vungle.com", 
            "USER-AGENT": "Dalvik/2.1.0 (Linux; U; Android 5.1.1; Nexus 6 Build/LMY48I)"
        }, 
        "host": "cdn-lb.vungle.com", 
        "is_host_ip": 0, 
        "label": 0, 
        "md5": null, 
        "method": "GET", 
        "package_name": "com.feelingtouch.slotworld", 
        "pii_types": null, 
        "platform": "android", 
        "post_body": "-", 
        "referrer": "-", 
        "src_ip": "10.11.2.3", 
        "src_port": "48708", 
        "tk_flag": 0, 
        "ts": "1441696123.813666", 
        "uri": "/bundles/556e3f6ae168fb004100003e-1.zip", 
        "user_agent": "Dalvik/2.1.0 (Linux; U; Android 5.1.1; Nexus 6 Build/LMY48I)"
    }, 
    "1441696126.212558,CNcT6m3TxJtFSZCQg6": {
        "domain": "52.26.28.67", 
        "dst_ip": "52.26.28.67", 
        "dst_port": "8080", 
        "headers": {
            "ACCEPT": "*/*", 
            "CONTENT-LENGTH": "76", 
            "CONTENT-TYPE": "application/x-www-form-urlencoded", 
            "HOST": "52.26.28.67:8080"
        }, 
        "host": "52.26.28.67", 
        "is_host_ip": 1, 
        "label": 0, 
        "md5": null, 
        "method": "POST", 
        "package_name": "com.feelingtouch.slotworld", 
        "pii_types": null, 
        "platform": "android", 
        "post_body": "o\\x1e\\x05\\x00\\x00\\x00\\x00\\x00ba7dedbd99b441a6b3702cc093568eab\\x03\\x00\\x00\\x00\\x05\\x00\\x01\\x00\\x15\\x00\\x18\\x00\\x15\\x90\\x03\\x15\\x02\\x17\\x00\\x00\\x00\\x00\\x00\\x00\\x00\\x00\\x17\\x00\\x00\\x00\\x00\\x00\\x00\\x00\\x00\\x00", 
        "referrer": "-", 
        "src_ip": "10.11.2.3", 
        "src_port": "46389", 
        "tk_flag": 0, 
        "ts": "1441696126.212558", 
        "uri": "/slotworld/codegift", 
        "user_agent": "-"
    }, 
    "1441696127.028670,CjajHeg5uwyfTpzI6": {
        "domain": "52.26.28.67", 
        "dst_ip": "52.26.28.67", 
        "dst_port": "8080", 
        "headers": {
            "ACCEPT": "*/*", 
            "CONTENT-LENGTH": "48", 
            "CONTENT-TYPE": "application/x-www-form-urlencoded", 
            "HOST": "52.26.28.67:8080"
        }, 
        "host": "52.26.28.67", 
        "is_host_ip": 1, 
        "label": 0, 
        "md5": null, 
        "method": "POST", 
        "package_name": "com.feelingtouch.slotworld", 
        "pii_types": null, 
        "platform": "android", 
        "post_body": "o\\x1e\\x05\\x00\\x00\\x00\\x00\\x00ba7dedbd99b441a6b3702cc093568eab\\x04\\x00\\x00\\x00\\x05\\x00\\x01\\x00", 
        "referrer": "-", 
        "src_ip": "10.11.2.3", 
        "src_port": "46390", 
        "tk_flag": 0, 
        "ts": "1441696127.028670", 
        "uri": "/slotworld/world/entry", 
        "user_agent": "-"
    }, 
    "1441696129.068639,CI5pkdP4gupID8Lo2": {
        "domain": "52.26.28.67", 
        "dst_ip": "52.26.28.67", 
        "dst_port": "8080", 
        "headers": {
            "ACCEPT": "*/*", 
            "CONTENT-TYPE": "application/x-www-form-urlencoded", 
            "EXPECT": "100-continue", 
            "HOST": "52.26.28.67:8080"
        }, 
        "host": "52.26.28.67", 
        "is_host_ip": 1, 
        "label": 0, 
        "md5": null, 
        "method": "POST", 
        "package_name": "com.feelingtouch.slotworld", 
        "pii_types": null, 
        "platform": "android", 
        "post_body": "-", 
        "referrer": "-", 
        "src_ip": "10.11.2.3", 
        "src_port": "46391", 
        "tk_flag": 0, 
        "ts": "1441696129.068639", 
        "uri": "/slotworld/world/refresh", 
        "user_agent": "-"
    }, 
    "1441696134.076500,CXPSMI1qpVZUSWEYs2": {
        "domain": "52.26.28.67", 
        "dst_ip": "52.26.28.67", 
        "dst_port": "8080", 
        "headers": {
            "ACCEPT": "*/*", 
            "CONTENT-TYPE": "application/x-www-form-urlencoded", 
            "EXPECT": "100-continue", 
            "HOST": "52.26.28.67:8080"
        }, 
        "host": "52.26.28.67", 
        "is_host_ip": 1, 
        "label": 0, 
        "md5": null, 
        "method": "POST", 
        "package_name": "com.feelingtouch.slotworld", 
        "pii_types": null, 
        "platform": "android", 
        "post_body": "-", 
        "referrer": "-", 
        "src_ip": "10.11.2.3", 
        "src_port": "46392", 
        "tk_flag": 0, 
        "ts": "1441696134.076500", 
        "uri": "/slotworld/world/refresh", 
        "user_agent": "-"
    }, 
    "1441696141.159059,CSFnlD1ieMFYsACPC2": {
        "domain": "52.26.28.67", 
        "dst_ip": "52.26.28.67", 
        "dst_port": "8080", 
        "headers": {
            "ACCEPT": "*/*", 
            "CONTENT-TYPE": "application/x-www-form-urlencoded", 
            "EXPECT": "100-continue", 
            "HOST": "52.26.28.67:8080"
        }, 
        "host": "52.26.28.67", 
        "is_host_ip": 1, 
        "label": 0, 
        "md5": null, 
        "method": "POST", 
        "package_name": "com.feelingtouch.slotworld", 
        "pii_types": null, 
        "platform": "android", 
        "post_body": "-", 
        "referrer": "-", 
        "src_ip": "10.11.2.3", 
        "src_port": "46393", 
        "tk_flag": 0, 
        "ts": "1441696141.159059", 
        "uri": "/slotworld/world/refresh", 
        "user_agent": "-"
    }, 
    "1441696145.254871,CTRDMF13BARCYHDzd2": {
        "domain": "feelingtouch.com", 
        "dst_ip": "54.149.15.52", 
        "dst_port": "80", 
        "headers": {
            "CONNECTION": "Keep-Alive", 
            "HOST": "countly.feelingtouch.com", 
            "USER-AGENT": "Apache-HttpClient/UNAVAILABLE (java 1.4)"
        }, 
        "host": "countly.feelingtouch.com", 
        "is_host_ip": 0, 
        "label": 1, 
        "md5": null, 
        "method": "GET", 
        "package_name": "com.feelingtouch.slotworld", 
        "pii_types": [
            "AndroidId"
        ], 
        "platform": "android", 
        "post_body": "-", 
        "referrer": "-", 
        "src_ip": "10.11.2.3", 
        "src_port": "40506", 
        "tk_flag": 0, 
        "ts": "1441696145.254871", 
        "uri": "/i?app_key=7b05deb79da2a17537503888e6593319cb64592c&device_id=RECON_AndroidId_31a1c7be549d4b6f861e8a940cf1a921&timestamp=1441696142&session_duration=59", 
        "user_agent": "Apache-HttpClient/UNAVAILABLE (java 1.4)"
    }, 
    "1441696145.713240,CC6WQgPUvTsXd3wo8": {
        "domain": "feelingtouch.com", 
        "dst_ip": "54.149.15.52", 
        "dst_port": "80", 
        "headers": {
            "CONNECTION": "Keep-Alive", 
            "HOST": "countly.feelingtouch.com", 
            "USER-AGENT": "Apache-HttpClient/UNAVAILABLE (java 1.4)"
        }, 
        "host": "countly.feelingtouch.com", 
        "is_host_ip": 0, 
        "label": 1, 
        "md5": null, 
        "method": "GET", 
        "package_name": "com.feelingtouch.slotworld", 
        "pii_types": [
            "AndroidId"
        ], 
        "platform": "android", 
        "post_body": "-", 
        "referrer": "-", 
        "src_ip": "10.11.2.3", 
        "src_port": "45255", 
        "tk_flag": 0, 
        "ts": "1441696145.713240", 
        "uri": "/i?app_key=7b05deb79da2a17537503888e6593319cb64592c&device_id=RECON_AndroidId_7c7ff7a1453c405db9f7ff28a0f0fc65&timestamp=1441696082&sdk_version=2.0&begin_session=1&metrics={\"_device\":\"Nexus+6\",\"_os\":\"Android\",\"_os_version\":\"5.1.1\",\"_carrier\":\"elisa\",\"_resolution\":\"2413x1440\",\"_locale\":\"en_US\",\"_app_version\":\"1.0.5\"}", 
        "user_agent": "Apache-HttpClient/UNAVAILABLE (java 1.4)"
    }, 
    "1441696146.349773,C40d7FIMFBWR7vJN8": {
        "domain": "52.26.28.67", 
        "dst_ip": "52.26.28.67", 
        "dst_port": "8080", 
        "headers": {
            "ACCEPT": "*/*", 
            "CONTENT-LENGTH": "86", 
            "CONTENT-TYPE": "application/x-www-form-urlencoded", 
            "HOST": "52.26.28.67:8080"
        }, 
        "host": "52.26.28.67", 
        "is_host_ip": 1, 
        "label": 0, 
        "md5": null, 
        "method": "POST", 
        "package_name": "com.feelingtouch.slotworld", 
        "pii_types": null, 
        "platform": "android", 
        "post_body": "o\\x1e\\x05\\x00\\x00\\x00\\x00\\x00ba7dedbd99b441a6b3702cc093568eab\\x08\\x00\\x00\\x00\\x05\\x00\\x01\\x00\\x15\\x00\\x18\\x0blogon_bonus\\x15\\x00\\x15\\x00\\x17\\x00\\x00\\x00\\x00\\x00\\x00\\x00\\x00\\x17\\x00\\x00\\x00\\x00\\x00\\x00\\x00\\x00\\x00", 
        "referrer": "-", 
        "src_ip": "10.11.2.3", 
        "src_port": "46394", 
        "tk_flag": 0, 
        "ts": "1441696146.349773", 
        "uri": "/slotworld/confirm", 
        "user_agent": "-"
    }, 
    "1441696164.250264,CWuPZX3ZWTVTNrnfed": {
        "domain": "vungle.com", 
        "dst_ip": "184.72.222.153", 
        "dst_port": "80", 
        "headers": {
            "ACCEPT-ENCODING": "gzip", 
            "CONNECTION": "Keep-Alive", 
            "CONTENT-LENGTH": "128", 
            "CONTENT-TYPE": "application/json", 
            "HOST": "api.vungle.com", 
            "USER-AGENT": "VungleDroid/3.3.0", 
            "X-VUNGLE-BUNDLE-ID": "com.feelingtouch.slotworld", 
            "X-VUNGLE-LANGUAGE": "eng", 
            "X-VUNGLE-TIMEZONE": "Europe/Helsinki"
        }, 
        "host": "api.vungle.com", 
        "is_host_ip": 0, 
        "label": 1, 
        "md5": null, 
        "method": "POST", 
        "package_name": "com.feelingtouch.slotworld", 
        "pii_types": [
            "AdvertiserId"
        ], 
        "platform": "android", 
        "post_body": "{\"ifa\":\"RECON_AdvertiserId_80de0fa217254ab8b8a5fb911d6458f9\",\"pubAppId\":\"com.feelingtouch.slotworld\",\"start\":1441696082275,\"end\":1441696150975}", 
        "referrer": "-", 
        "src_ip": "10.11.2.3", 
        "src_port": "58413", 
        "tk_flag": 0, 
        "ts": "1441696164.250264", 
        "uri": "/api/v1/sessionEnd", 
        "user_agent": "VungleDroid/3.3.0"
    }, 
    "1441696193.872394,Ch2NYo4nYf8MmW65mf": {
        "domain": "vungle.com", 
        "dst_ip": "184.72.222.153", 
        "dst_port": "80", 
        "headers": {
            "ACCEPT-ENCODING": "gzip", 
            "CONNECTION": "Keep-Alive", 
            "CONTENT-LENGTH": "108", 
            "CONTENT-TYPE": "application/json", 
            "HOST": "api.vungle.com", 
            "USER-AGENT": "VungleDroid/3.3.0", 
            "X-VUNGLE-BUNDLE-ID": "com.feelingtouch.slotworld", 
            "X-VUNGLE-LANGUAGE": "eng", 
            "X-VUNGLE-TIMEZONE": "Europe/Helsinki"
        }, 
        "host": "api.vungle.com", 
        "is_host_ip": 0, 
        "label": 1, 
        "md5": null, 
        "method": "POST", 
        "package_name": "com.feelingtouch.slotworld", 
        "pii_types": [
            "AdvertiserId"
        ], 
        "platform": "android", 
        "post_body": "{\"ifa\":\"RECON_AdvertiserId_2668098b01c64d4580cadcb1a3e0e731\",\"pubAppId\":\"com.feelingtouch.slotworld\",\"start\":1441696190731}", 
        "referrer": "-", 
        "src_ip": "10.11.2.3", 
        "src_port": "50561", 
        "tk_flag": 0, 
        "ts": "1441696193.872394", 
        "uri": "/api/v1/sessionStart", 
        "user_agent": "VungleDroid/3.3.0"
    }, 
    "1441696194.274975,CcgABw4KmHeRlPWRRj": {
        "domain": "52.26.28.67", 
        "dst_ip": "52.26.28.67", 
        "dst_port": "8080", 
        "headers": {
            "ACCEPT": "*/*", 
            "CONTENT-LENGTH": "128", 
            "CONTENT-TYPE": "application/x-www-form-urlencoded", 
            "HOST": "52.26.28.67:8080"
        }, 
        "host": "52.26.28.67", 
        "is_host_ip": 1, 
        "label": 1, 
        "md5": null, 
        "method": "POST", 
        "package_name": "com.feelingtouch.slotworld", 
        "pii_types": [
            "FirstName"
        ], 
        "platform": "android", 
        "post_body": "o\\x1e\\x05\\x00\\x00\\x00\\x00\\x00ba7dedbd99b441a6b3702cc093568eab\\x09\\x00\\x00\\x00\\x05\\x00\\x01\\x00\\x15\\x00\\x18\\x0f498686113629064\\x18\\x0fRECON_FirstName_c5f77dddba8e43f996d113a852f1d94b Khata\\x12\\x18 45d63657277546bd810639bb51638fcd\\x18\\x02US\\x18\\x02en\\x00", 
        "referrer": "-", 
        "src_ip": "10.11.2.3", 
        "src_port": "46410", 
        "tk_flag": 0, 
        "ts": "1441696194.274975", 
        "uri": "/slotworld/register", 
        "user_agent": "-"
    }, 
    "1441696194.860120,C8XnuW2diGICkaGYbf": {
        "domain": "52.26.28.67", 
        "dst_ip": "52.26.28.67", 
        "dst_port": "8080", 
        "headers": {
            "ACCEPT": "*/*", 
            "CONTENT-LENGTH": "57", 
            "CONTENT-TYPE": "application/x-www-form-urlencoded", 
            "HOST": "52.26.28.67:8080"
        }, 
        "host": "52.26.28.67", 
        "is_host_ip": 1, 
        "label": 0, 
        "md5": null, 
        "method": "POST", 
        "package_name": "com.feelingtouch.slotworld", 
        "pii_types": null, 
        "platform": "android", 
        "post_body": "o\\x1e\\x05\\x00\\x00\\x00\\x00\\x00ba7dedbd99b441a6b3702cc093568eab\\x0a\\x00\\x00\\x00\\x05\\x00\\x01\\x00\\x11\\x18\\x02[]\\x12\\x18\\x00\\x00", 
        "referrer": "-", 
        "src_ip": "10.11.2.3", 
        "src_port": "46411", 
        "tk_flag": 0, 
        "ts": "1441696194.860120", 
        "uri": "/slotworld/friends", 
        "user_agent": "-"
    }, 
    "1441696196.448019,CBECdu40hyTrNNRXLf": {
        "domain": "52.26.28.67", 
        "dst_ip": "52.26.28.67", 
        "dst_port": "8080", 
        "headers": {
            "ACCEPT": "*/*", 
            "CONTENT-TYPE": "application/x-www-form-urlencoded", 
            "EXPECT": "100-continue", 
            "HOST": "52.26.28.67:8080"
        }, 
        "host": "52.26.28.67", 
        "is_host_ip": 1, 
        "label": 0, 
        "md5": null, 
        "method": "POST", 
        "package_name": "com.feelingtouch.slotworld", 
        "pii_types": null, 
        "platform": "android", 
        "post_body": "-", 
        "referrer": "-", 
        "src_ip": "10.11.2.3", 
        "src_port": "46412", 
        "tk_flag": 0, 
        "ts": "1441696196.448019", 
        "uri": "/slotworld/world/refresh", 
        "user_agent": "-"
    }, 
    "1441696211.461671,CpDIgQ3c4KGuK0vGEc": {
        "domain": "52.26.28.67", 
        "dst_ip": "52.26.28.67", 
        "dst_port": "8080", 
        "headers": {
            "ACCEPT": "*/*", 
            "CONTENT-TYPE": "application/x-www-form-urlencoded", 
            "EXPECT": "100-continue", 
            "HOST": "52.26.28.67:8080"
        }, 
        "host": "52.26.28.67", 
        "is_host_ip": 1, 
        "label": 0, 
        "md5": null, 
        "method": "POST", 
        "package_name": "com.feelingtouch.slotworld", 
        "pii_types": null, 
        "platform": "android", 
        "post_body": "-", 
        "referrer": "-", 
        "src_ip": "10.11.2.3", 
        "src_port": "46413", 
        "tk_flag": 0, 
        "ts": "1441696211.461671", 
        "uri": "/slotworld/world/refresh", 
        "user_agent": "-"
    }, 
    "1441696212.193225,CeQEDV3mfmSBIxbvVf": {
        "domain": "52.26.28.67", 
        "dst_ip": "52.26.28.67", 
        "dst_port": "8080", 
        "headers": {
            "ACCEPT": "*/*", 
            "CONTENT-LENGTH": "75", 
            "CONTENT-TYPE": "application/x-www-form-urlencoded", 
            "HOST": "52.26.28.67:8080"
        }, 
        "host": "52.26.28.67", 
        "is_host_ip": 1, 
        "label": 0, 
        "md5": null, 
        "method": "POST", 
        "package_name": "com.feelingtouch.slotworld", 
        "pii_types": null, 
        "platform": "android", 
        "post_body": "o\\x1e\\x05\\x00\\x00\\x00\\x00\\x00ba7dedbd99b441a6b3702cc093568eab\\x0d\\x00\\x00\\x00\\x05\\x00\\x01\\x00\\x15\\x00\\x18\\x00\\x15\\x00\\x15\\x00\\x17\\x00\\x00\\x00\\x00\\x00\\x00\\x00\\x00\\x17\\x00\\x00\\x00\\x00\\x00\\x00\\x00\\x00\\x00", 
        "referrer": "-", 
        "src_ip": "10.11.2.3", 
        "src_port": "46414", 
        "tk_flag": 0, 
        "ts": "1441696212.193225", 
        "uri": "/slotworld/game/entry", 
        "user_agent": "-"
    }, 
    "1441696219.281629,CCtyFC4xrt8IMbnAng": {
        "domain": "52.26.28.67", 
        "dst_ip": "52.26.28.67", 
        "dst_port": "8080", 
        "headers": {
            "ACCEPT": "*/*", 
            "CONTENT-LENGTH": "4", 
            "CONTENT-TYPE": "application/x-www-form-urlencoded", 
            "HOST": "52.26.28.67:8080"
        }, 
        "host": "52.26.28.67", 
        "is_host_ip": 1, 
        "label": 0, 
        "md5": null, 
        "method": "POST", 
        "package_name": "com.feelingtouch.slotworld", 
        "pii_types": null, 
        "platform": "android", 
        "post_body": "\\x00\\x00\\x00\\x00", 
        "referrer": "-", 
        "src_ip": "10.11.2.3", 
        "src_port": "46415", 
        "tk_flag": 0, 
        "ts": "1441696219.281629", 
        "uri": "/slotworld/game/refresh", 
        "user_agent": "-"
    }, 
    "1441696220.587132,Ck1a9c3fFWgsB0ojhk": {
        "domain": "52.26.28.67", 
        "dst_ip": "52.26.28.67", 
        "dst_port": "8080", 
        "headers": {
            "ACCEPT": "*/*", 
            "CONTENT-LENGTH": "75", 
            "CONTENT-TYPE": "application/x-www-form-urlencoded", 
            "HOST": "52.26.28.67:8080"
        }, 
        "host": "52.26.28.67", 
        "is_host_ip": 1, 
        "label": 0, 
        "md5": null, 
        "method": "POST", 
        "package_name": "com.feelingtouch.slotworld", 
        "pii_types": null, 
        "platform": "android", 
        "post_body": "o\\x1e\\x05\\x00\\x00\\x00\\x00\\x00ba7dedbd99b441a6b3702cc093568eab\\x0f\\x00\\x00\\x00\\x05\\x00\\x01\\x00\\x15\\x00\\x18\\x00\\x15\\x00\\x15\\x00\\x17\\x00\\x00\\x00\\x00\\x00\\x00\\x00\\x00\\x17\\x00\\x00\\x00\\x00\\x00\\x00\\x00\\x00\\x00", 
        "referrer": "-", 
        "src_ip": "10.11.2.3", 
        "src_port": "46416", 
        "tk_flag": 0, 
        "ts": "1441696220.587132", 
        "uri": "/slotworld/game/spin", 
        "user_agent": "-"
    }, 
    "1441696232.996567,CcxB993OD7AQIkjW1k": {
        "domain": "52.26.28.67", 
        "dst_ip": "52.26.28.67", 
        "dst_port": "8080", 
        "headers": {
            "ACCEPT": "*/*", 
            "CONTENT-LENGTH": "4", 
            "CONTENT-TYPE": "application/x-www-form-urlencoded", 
            "HOST": "52.26.28.67:8080"
        }, 
        "host": "52.26.28.67", 
        "is_host_ip": 1, 
        "label": 0, 
        "md5": null, 
        "method": "POST", 
        "package_name": "com.feelingtouch.slotworld", 
        "pii_types": null, 
        "platform": "android", 
        "post_body": "\\x00\\x00\\x00\\x00", 
        "referrer": "-", 
        "src_ip": "10.11.2.3", 
        "src_port": "46417", 
        "tk_flag": 0, 
        "ts": "1441696232.996567", 
        "uri": "/slotworld/game/refresh", 
        "user_agent": "-"
    }, 
    "1441696240.184023,CcZUtj1nt5Qgy4xiv3": {
        "domain": "52.26.28.67", 
        "dst_ip": "52.26.28.67", 
        "dst_port": "8080", 
        "headers": {
            "ACCEPT": "*/*", 
            "CONTENT-LENGTH": "75", 
            "CONTENT-TYPE": "application/x-www-form-urlencoded", 
            "HOST": "52.26.28.67:8080"
        }, 
        "host": "52.26.28.67", 
        "is_host_ip": 1, 
        "label": 0, 
        "md5": null, 
        "method": "POST", 
        "package_name": "com.feelingtouch.slotworld", 
        "pii_types": null, 
        "platform": "android", 
        "post_body": "o\\x1e\\x05\\x00\\x00\\x00\\x00\\x00ba7dedbd99b441a6b3702cc093568eab\\x11\\x00\\x00\\x00\\x05\\x00\\x01\\x00\\x15\\x00\\x18\\x00\\x15\\x00\\x15\\x00\\x17\\x00\\x00\\x00\\x00\\x00\\x00\\x00\\x00\\x17\\x00\\x00\\x00\\x00\\x00\\x00\\x00\\x00\\x00", 
        "referrer": "-", 
        "src_ip": "10.11.2.3", 
        "src_port": "46424", 
        "tk_flag": 0, 
        "ts": "1441696240.184023", 
        "uri": "/slotworld/game/spin", 
        "user_agent": "-"
    }, 
    "1441696246.839507,CqpGXZ1mGdve5TNs54": {
        "domain": "52.26.28.67", 
        "dst_ip": "52.26.28.67", 
        "dst_port": "8080", 
        "headers": {
            "ACCEPT": "*/*", 
            "CONTENT-LENGTH": "75", 
            "CONTENT-TYPE": "application/x-www-form-urlencoded", 
            "HOST": "52.26.28.67:8080"
        }, 
        "host": "52.26.28.67", 
        "is_host_ip": 1, 
        "label": 0, 
        "md5": null, 
        "method": "POST", 
        "package_name": "com.feelingtouch.slotworld", 
        "pii_types": null, 
        "platform": "android", 
        "post_body": "o\\x1e\\x05\\x00\\x00\\x00\\x00\\x00ba7dedbd99b441a6b3702cc093568eab\\x12\\x00\\x00\\x00\\x05\\x00\\x01\\x00\\x15\\x00\\x18\\x00\\x15\\x00\\x15\\x00\\x17\\x00\\x00\\x00\\x00\\x00\\x00\\x00\\x00\\x17\\x00\\x00\\x00\\x00\\x00\\x00\\x00\\x00\\x00", 
        "referrer": "-", 
        "src_ip": "10.11.2.3", 
        "src_port": "46425", 
        "tk_flag": 0, 
        "ts": "1441696246.839507", 
        "uri": "/slotworld/game/spin", 
        "user_agent": "-"
    }, 
    "1441696247.987462,Cxk7NW17AFjMc31mua": {
        "domain": "52.26.28.67", 
        "dst_ip": "52.26.28.67", 
        "dst_port": "8080", 
        "headers": {
            "ACCEPT": "*/*", 
            "CONTENT-LENGTH": "4", 
            "CONTENT-TYPE": "application/x-www-form-urlencoded", 
            "HOST": "52.26.28.67:8080"
        }, 
        "host": "52.26.28.67", 
        "is_host_ip": 1, 
        "label": 0, 
        "md5": null, 
        "method": "POST", 
        "package_name": "com.feelingtouch.slotworld", 
        "pii_types": null, 
        "platform": "android", 
        "post_body": "\\x00\\x00\\x00\\x00", 
        "referrer": "-", 
        "src_ip": "10.11.2.3", 
        "src_port": "46426", 
        "tk_flag": 0, 
        "ts": "1441696247.987462", 
        "uri": "/slotworld/game/refresh", 
        "user_agent": "-"
    }, 
    "1441696251.249819,CGVbpU1RjZtGXoFJG3": {
        "domain": "52.26.28.67", 
        "dst_ip": "52.26.28.67", 
        "dst_port": "8080", 
        "headers": {
            "ACCEPT": "*/*", 
            "CONTENT-LENGTH": "75", 
            "CONTENT-TYPE": "application/x-www-form-urlencoded", 
            "HOST": "52.26.28.67:8080"
        }, 
        "host": "52.26.28.67", 
        "is_host_ip": 1, 
        "label": 0, 
        "md5": null, 
        "method": "POST", 
        "package_name": "com.feelingtouch.slotworld", 
        "pii_types": null, 
        "platform": "android", 
        "post_body": "o\\x1e\\x05\\x00\\x00\\x00\\x00\\x00ba7dedbd99b441a6b3702cc093568eab\\x14\\x00\\x00\\x00\\x05\\x00\\x01\\x00\\x15\\x00\\x18\\x00\\x15\\x00\\x15\\x00\\x17\\x00\\x00\\x00\\x00\\x00\\x00\\x00\\x00\\x17\\x00\\x00\\x00\\x00\\x00\\x00\\x00\\x00\\x00", 
        "referrer": "-", 
        "src_ip": "10.11.2.3", 
        "src_port": "46427", 
        "tk_flag": 0, 
        "ts": "1441696251.249819", 
        "uri": "/slotworld/game/spin", 
        "user_agent": "-"
    }, 
    "1441696256.054463,CXh0422Ea2EAN1SvJ9": {
        "domain": "52.26.28.67", 
        "dst_ip": "52.26.28.67", 
        "dst_port": "8080", 
        "headers": {
            "ACCEPT": "*/*", 
            "CONTENT-LENGTH": "75", 
            "CONTENT-TYPE": "application/x-www-form-urlencoded", 
            "HOST": "52.26.28.67:8080"
        }, 
        "host": "52.26.28.67", 
        "is_host_ip": 1, 
        "label": 0, 
        "md5": null, 
        "method": "POST", 
        "package_name": "com.feelingtouch.slotworld", 
        "pii_types": null, 
        "platform": "android", 
        "post_body": "o\\x1e\\x05\\x00\\x00\\x00\\x00\\x00ba7dedbd99b441a6b3702cc093568eab\\x15\\x00\\x00\\x00\\x05\\x00\\x01\\x00\\x15\\x00\\x18\\x00\\x15\\x00\\x15\\x00\\x17\\x00\\x00\\x00\\x00\\x00\\x00\\x00\\x00\\x17\\x00\\x00\\x00\\x00\\x00\\x00\\x00\\x00\\x00", 
        "referrer": "-", 
        "src_ip": "10.11.2.3", 
        "src_port": "46428", 
        "tk_flag": 0, 
        "ts": "1441696256.054463", 
        "uri": "/slotworld/game/spin", 
        "user_agent": "-"
    }, 
    "1441696263.003791,Crf2KXFVJvs3WC49a": {
        "domain": "52.26.28.67", 
        "dst_ip": "52.26.28.67", 
        "dst_port": "8080", 
        "headers": {
            "ACCEPT": "*/*", 
            "CONTENT-LENGTH": "4", 
            "CONTENT-TYPE": "application/x-www-form-urlencoded", 
            "HOST": "52.26.28.67:8080"
        }, 
        "host": "52.26.28.67", 
        "is_host_ip": 1, 
        "label": 0, 
        "md5": null, 
        "method": "POST", 
        "package_name": "com.feelingtouch.slotworld", 
        "pii_types": null, 
        "platform": "android", 
        "post_body": "\\x00\\x00\\x00\\x00", 
        "referrer": "-", 
        "src_ip": "10.11.2.3", 
        "src_port": "46429", 
        "tk_flag": 0, 
        "ts": "1441696263.003791", 
        "uri": "/slotworld/game/refresh", 
        "user_agent": "-"
    }, 
    "1441696268.557933,CWffir11FcaxNhPj21": {
        "domain": "52.26.28.67", 
        "dst_ip": "52.26.28.67", 
        "dst_port": "8080", 
        "headers": {
            "ACCEPT": "*/*", 
            "CONTENT-LENGTH": "75", 
            "CONTENT-TYPE": "application/x-www-form-urlencoded", 
            "HOST": "52.26.28.67:8080"
        }, 
        "host": "52.26.28.67", 
        "is_host_ip": 1, 
        "label": 0, 
        "md5": null, 
        "method": "POST", 
        "package_name": "com.feelingtouch.slotworld", 
        "pii_types": null, 
        "platform": "android", 
        "post_body": "o\\x1e\\x05\\x00\\x00\\x00\\x00\\x00ba7dedbd99b441a6b3702cc093568eab\\x17\\x00\\x00\\x00\\x05\\x00\\x01\\x00\\x15\\x00\\x18\\x00\\x15\\x00\\x15\\x00\\x17\\x00\\x00\\x00\\x00\\x00\\x00\\x00\\x00\\x17\\x00\\x00\\x00\\x00\\x00\\x00\\x00\\x00\\x00", 
        "referrer": "-", 
        "src_ip": "10.11.2.3", 
        "src_port": "46436", 
        "tk_flag": 0, 
        "ts": "1441696268.557933", 
        "uri": "/slotworld/game/spin", 
        "user_agent": "-"
    }, 
    "1441696278.010442,Cd0iVl1zFfpbivVPd1": {
        "domain": "52.26.28.67", 
        "dst_ip": "52.26.28.67", 
        "dst_port": "8080", 
        "headers": {
            "ACCEPT": "*/*", 
            "CONTENT-LENGTH": "4", 
            "CONTENT-TYPE": "application/x-www-form-urlencoded", 
            "HOST": "52.26.28.67:8080"
        }, 
        "host": "52.26.28.67", 
        "is_host_ip": 1, 
        "label": 0, 
        "md5": null, 
        "method": "POST", 
        "package_name": "com.feelingtouch.slotworld", 
        "pii_types": null, 
        "platform": "android", 
        "post_body": "\\x00\\x00\\x00\\x00", 
        "referrer": "-", 
        "src_ip": "10.11.2.3", 
        "src_port": "46437", 
        "tk_flag": 0, 
        "ts": "1441696278.010442", 
        "uri": "/slotworld/game/refresh", 
        "user_agent": "-"
    }, 
    "1441696293.009614,CzYLyyVMdq4DQCvfj": {
        "domain": "52.26.28.67", 
        "dst_ip": "52.26.28.67", 
        "dst_port": "8080", 
        "headers": {
            "ACCEPT": "*/*", 
            "CONTENT-LENGTH": "4", 
            "CONTENT-TYPE": "application/x-www-form-urlencoded", 
            "HOST": "52.26.28.67:8080"
        }, 
        "host": "52.26.28.67", 
        "is_host_ip": 1, 
        "label": 0, 
        "md5": null, 
        "method": "POST", 
        "package_name": "com.feelingtouch.slotworld", 
        "pii_types": null, 
        "platform": "android", 
        "post_body": "\\x00\\x00\\x00\\x00", 
        "referrer": "-", 
        "src_ip": "10.11.2.3", 
        "src_port": "46438", 
        "tk_flag": 0, 
        "ts": "1441696293.009614", 
        "uri": "/slotworld/game/refresh", 
        "user_agent": "-"
    }, 
    "1441696293.682432,C7pve23q6ZuwTGf7Sj": {
        "domain": "52.26.28.67", 
        "dst_ip": "52.26.28.67", 
        "dst_port": "8080", 
        "headers": {
            "ACCEPT": "*/*", 
            "CONTENT-LENGTH": "48", 
            "CONTENT-TYPE": "application/x-www-form-urlencoded", 
            "HOST": "52.26.28.67:8080"
        }, 
        "host": "52.26.28.67", 
        "is_host_ip": 1, 
        "label": 0, 
        "md5": null, 
        "method": "POST", 
        "package_name": "com.feelingtouch.slotworld", 
        "pii_types": null, 
        "platform": "android", 
        "post_body": "o\\x1e\\x05\\x00\\x00\\x00\\x00\\x00ba7dedbd99b441a6b3702cc093568eab\\x1a\\x00\\x00\\x00\\x05\\x00\\x01\\x00", 
        "referrer": "-", 
        "src_ip": "10.11.2.3", 
        "src_port": "46439", 
        "tk_flag": 0, 
        "ts": "1441696293.682432", 
        "uri": "/slotworld/world/entry", 
        "user_agent": "-"
    }, 
    "1441696295.759579,CGq92p4yKNrdBfzILf": {
        "domain": "52.26.28.67", 
        "dst_ip": "52.26.28.67", 
        "dst_port": "8080", 
        "headers": {
            "ACCEPT": "*/*", 
            "CONTENT-TYPE": "application/x-www-form-urlencoded", 
            "EXPECT": "100-continue", 
            "HOST": "52.26.28.67:8080"
        }, 
        "host": "52.26.28.67", 
        "is_host_ip": 1, 
        "label": 0, 
        "md5": null, 
        "method": "POST", 
        "package_name": "com.feelingtouch.slotworld", 
        "pii_types": null, 
        "platform": "android", 
        "post_body": "-", 
        "referrer": "-", 
        "src_ip": "10.11.2.3", 
        "src_port": "46440", 
        "tk_flag": 0, 
        "ts": "1441696295.759579", 
        "uri": "/slotworld/world/refresh", 
        "user_agent": "-"
    }, 
    "1441696300.738198,CvIt8r4TvfpYhlnybf": {
        "domain": "52.26.28.67", 
        "dst_ip": "52.26.28.67", 
        "dst_port": "8080", 
        "headers": {
            "ACCEPT": "*/*", 
            "CONTENT-TYPE": "application/x-www-form-urlencoded", 
            "EXPECT": "100-continue", 
            "HOST": "52.26.28.67:8080"
        }, 
        "host": "52.26.28.67", 
        "is_host_ip": 1, 
        "label": 0, 
        "md5": null, 
        "method": "POST", 
        "package_name": "com.feelingtouch.slotworld", 
        "pii_types": null, 
        "platform": "android", 
        "post_body": "-", 
        "referrer": "-", 
        "src_ip": "10.11.2.3", 
        "src_port": "46441", 
        "tk_flag": 0, 
        "ts": "1441696300.738198", 
        "uri": "/slotworld/world/refresh", 
        "user_agent": "-"
    }, 
    "1441696306.422549,CqI1ju4WPfFZljhGGj": {
        "domain": "52.26.28.67", 
        "dst_ip": "52.26.28.67", 
        "dst_port": "8080", 
        "headers": {
            "ACCEPT": "*/*", 
            "CONTENT-LENGTH": "75", 
            "CONTENT-TYPE": "application/x-www-form-urlencoded", 
            "HOST": "52.26.28.67:8080"
        }, 
        "host": "52.26.28.67", 
        "is_host_ip": 1, 
        "label": 0, 
        "md5": null, 
        "method": "POST", 
        "package_name": "com.feelingtouch.slotworld", 
        "pii_types": null, 
        "platform": "android", 
        "post_body": "o\\x1e\\x05\\x00\\x00\\x00\\x00\\x00ba7dedbd99b441a6b3702cc093568eab\\x1d\\x00\\x00\\x00\\x05\\x00\\x01\\x00\\x15\\x00\\x18\\x00\\x15\\x00\\x15\\x00\\x17\\x00\\x00\\x00\\x00\\x00\\x00\\x00\\x00\\x17\\x00\\x00\\x00\\x00\\x00\\x00\\x00\\x00\\x00", 
        "referrer": "-", 
        "src_ip": "10.11.2.3", 
        "src_port": "46442", 
        "tk_flag": 0, 
        "ts": "1441696306.422549", 
        "uri": "/slotworld/game/entry", 
        "user_agent": "-"
    }, 
    "1441696313.232692,CC1gh64Y3ELEGw27vd": {
        "domain": "52.26.28.67", 
        "dst_ip": "52.26.28.67", 
        "dst_port": "8080", 
        "headers": {
            "ACCEPT": "*/*", 
            "CONTENT-LENGTH": "4", 
            "CONTENT-TYPE": "application/x-www-form-urlencoded", 
            "HOST": "52.26.28.67:8080"
        }, 
        "host": "52.26.28.67", 
        "is_host_ip": 1, 
        "label": 0, 
        "md5": null, 
        "method": "POST", 
        "package_name": "com.feelingtouch.slotworld", 
        "pii_types": null, 
        "platform": "android", 
        "post_body": "\\x00\\x00\\x00\\x00", 
        "referrer": "-", 
        "src_ip": "10.11.2.3", 
        "src_port": "46443", 
        "tk_flag": 0, 
        "ts": "1441696313.232692", 
        "uri": "/slotworld/game/refresh", 
        "user_agent": "-"
    }, 
    "1441696327.112110,CxU1f93lr00jPXj3Ug": {
        "domain": "52.26.28.67", 
        "dst_ip": "52.26.28.67", 
        "dst_port": "8080", 
        "headers": {
            "ACCEPT": "*/*", 
            "CONTENT-LENGTH": "4", 
            "CONTENT-TYPE": "application/x-www-form-urlencoded", 
            "HOST": "52.26.28.67:8080"
        }, 
        "host": "52.26.28.67", 
        "is_host_ip": 1, 
        "label": 0, 
        "md5": null, 
        "method": "POST", 
        "package_name": "com.feelingtouch.slotworld", 
        "pii_types": null, 
        "platform": "android", 
        "post_body": "\\x00\\x00\\x00\\x00", 
        "referrer": "-", 
        "src_ip": "10.11.2.3", 
        "src_port": "46444", 
        "tk_flag": 0, 
        "ts": "1441696327.112110", 
        "uri": "/slotworld/game/refresh", 
        "user_agent": "-"
    }, 
    "1441696334.501330,CBDyAm2cSWNAodtxNg": {
        "domain": "52.26.28.67", 
        "dst_ip": "52.26.28.67", 
        "dst_port": "8080", 
        "headers": {
            "ACCEPT": "*/*", 
            "CONTENT-LENGTH": "75", 
            "CONTENT-TYPE": "application/x-www-form-urlencoded", 
            "HOST": "52.26.28.67:8080"
        }, 
        "host": "52.26.28.67", 
        "is_host_ip": 1, 
        "label": 0, 
        "md5": null, 
        "method": "POST", 
        "package_name": "com.feelingtouch.slotworld", 
        "pii_types": null, 
        "platform": "android", 
        "post_body": "o\\x1e\\x05\\x00\\x00\\x00\\x00\\x00ba7dedbd99b441a6b3702cc093568eab \\x00\\x00\\x00\\x05\\x00\\x01\\x00\\x15\\x00\\x18\\x00\\x15\\x00\\x15\\x00\\x17\\x00\\x00\\x00\\x00\\x00\\x00\\x00\\x00\\x17\\x00\\x00\\x00\\x00\\x00\\x00\\x00\\x00\\x00", 
        "referrer": "-", 
        "src_ip": "10.11.2.3", 
        "src_port": "46445", 
        "tk_flag": 0, 
        "ts": "1441696334.501330", 
        "uri": "/slotworld/game/spin", 
        "user_agent": "-"
    }, 
    "1441696342.123401,C1YbyV31XdokIDROIc": {
        "domain": "52.26.28.67", 
        "dst_ip": "52.26.28.67", 
        "dst_port": "8080", 
        "headers": {
            "ACCEPT": "*/*", 
            "CONTENT-LENGTH": "4", 
            "CONTENT-TYPE": "application/x-www-form-urlencoded", 
            "HOST": "52.26.28.67:8080"
        }, 
        "host": "52.26.28.67", 
        "is_host_ip": 1, 
        "label": 0, 
        "md5": null, 
        "method": "POST", 
        "package_name": "com.feelingtouch.slotworld", 
        "pii_types": null, 
        "platform": "android", 
        "post_body": "\\x00\\x00\\x00\\x00", 
        "referrer": "-", 
        "src_ip": "10.11.2.3", 
        "src_port": "46446", 
        "tk_flag": 0, 
        "ts": "1441696342.123401", 
        "uri": "/slotworld/game/refresh", 
        "user_agent": "-"
    }, 
    "1441696343.083915,CQ6kdQ3iCJQPGol1Cg": {
        "domain": "52.26.28.67", 
        "dst_ip": "52.26.28.67", 
        "dst_port": "8080", 
        "headers": {
            "ACCEPT": "*/*", 
            "CONTENT-LENGTH": "75", 
            "CONTENT-TYPE": "application/x-www-form-urlencoded", 
            "HOST": "52.26.28.67:8080"
        }, 
        "host": "52.26.28.67", 
        "is_host_ip": 1, 
        "label": 0, 
        "md5": null, 
        "method": "POST", 
        "package_name": "com.feelingtouch.slotworld", 
        "pii_types": null, 
        "platform": "android", 
        "post_body": "o\\x1e\\x05\\x00\\x00\\x00\\x00\\x00ba7dedbd99b441a6b3702cc093568eab\"\\x00\\x00\\x00\\x05\\x00\\x01\\x00\\x15\\x00\\x18\\x00\\x15\\x00\\x15\\x00\\x17\\x00\\x00\\x00\\x00\\x00\\x00\\x00\\x00\\x17\\x00\\x00\\x00\\x00\\x00\\x00\\x00\\x00\\x00", 
        "referrer": "-", 
        "src_ip": "10.11.2.3", 
        "src_port": "46447", 
        "tk_flag": 0, 
        "ts": "1441696343.083915", 
        "uri": "/slotworld/bonus/enter", 
        "user_agent": "-"
    }, 
    "1441696381.653339,CPQUPz1jeU7BoQlGL1": {
        "domain": "52.26.28.67", 
        "dst_ip": "52.26.28.67", 
        "dst_port": "8080", 
        "headers": {
            "ACCEPT": "*/*", 
            "CONTENT-LENGTH": "78", 
            "CONTENT-TYPE": "application/x-www-form-urlencoded", 
            "HOST": "52.26.28.67:8080"
        }, 
        "host": "52.26.28.67", 
        "is_host_ip": 1, 
        "label": 0, 
        "md5": null, 
        "method": "POST", 
        "package_name": "com.feelingtouch.slotworld", 
        "pii_types": null, 
        "platform": "android", 
        "post_body": "o\\x1e\\x05\\x00\\x00\\x00\\x00\\x00ba7dedbd99b441a6b3702cc093568eab#\\x00\\x00\\x00\\x05\\x00\\x01\\x00\\x15\\x00\\x18\\x03END\\x15\\x00\\x15\\x00\\x17\\x00\\x00\\x00\\x00\\x000\\xa1@\\x17\\x00\\x00\\x00\\x00\\x00\\x00\\x00\\x00\\x00", 
        "referrer": "-", 
        "src_ip": "10.11.2.3", 
        "src_port": "46454", 
        "tk_flag": 0, 
        "ts": "1441696381.653339", 
        "uri": "/slotworld/bonus/click", 
        "user_agent": "-"
    }, 
    "1441696387.363626,CMhS1OrQkW1yOZQu9": {
        "domain": "52.26.28.67", 
        "dst_ip": "52.26.28.67", 
        "dst_port": "8080", 
        "headers": {
            "ACCEPT": "*/*", 
            "CONTENT-LENGTH": "75", 
            "CONTENT-TYPE": "application/x-www-form-urlencoded", 
            "HOST": "52.26.28.67:8080"
        }, 
        "host": "52.26.28.67", 
        "is_host_ip": 1, 
        "label": 0, 
        "md5": null, 
        "method": "POST", 
        "package_name": "com.feelingtouch.slotworld", 
        "pii_types": null, 
        "platform": "android", 
        "post_body": "o\\x1e\\x05\\x00\\x00\\x00\\x00\\x00ba7dedbd99b441a6b3702cc093568eab$\\x00\\x00\\x00\\x05\\x00\\x01\\x00\\x15\\x00\\x18\\x00\\x15\\x00\\x15\\x00\\x17\\x00\\x00\\x00\\x00\\x00\\x00\\x00\\x00\\x17\\x00\\x00\\x00\\x00\\x00\\x00\\x00\\x00\\x00", 
        "referrer": "-", 
        "src_ip": "10.11.2.3", 
        "src_port": "46455", 
        "tk_flag": 0, 
        "ts": "1441696387.363626", 
        "uri": "/slotworld/game/spin", 
        "user_agent": "-"
    }
}
