{
    "1441695582.016609,Cujg3O1MJSTxNeFcfl": {
        "domain": "spsliveops.com", 
        "dst_ip": "173.192.106.50", 
        "dst_port": "8082", 
        "headers": {
            "ACCEPT": "*/*", 
            "CONTENT-LENGTH": "130", 
            "CONTENT-TYPE": "application/x-www-form-urlencoded", 
            "HOST": "slotsdb.spsliveops.com:8082", 
            "USER-AGENT": "libcurl"
        }, 
        "host": "slotsdb.spsliveops.com", 
        "is_host_ip": 0, 
        "label": 1, 
        "md5": null, 
        "method": "POST", 
        "package_name": "com.forgame.slots", 
        "pii_types": [
            "AdvertiserId", 
            "AndroidId"
        ], 
        "platform": "android", 
        "post_body": "adid=RECON_AdvertiserId_2649f5ecf2154ebda6fce76ff6bd498b&appVer=401&device=1&key=bdb175ea9d2de869a8fa6b0b474c2fdf&playerId=&uid=RECON_AndroidId_876d769e1e624692bded365d792d163e&", 
        "referrer": "-", 
        "src_ip": "10.11.2.3", 
        "src_port": "54345", 
        "tk_flag": 0, 
        "ts": "1441695582.016609", 
        "uri": "/player/create", 
        "user_agent": "libcurl"
    }, 
    "1441695584.609265,C3s7iq42s9m9YmDYB8": {
        "domain": "173.192.106.50", 
        "dst_ip": "173.192.106.50", 
        "dst_port": "8011", 
        "headers": {
            "ACCEPT": "*/*", 
            "HOST": "173.192.106.50:8011", 
            "USER-AGENT": "libcurl"
        }, 
        "host": "173.192.106.50", 
        "is_host_ip": 1, 
        "label": 0, 
        "md5": null, 
        "method": "GET", 
        "package_name": "com.forgame.slots", 
        "pii_types": null, 
        "platform": "android", 
        "post_body": "-", 
        "referrer": "-", 
        "src_ip": "10.11.2.3", 
        "src_port": "42125", 
        "tk_flag": 0, 
        "ts": "1441695584.609265", 
        "uri": "/app/lobbyConfigure.android?token=020173231.7D542625749E075D204F7C1BB92B4E6D.01000&version=401&device=1", 
        "user_agent": "libcurl"
    }, 
    "1441695585.128560,CP3vGf1VVMI5UPqJi": {
        "domain": "173.192.106.50", 
        "dst_ip": "173.192.106.50", 
        "dst_port": "8011", 
        "headers": {
            "ACCEPT": "*/*", 
            "HOST": "173.192.106.50:8011"
        }, 
        "host": "173.192.106.50", 
        "is_host_ip": 1, 
        "label": 0, 
        "md5": null, 
        "method": "HEAD", 
        "package_name": "com.forgame.slots", 
        "pii_types": null, 
        "platform": "android", 
        "post_body": "-", 
        "referrer": "-", 
        "src_ip": "10.11.2.3", 
        "src_port": "42126", 
        "tk_flag": 0, 
        "ts": "1441695585.128560", 
        "uri": "/public/v5/feature_icons/aladdin.png", 
        "user_agent": "-"
    }, 
    "1441695585.443025,CQTzzT3idPvfzeJ9A5": {
        "domain": "173.192.106.50", 
        "dst_ip": "173.192.106.50", 
        "dst_port": "8011", 
        "headers": {
            "ACCEPT": "*/*", 
            "HOST": "173.192.106.50:8011", 
            "USER-AGENT": "libcurl"
        }, 
        "host": "173.192.106.50", 
        "is_host_ip": 1, 
        "label": 0, 
        "md5": null, 
        "method": "GET", 
        "package_name": "com.forgame.slots", 
        "pii_types": null, 
        "platform": "android", 
        "post_body": "-", 
        "referrer": "-", 
        "src_ip": "10.11.2.3", 
        "src_port": "42127", 
        "tk_flag": 0, 
        "ts": "1441695585.443025", 
        "uri": "/public/v5/feature_icons/aladdin.png", 
        "user_agent": "libcurl"
    }, 
    "1441695586.308983,Clb1BK2vMREwOUdnX8": {
        "domain": "173.192.106.50", 
        "dst_ip": "173.192.106.50", 
        "dst_port": "8011", 
        "headers": {
            "ACCEPT": "*/*", 
            "HOST": "173.192.106.50:8011"
        }, 
        "host": "173.192.106.50", 
        "is_host_ip": 1, 
        "label": 0, 
        "md5": null, 
        "method": "HEAD", 
        "package_name": "com.forgame.slots", 
        "pii_types": null, 
        "platform": "android", 
        "post_body": "-", 
        "referrer": "-", 
        "src_ip": "10.11.2.3", 
        "src_port": "42128", 
        "tk_flag": 0, 
        "ts": "1441695586.308983", 
        "uri": "/public/v5/feature_icons/japan.png", 
        "user_agent": "-"
    }, 
    "1441695586.622790,CoBAWu3Q6SPZCg52G3": {
        "domain": "173.192.106.50", 
        "dst_ip": "173.192.106.50", 
        "dst_port": "8011", 
        "headers": {
            "ACCEPT": "*/*", 
            "HOST": "173.192.106.50:8011", 
            "USER-AGENT": "libcurl"
        }, 
        "host": "173.192.106.50", 
        "is_host_ip": 1, 
        "label": 0, 
        "md5": null, 
        "method": "GET", 
        "package_name": "com.forgame.slots", 
        "pii_types": null, 
        "platform": "android", 
        "post_body": "-", 
        "referrer": "-", 
        "src_ip": "10.11.2.3", 
        "src_port": "42129", 
        "tk_flag": 0, 
        "ts": "1441695586.622790", 
        "uri": "/public/v5/feature_icons/japan.png", 
        "user_agent": "libcurl"
    }, 
    "1441695587.508284,Cl93UD4ZpmvH5HcH0g": {
        "domain": "173.192.106.50", 
        "dst_ip": "173.192.106.50", 
        "dst_port": "8011", 
        "headers": {
            "ACCEPT": "*/*", 
            "HOST": "173.192.106.50:8011"
        }, 
        "host": "173.192.106.50", 
        "is_host_ip": 1, 
        "label": 0, 
        "md5": null, 
        "method": "HEAD", 
        "package_name": "com.forgame.slots", 
        "pii_types": null, 
        "platform": "android", 
        "post_body": "-", 
        "referrer": "-", 
        "src_ip": "10.11.2.3", 
        "src_port": "42130", 
        "tk_flag": 0, 
        "ts": "1441695587.508284", 
        "uri": "/public/v5/feature_icons/pet.png", 
        "user_agent": "-"
    }, 
    "1441695587.824877,CW7Y0020Sn4OjWmmnl": {
        "domain": "173.192.106.50", 
        "dst_ip": "173.192.106.50", 
        "dst_port": "8011", 
        "headers": {
            "ACCEPT": "*/*", 
            "HOST": "173.192.106.50:8011", 
            "USER-AGENT": "libcurl"
        }, 
        "host": "173.192.106.50", 
        "is_host_ip": 1, 
        "label": 0, 
        "md5": null, 
        "method": "GET", 
        "package_name": "com.forgame.slots", 
        "pii_types": null, 
        "platform": "android", 
        "post_body": "-", 
        "referrer": "-", 
        "src_ip": "10.11.2.3", 
        "src_port": "42131", 
        "tk_flag": 0, 
        "ts": "1441695587.824877", 
        "uri": "/public/v5/feature_icons/pet.png", 
        "user_agent": "libcurl"
    }, 
    "1441695588.687175,Cj7UbSX7vtO1FxVB6": {
        "domain": "173.192.106.50", 
        "dst_ip": "173.192.106.50", 
        "dst_port": "8011", 
        "headers": {
            "ACCEPT": "*/*", 
            "HOST": "173.192.106.50:8011"
        }, 
        "host": "173.192.106.50", 
        "is_host_ip": 1, 
        "label": 0, 
        "md5": null, 
        "method": "HEAD", 
        "package_name": "com.forgame.slots", 
        "pii_types": null, 
        "platform": "android", 
        "post_body": "-", 
        "referrer": "-", 
        "src_ip": "10.11.2.3", 
        "src_port": "42132", 
        "tk_flag": 0, 
        "ts": "1441695588.687175", 
        "uri": "/public/v5/lua_package/petlua.zip", 
        "user_agent": "-"
    }, 
    "1441695588.999746,Cv2Y9P2o5LK5s7Pxk1": {
        "domain": "173.192.106.50", 
        "dst_ip": "173.192.106.50", 
        "dst_port": "8011", 
        "headers": {
            "ACCEPT": "*/*", 
            "HOST": "173.192.106.50:8011", 
            "USER-AGENT": "libcurl"
        }, 
        "host": "173.192.106.50", 
        "is_host_ip": 1, 
        "label": 0, 
        "md5": null, 
        "method": "GET", 
        "package_name": "com.forgame.slots", 
        "pii_types": null, 
        "platform": "android", 
        "post_body": "-", 
        "referrer": "-", 
        "src_ip": "10.11.2.3", 
        "src_port": "42133", 
        "tk_flag": 0, 
        "ts": "1441695588.999746", 
        "uri": "/public/v5/lua_package/petlua.zip", 
        "user_agent": "libcurl"
    }, 
    "1441695590.307458,CWEY7Y352kFCWsWcFd": {
        "domain": "173.192.106.50", 
        "dst_ip": "173.192.106.50", 
        "dst_port": "8011", 
        "headers": {
            "ACCEPT": "*/*", 
            "HOST": "173.192.106.50:8011"
        }, 
        "host": "173.192.106.50", 
        "is_host_ip": 1, 
        "label": 0, 
        "md5": null, 
        "method": "HEAD", 
        "package_name": "com.forgame.slots", 
        "pii_types": null, 
        "platform": "android", 
        "post_body": "-", 
        "referrer": "-", 
        "src_ip": "10.11.2.3", 
        "src_port": "42134", 
        "tk_flag": 0, 
        "ts": "1441695590.307458", 
        "uri": "/public/v5/feature_icons/old_vegas_2.png", 
        "user_agent": "-"
    }, 
    "1441695590.620338,CFGTek1oN1xrbsGU1j": {
        "domain": "173.192.106.50", 
        "dst_ip": "173.192.106.50", 
        "dst_port": "8011", 
        "headers": {
            "ACCEPT": "*/*", 
            "HOST": "173.192.106.50:8011", 
            "USER-AGENT": "libcurl"
        }, 
        "host": "173.192.106.50", 
        "is_host_ip": 1, 
        "label": 0, 
        "md5": null, 
        "method": "GET", 
        "package_name": "com.forgame.slots", 
        "pii_types": null, 
        "platform": "android", 
        "post_body": "-", 
        "referrer": "-", 
        "src_ip": "10.11.2.3", 
        "src_port": "42135", 
        "tk_flag": 0, 
        "ts": "1441695590.620338", 
        "uri": "/public/v5/feature_icons/old_vegas_2.png", 
        "user_agent": "libcurl"
    }, 
    "1441695592.325468,CqzhpccXMKAjDxZhd": {
        "domain": "spsliveops.com", 
        "dst_ip": "173.192.106.50", 
        "dst_port": "8082", 
        "headers": {
            "ACCEPT": "*/*", 
            "HOST": "slotsdb.spsliveops.com:8082", 
            "USER-AGENT": "libcurl"
        }, 
        "host": "slotsdb.spsliveops.com", 
        "is_host_ip": 0, 
        "label": 0, 
        "md5": null, 
        "method": "GET", 
        "package_name": "com.forgame.slots", 
        "pii_types": null, 
        "platform": "android", 
        "post_body": "-", 
        "referrer": "-", 
        "src_ip": "10.11.2.3", 
        "src_port": "54357", 
        "tk_flag": 0, 
        "ts": "1441695592.325468", 
        "uri": "/player/playerinfo?playerId=20173231&gameId=1&key=82f7f2694991aaa84a68efbdff13c426", 
        "user_agent": "libcurl"
    }, 
    "1441695593.302599,C9ZH2q1DRkW1HWZpzi": {
        "domain": "173.192.106.50", 
        "dst_ip": "173.192.106.50", 
        "dst_port": "8011", 
        "headers": {
            "ACCEPT": "*/*", 
            "HOST": "173.192.106.50:8011", 
            "USER-AGENT": "libcurl"
        }, 
        "host": "173.192.106.50", 
        "is_host_ip": 1, 
        "label": 0, 
        "md5": null, 
        "method": "GET", 
        "package_name": "com.forgame.slots", 
        "pii_types": null, 
        "platform": "android", 
        "post_body": "-", 
        "referrer": "-", 
        "src_ip": "10.11.2.3", 
        "src_port": "42137", 
        "tk_flag": 0, 
        "ts": "1441695593.302599", 
        "uri": "/app/aladdin.gethistory?uid=20173231&token=020173231.7D542625749E075D204F7C1BB92B4E6D.01000&device=1", 
        "user_agent": "libcurl"
    }, 
    "1441695646.171393,CYUFRN1o9ygF14i0ae": {
        "domain": "173.192.106.50", 
        "dst_ip": "173.192.106.50", 
        "dst_port": "8011", 
        "headers": {
            "ACCEPT": "*/*", 
            "HOST": "173.192.106.50:8011", 
            "USER-AGENT": "libcurl"
        }, 
        "host": "173.192.106.50", 
        "is_host_ip": 1, 
        "label": 0, 
        "md5": null, 
        "method": "GET", 
        "package_name": "com.forgame.slots", 
        "pii_types": null, 
        "platform": "android", 
        "post_body": "-", 
        "referrer": "-", 
        "src_ip": "10.11.2.3", 
        "src_port": "42138", 
        "tk_flag": 0, 
        "ts": "1441695646.171393", 
        "uri": "/app/aladdin.spin?bet=10&uid=20173231&token=020173231.7D542625749E075D204F7C1BB92B4E6D.01000&device=1", 
        "user_agent": "libcurl"
    }, 
    "1441695654.983930,CFUUTs4Wv4AvKq97Ud": {
        "domain": "173.192.106.50", 
        "dst_ip": "173.192.106.50", 
        "dst_port": "8086", 
        "headers": {
            "ACCEPT": "*/*", 
            "HOST": "173.192.106.50:8086", 
            "USER-AGENT": "libcurl"
        }, 
        "host": "173.192.106.50", 
        "is_host_ip": 1, 
        "label": 0, 
        "md5": null, 
        "method": "GET", 
        "package_name": "com.forgame.slots", 
        "pii_types": null, 
        "platform": "android", 
        "post_body": "-", 
        "referrer": "-", 
        "src_ip": "10.11.2.3", 
        "src_port": "53675", 
        "tk_flag": 0, 
        "ts": "1441695654.983930", 
        "uri": "/notification/latest/game/1/last/0", 
        "user_agent": "libcurl"
    }, 
    "1441695679.384573,CEHQIwj2cRPR3RRLi": {
        "domain": "173.192.106.50", 
        "dst_ip": "173.192.106.50", 
        "dst_port": "8011", 
        "headers": {
            "ACCEPT": "*/*", 
            "HOST": "173.192.106.50:8011", 
            "USER-AGENT": "libcurl"
        }, 
        "host": "173.192.106.50", 
        "is_host_ip": 1, 
        "label": 0, 
        "md5": null, 
        "method": "GET", 
        "package_name": "com.forgame.slots", 
        "pii_types": null, 
        "platform": "android", 
        "post_body": "-", 
        "referrer": "-", 
        "src_ip": "10.11.2.3", 
        "src_port": "42140", 
        "tk_flag": 0, 
        "ts": "1441695679.384573", 
        "uri": "/app/aladdin.spin?bet=10&uid=20173231&token=020173231.7D542625749E075D204F7C1BB92B4E6D.01000&device=1", 
        "user_agent": "libcurl"
    }, 
    "1441695688.875972,CkLBwT18jLXUgTZcB4": {
        "domain": "173.192.106.50", 
        "dst_ip": "173.192.106.50", 
        "dst_port": "8011", 
        "headers": {
            "ACCEPT": "*/*", 
            "HOST": "173.192.106.50:8011", 
            "USER-AGENT": "libcurl"
        }, 
        "host": "173.192.106.50", 
        "is_host_ip": 1, 
        "label": 0, 
        "md5": null, 
        "method": "GET", 
        "package_name": "com.forgame.slots", 
        "pii_types": null, 
        "platform": "android", 
        "post_body": "-", 
        "referrer": "-", 
        "src_ip": "10.11.2.3", 
        "src_port": "42141", 
        "tk_flag": 0, 
        "ts": "1441695688.875972", 
        "uri": "/app/aladdin.spin?bet=10&uid=20173231&token=020173231.7D542625749E075D204F7C1BB92B4E6D.01000&device=1", 
        "user_agent": "libcurl"
    }, 
    "1441695690.812456,CDbmcv2ixVRSJpbEYa": {
        "domain": "173.192.106.50", 
        "dst_ip": "173.192.106.50", 
        "dst_port": "8011", 
        "headers": {
            "ACCEPT": "*/*", 
            "HOST": "173.192.106.50:8011", 
            "USER-AGENT": "libcurl"
        }, 
        "host": "173.192.106.50", 
        "is_host_ip": 1, 
        "label": 0, 
        "md5": null, 
        "method": "GET", 
        "package_name": "com.forgame.slots", 
        "pii_types": null, 
        "platform": "android", 
        "post_body": "-", 
        "referrer": "-", 
        "src_ip": "10.11.2.3", 
        "src_port": "42142", 
        "tk_flag": 0, 
        "ts": "1441695690.812456", 
        "uri": "/app/lobbyConfigure.android?token=020173231.7D542625749E075D204F7C1BB92B4E6D.01000&version=401&device=1", 
        "user_agent": "libcurl"
    }, 
    "1441695693.916334,CYmUYPcD64w5ieOek": {
        "domain": "spsliveops.com", 
        "dst_ip": "173.192.106.50", 
        "dst_port": "8082", 
        "headers": {
            "ACCEPT": "*/*", 
            "HOST": "slotsdb.spsliveops.com:8082", 
            "USER-AGENT": "libcurl"
        }, 
        "host": "slotsdb.spsliveops.com", 
        "is_host_ip": 0, 
        "label": 0, 
        "md5": null, 
        "method": "GET", 
        "package_name": "com.forgame.slots", 
        "pii_types": null, 
        "platform": "android", 
        "post_body": "-", 
        "referrer": "-", 
        "src_ip": "10.11.2.3", 
        "src_port": "54364", 
        "tk_flag": 0, 
        "ts": "1441695693.916334", 
        "uri": "/player/gettimeuntilbonus?playerId=20173231&key=a0ae9f6915ff7180f3629a7f17e200fe", 
        "user_agent": "libcurl"
    }, 
    "1441695693.948958,COlOjA1lH8twmi9go": {
        "domain": "173.192.106.50", 
        "dst_ip": "173.192.106.50", 
        "dst_port": "8011", 
        "headers": {
            "ACCEPT": "*/*", 
            "HOST": "173.192.106.50:8011"
        }, 
        "host": "173.192.106.50", 
        "is_host_ip": 1, 
        "label": 0, 
        "md5": null, 
        "method": "HEAD", 
        "package_name": "com.forgame.slots", 
        "pii_types": null, 
        "platform": "android", 
        "post_body": "-", 
        "referrer": "-", 
        "src_ip": "10.11.2.3", 
        "src_port": "42144", 
        "tk_flag": 0, 
        "ts": "1441695693.948958", 
        "uri": "/public/v5/android_ads/android_799_3.png", 
        "user_agent": "-"
    }, 
    "1441695694.260973,CJN8Oo3PHIzmYy8d8": {
        "domain": "173.192.106.50", 
        "dst_ip": "173.192.106.50", 
        "dst_port": "8011", 
        "headers": {
            "ACCEPT": "*/*", 
            "HOST": "173.192.106.50:8011"
        }, 
        "host": "173.192.106.50", 
        "is_host_ip": 1, 
        "label": 0, 
        "md5": null, 
        "method": "GET", 
        "package_name": "com.forgame.slots", 
        "pii_types": null, 
        "platform": "android", 
        "post_body": "-", 
        "referrer": "-", 
        "src_ip": "10.11.2.3", 
        "src_port": "42145", 
        "tk_flag": 0, 
        "ts": "1441695694.260973", 
        "uri": "/public/v5/android_ads/android_799_3.png", 
        "user_agent": "-"
    }, 
    "1441695694.370432,CBkres3G1vWI77fHuk": {
        "domain": "173.192.106.50", 
        "dst_ip": "173.192.106.50", 
        "dst_port": "8011", 
        "headers": {
            "ACCEPT": "*/*", 
            "HOST": "173.192.106.50:8011", 
            "USER-AGENT": "libcurl"
        }, 
        "host": "173.192.106.50", 
        "is_host_ip": 1, 
        "label": 0, 
        "md5": null, 
        "method": "GET", 
        "package_name": "com.forgame.slots", 
        "pii_types": null, 
        "platform": "android", 
        "post_body": "-", 
        "referrer": "-", 
        "src_ip": "10.11.2.3", 
        "src_port": "42146", 
        "tk_flag": 0, 
        "ts": "1441695694.370432", 
        "uri": "/app/match.getChampion?version=401", 
        "user_agent": "libcurl"
    }, 
    "1441695696.041012,CorMVw1XC8Uo0r8XRc": {
        "domain": "173.192.106.50", 
        "dst_ip": "173.192.106.50", 
        "dst_port": "8011", 
        "headers": {
            "ACCEPT": "*/*", 
            "HOST": "173.192.106.50:8011"
        }, 
        "host": "173.192.106.50", 
        "is_host_ip": 1, 
        "label": 0, 
        "md5": null, 
        "method": "HEAD", 
        "package_name": "com.forgame.slots", 
        "pii_types": null, 
        "platform": "android", 
        "post_body": "-", 
        "referrer": "-", 
        "src_ip": "10.11.2.3", 
        "src_port": "42147", 
        "tk_flag": 0, 
        "ts": "1441695696.041012", 
        "uri": "/public/v5/android_ads/android_1499_10.png", 
        "user_agent": "-"
    }, 
    "1441695696.357206,CI71kK4vg1VtONWxa": {
        "domain": "173.192.106.50", 
        "dst_ip": "173.192.106.50", 
        "dst_port": "8011", 
        "headers": {
            "ACCEPT": "*/*", 
            "HOST": "173.192.106.50:8011"
        }, 
        "host": "173.192.106.50", 
        "is_host_ip": 1, 
        "label": 0, 
        "md5": null, 
        "method": "GET", 
        "package_name": "com.forgame.slots", 
        "pii_types": null, 
        "platform": "android", 
        "post_body": "-", 
        "referrer": "-", 
        "src_ip": "10.11.2.3", 
        "src_port": "42148", 
        "tk_flag": 0, 
        "ts": "1441695696.357206", 
        "uri": "/public/v5/android_ads/android_1499_10.png", 
        "user_agent": "-"
    }, 
    "1441695698.162103,CTaFl92wrulRMcxWmf": {
        "domain": "173.192.106.50", 
        "dst_ip": "173.192.106.50", 
        "dst_port": "8011", 
        "headers": {
            "ACCEPT": "*/*", 
            "HOST": "173.192.106.50:8011"
        }, 
        "host": "173.192.106.50", 
        "is_host_ip": 1, 
        "label": 0, 
        "md5": null, 
        "method": "HEAD", 
        "package_name": "com.forgame.slots", 
        "pii_types": null, 
        "platform": "android", 
        "post_body": "-", 
        "referrer": "-", 
        "src_ip": "10.11.2.3", 
        "src_port": "42150", 
        "tk_flag": 0, 
        "ts": "1441695698.162103", 
        "uri": "/public/free_ads1.png", 
        "user_agent": "-"
    }, 
    "1441695698.488035,C3kX2gvC89uDHYNU7": {
        "domain": "173.192.106.50", 
        "dst_ip": "173.192.106.50", 
        "dst_port": "8011", 
        "headers": {
            "ACCEPT": "*/*", 
            "HOST": "173.192.106.50:8011"
        }, 
        "host": "173.192.106.50", 
        "is_host_ip": 1, 
        "label": 0, 
        "md5": null, 
        "method": "GET", 
        "package_name": "com.forgame.slots", 
        "pii_types": null, 
        "platform": "android", 
        "post_body": "-", 
        "referrer": "-", 
        "src_ip": "10.11.2.3", 
        "src_port": "42151", 
        "tk_flag": 0, 
        "ts": "1441695698.488035", 
        "uri": "/public/free_ads1.png", 
        "user_agent": "-"
    }, 
    "1441695700.319730,COqwy83q1assfTt0pl": {
        "domain": "173.192.106.50", 
        "dst_ip": "173.192.106.50", 
        "dst_port": "8011", 
        "headers": {
            "ACCEPT": "*/*", 
            "HOST": "173.192.106.50:8011"
        }, 
        "host": "173.192.106.50", 
        "is_host_ip": 1, 
        "label": 0, 
        "md5": null, 
        "method": "HEAD", 
        "package_name": "com.forgame.slots", 
        "pii_types": null, 
        "platform": "android", 
        "post_body": "-", 
        "referrer": "-", 
        "src_ip": "10.11.2.3", 
        "src_port": "42152", 
        "tk_flag": 0, 
        "ts": "1441695700.319730", 
        "uri": "/public/v5/lua_package/ozlua.zip", 
        "user_agent": "-"
    }, 
    "1441695700.632668,CTNAFf1n8btt31uzab": {
        "domain": "173.192.106.50", 
        "dst_ip": "173.192.106.50", 
        "dst_port": "8011", 
        "headers": {
            "ACCEPT": "*/*", 
            "HOST": "173.192.106.50:8011"
        }, 
        "host": "173.192.106.50", 
        "is_host_ip": 1, 
        "label": 0, 
        "md5": null, 
        "method": "GET", 
        "package_name": "com.forgame.slots", 
        "pii_types": null, 
        "platform": "android", 
        "post_body": "-", 
        "referrer": "-", 
        "src_ip": "10.11.2.3", 
        "src_port": "42153", 
        "tk_flag": 0, 
        "ts": "1441695700.632668", 
        "uri": "/public/v5/lua_package/ozlua.zip", 
        "user_agent": "-"
    }, 
    "1441695701.885766,Co5F2O2VXHQJOLdXa8": {
        "domain": "173.192.106.50", 
        "dst_ip": "173.192.106.50", 
        "dst_port": "8011", 
        "headers": {
            "ACCEPT": "*/*", 
            "HOST": "173.192.106.50:8011"
        }, 
        "host": "173.192.106.50", 
        "is_host_ip": 1, 
        "label": 0, 
        "md5": null, 
        "method": "HEAD", 
        "package_name": "com.forgame.slots", 
        "pii_types": null, 
        "platform": "android", 
        "post_body": "-", 
        "referrer": "-", 
        "src_ip": "10.11.2.3", 
        "src_port": "42154", 
        "tk_flag": 0, 
        "ts": "1441695701.885766", 
        "uri": "/public/v5/lua_package/vampirelua.zip", 
        "user_agent": "-"
    }, 
    "1441695702.199259,CKYhI84Ww568xPOa7f": {
        "domain": "173.192.106.50", 
        "dst_ip": "173.192.106.50", 
        "dst_port": "8011", 
        "headers": {
            "ACCEPT": "*/*", 
            "HOST": "173.192.106.50:8011"
        }, 
        "host": "173.192.106.50", 
        "is_host_ip": 1, 
        "label": 0, 
        "md5": null, 
        "method": "GET", 
        "package_name": "com.forgame.slots", 
        "pii_types": null, 
        "platform": "android", 
        "post_body": "-", 
        "referrer": "-", 
        "src_ip": "10.11.2.3", 
        "src_port": "42155", 
        "tk_flag": 0, 
        "ts": "1441695702.199259", 
        "uri": "/public/v5/lua_package/vampirelua.zip", 
        "user_agent": "-"
    }, 
    "1441695703.411220,CBmeXeMAbV1MhGHxf": {
        "domain": "173.192.106.50", 
        "dst_ip": "173.192.106.50", 
        "dst_port": "8011", 
        "headers": {
            "ACCEPT": "*/*", 
            "HOST": "173.192.106.50:8011"
        }, 
        "host": "173.192.106.50", 
        "is_host_ip": 1, 
        "label": 0, 
        "md5": null, 
        "method": "HEAD", 
        "package_name": "com.forgame.slots", 
        "pii_types": null, 
        "platform": "android", 
        "post_body": "-", 
        "referrer": "-", 
        "src_ip": "10.11.2.3", 
        "src_port": "42156", 
        "tk_flag": 0, 
        "ts": "1441695703.411220", 
        "uri": "/public/v5/lua_package/millionairelua.zip", 
        "user_agent": "-"
    }, 
    "1441695703.723009,Cdtii9fV0iHsrIfK7": {
        "domain": "173.192.106.50", 
        "dst_ip": "173.192.106.50", 
        "dst_port": "8011", 
        "headers": {
            "ACCEPT": "*/*", 
            "HOST": "173.192.106.50:8011"
        }, 
        "host": "173.192.106.50", 
        "is_host_ip": 1, 
        "label": 0, 
        "md5": null, 
        "method": "GET", 
        "package_name": "com.forgame.slots", 
        "pii_types": null, 
        "platform": "android", 
        "post_body": "-", 
        "referrer": "-", 
        "src_ip": "10.11.2.3", 
        "src_port": "42157", 
        "tk_flag": 0, 
        "ts": "1441695703.723009", 
        "uri": "/public/v5/lua_package/millionairelua.zip", 
        "user_agent": "-"
    }, 
    "1441695704.931982,C4Ylpe4W8HM1prIQR2": {
        "domain": "173.192.106.50", 
        "dst_ip": "173.192.106.50", 
        "dst_port": "8011", 
        "headers": {
            "ACCEPT": "*/*", 
            "HOST": "173.192.106.50:8011"
        }, 
        "host": "173.192.106.50", 
        "is_host_ip": 1, 
        "label": 0, 
        "md5": null, 
        "method": "HEAD", 
        "package_name": "com.forgame.slots", 
        "pii_types": null, 
        "platform": "android", 
        "post_body": "-", 
        "referrer": "-", 
        "src_ip": "10.11.2.3", 
        "src_port": "42158", 
        "tk_flag": 0, 
        "ts": "1441695704.931982", 
        "uri": "/public/v5/lua_package/gulliverlua.zip", 
        "user_agent": "-"
    }, 
    "1441695705.249737,Cog0tR2NBWNGkqjrIh": {
        "domain": "173.192.106.50", 
        "dst_ip": "173.192.106.50", 
        "dst_port": "8011", 
        "headers": {
            "ACCEPT": "*/*", 
            "HOST": "173.192.106.50:8011"
        }, 
        "host": "173.192.106.50", 
        "is_host_ip": 1, 
        "label": 0, 
        "md5": null, 
        "method": "GET", 
        "package_name": "com.forgame.slots", 
        "pii_types": null, 
        "platform": "android", 
        "post_body": "-", 
        "referrer": "-", 
        "src_ip": "10.11.2.3", 
        "src_port": "42159", 
        "tk_flag": 0, 
        "ts": "1441695705.249737", 
        "uri": "/public/v5/lua_package/gulliverlua.zip", 
        "user_agent": "-"
    }, 
    "1441695706.476799,CLmA8727n7nVhtZZkb": {
        "domain": "173.192.106.50", 
        "dst_ip": "173.192.106.50", 
        "dst_port": "8011", 
        "headers": {
            "ACCEPT": "*/*", 
            "HOST": "173.192.106.50:8011"
        }, 
        "host": "173.192.106.50", 
        "is_host_ip": 1, 
        "label": 0, 
        "md5": null, 
        "method": "HEAD", 
        "package_name": "com.forgame.slots", 
        "pii_types": null, 
        "platform": "android", 
        "post_body": "-", 
        "referrer": "-", 
        "src_ip": "10.11.2.3", 
        "src_port": "42160", 
        "tk_flag": 0, 
        "ts": "1441695706.476799", 
        "uri": "/public/v5/lua_package/holmeslua.zip", 
        "user_agent": "-"
    }, 
    "1441695706.843825,C7hjX21mnB4Tcakic9": {
        "domain": "173.192.106.50", 
        "dst_ip": "173.192.106.50", 
        "dst_port": "8011", 
        "headers": {
            "ACCEPT": "*/*", 
            "HOST": "173.192.106.50:8011"
        }, 
        "host": "173.192.106.50", 
        "is_host_ip": 1, 
        "label": 0, 
        "md5": null, 
        "method": "GET", 
        "package_name": "com.forgame.slots", 
        "pii_types": null, 
        "platform": "android", 
        "post_body": "-", 
        "referrer": "-", 
        "src_ip": "10.11.2.3", 
        "src_port": "42161", 
        "tk_flag": 0, 
        "ts": "1441695706.843825", 
        "uri": "/public/v5/lua_package/holmeslua.zip", 
        "user_agent": "-"
    }, 
    "1441695708.021557,CekF0V35LgSOpDMyp1": {
        "domain": "173.192.106.50", 
        "dst_ip": "173.192.106.50", 
        "dst_port": "8011", 
        "headers": {
            "ACCEPT": "*/*", 
            "HOST": "173.192.106.50:8011"
        }, 
        "host": "173.192.106.50", 
        "is_host_ip": 1, 
        "label": 0, 
        "md5": null, 
        "method": "HEAD", 
        "package_name": "com.forgame.slots", 
        "pii_types": null, 
        "platform": "android", 
        "post_body": "-", 
        "referrer": "-", 
        "src_ip": "10.11.2.3", 
        "src_port": "42162", 
        "tk_flag": 0, 
        "ts": "1441695708.021557", 
        "uri": "/public/v5/lua_package/alicelua.zip", 
        "user_agent": "-"
    }, 
    "1441695708.411158,CoZlOa3ymYUFXf5JUl": {
        "domain": "173.192.106.50", 
        "dst_ip": "173.192.106.50", 
        "dst_port": "8011", 
        "headers": {
            "ACCEPT": "*/*", 
            "HOST": "173.192.106.50:8011"
        }, 
        "host": "173.192.106.50", 
        "is_host_ip": 1, 
        "label": 0, 
        "md5": null, 
        "method": "GET", 
        "package_name": "com.forgame.slots", 
        "pii_types": null, 
        "platform": "android", 
        "post_body": "-", 
        "referrer": "-", 
        "src_ip": "10.11.2.3", 
        "src_port": "42163", 
        "tk_flag": 0, 
        "ts": "1441695708.411158", 
        "uri": "/public/v5/lua_package/alicelua.zip", 
        "user_agent": "-"
    }, 
    "1441695709.742426,CV27od1giSGSDYkcul": {
        "domain": "173.192.106.50", 
        "dst_ip": "173.192.106.50", 
        "dst_port": "8011", 
        "headers": {
            "ACCEPT": "*/*", 
            "HOST": "173.192.106.50:8011"
        }, 
        "host": "173.192.106.50", 
        "is_host_ip": 1, 
        "label": 0, 
        "md5": null, 
        "method": "HEAD", 
        "package_name": "com.forgame.slots", 
        "pii_types": null, 
        "platform": "android", 
        "post_body": "-", 
        "referrer": "-", 
        "src_ip": "10.11.2.3", 
        "src_port": "42164", 
        "tk_flag": 0, 
        "ts": "1441695709.742426", 
        "uri": "/public/v5/lua_package/nightclublua.zip", 
        "user_agent": "-"
    }, 
    "1441695710.058656,C5d03j13Pqcv8aagQ1": {
        "domain": "173.192.106.50", 
        "dst_ip": "173.192.106.50", 
        "dst_port": "8011", 
        "headers": {
            "ACCEPT": "*/*", 
            "HOST": "173.192.106.50:8011"
        }, 
        "host": "173.192.106.50", 
        "is_host_ip": 1, 
        "label": 0, 
        "md5": null, 
        "method": "GET", 
        "package_name": "com.forgame.slots", 
        "pii_types": null, 
        "platform": "android", 
        "post_body": "-", 
        "referrer": "-", 
        "src_ip": "10.11.2.3", 
        "src_port": "42165", 
        "tk_flag": 0, 
        "ts": "1441695710.058656", 
        "uri": "/public/v5/lua_package/nightclublua.zip", 
        "user_agent": "-"
    }, 
    "1441695711.273103,C2Bk753mYWDAHvkls9": {
        "domain": "173.192.106.50", 
        "dst_ip": "173.192.106.50", 
        "dst_port": "8011", 
        "headers": {
            "ACCEPT": "*/*", 
            "HOST": "173.192.106.50:8011"
        }, 
        "host": "173.192.106.50", 
        "is_host_ip": 1, 
        "label": 0, 
        "md5": null, 
        "method": "HEAD", 
        "package_name": "com.forgame.slots", 
        "pii_types": null, 
        "platform": "android", 
        "post_body": "-", 
        "referrer": "-", 
        "src_ip": "10.11.2.3", 
        "src_port": "42166", 
        "tk_flag": 0, 
        "ts": "1441695711.273103", 
        "uri": "/public/v5/lua_package/unicornlua.zip", 
        "user_agent": "-"
    }, 
    "1441695711.581184,CcKmAR3n69uF46Y65b": {
        "domain": "173.192.106.50", 
        "dst_ip": "173.192.106.50", 
        "dst_port": "8011", 
        "headers": {
            "ACCEPT": "*/*", 
            "HOST": "173.192.106.50:8011"
        }, 
        "host": "173.192.106.50", 
        "is_host_ip": 1, 
        "label": 0, 
        "md5": null, 
        "method": "GET", 
        "package_name": "com.forgame.slots", 
        "pii_types": null, 
        "platform": "android", 
        "post_body": "-", 
        "referrer": "-", 
        "src_ip": "10.11.2.3", 
        "src_port": "42167", 
        "tk_flag": 0, 
        "ts": "1441695711.581184", 
        "uri": "/public/v5/lua_package/unicornlua.zip", 
        "user_agent": "-"
    }, 
    "1441695712.415574,Czall61lcNYHrw0DWi": {
        "domain": "spsliveops.com", 
        "dst_ip": "173.192.106.50", 
        "dst_port": "8082", 
        "headers": {
            "ACCEPT": "*/*", 
            "HOST": "slotsdb.spsliveops.com:8082", 
            "USER-AGENT": "libcurl"
        }, 
        "host": "slotsdb.spsliveops.com", 
        "is_host_ip": 0, 
        "label": 0, 
        "md5": null, 
        "method": "GET", 
        "package_name": "com.forgame.slots", 
        "pii_types": null, 
        "platform": "android", 
        "post_body": "-", 
        "referrer": "-", 
        "src_ip": "10.11.2.3", 
        "src_port": "54389", 
        "tk_flag": 0, 
        "ts": "1441695712.415574", 
        "uri": "/player/playerinfo?playerId=20173231&gameId=1&key=82f7f2694991aaa84a68efbdff13c426", 
        "user_agent": "libcurl"
    }, 
    "1441695712.615631,CsXWLM1eJVNUmaKEq4": {
        "domain": "173.192.106.50", 
        "dst_ip": "173.192.106.50", 
        "dst_port": "8011", 
        "headers": {
            "ACCEPT": "*/*", 
            "HOST": "173.192.106.50:8011"
        }, 
        "host": "173.192.106.50", 
        "is_host_ip": 1, 
        "label": 0, 
        "md5": null, 
        "method": "HEAD", 
        "package_name": "com.forgame.slots", 
        "pii_types": null, 
        "platform": "android", 
        "post_body": "-", 
        "referrer": "-", 
        "src_ip": "10.11.2.3", 
        "src_port": "42169", 
        "tk_flag": 0, 
        "ts": "1441695712.615631", 
        "uri": "/public/v5/lua_package/hawaiilua.zip", 
        "user_agent": "-"
    }, 
    "1441695712.883635,Chia4C2HetzIsKkrf6": {
        "domain": "173.192.106.50", 
        "dst_ip": "173.192.106.50", 
        "dst_port": "8011", 
        "headers": {
            "ACCEPT": "*/*", 
            "HOST": "173.192.106.50:8011", 
            "USER-AGENT": "libcurl"
        }, 
        "host": "173.192.106.50", 
        "is_host_ip": 1, 
        "label": 0, 
        "md5": null, 
        "method": "GET", 
        "package_name": "com.forgame.slots", 
        "pii_types": null, 
        "platform": "android", 
        "post_body": "-", 
        "referrer": "-", 
        "src_ip": "10.11.2.3", 
        "src_port": "42170", 
        "tk_flag": 0, 
        "ts": "1441695712.883635", 
        "uri": "/app/aladdin.gethistory?uid=20173231&token=020173231.7D542625749E075D204F7C1BB92B4E6D.01000&device=1", 
        "user_agent": "libcurl"
    }, 
    "1441695712.926003,CBY8ev4sbDdRiQoaqe": {
        "domain": "173.192.106.50", 
        "dst_ip": "173.192.106.50", 
        "dst_port": "8011", 
        "headers": {
            "ACCEPT": "*/*", 
            "HOST": "173.192.106.50:8011"
        }, 
        "host": "173.192.106.50", 
        "is_host_ip": 1, 
        "label": 0, 
        "md5": null, 
        "method": "GET", 
        "package_name": "com.forgame.slots", 
        "pii_types": null, 
        "platform": "android", 
        "post_body": "-", 
        "referrer": "-", 
        "src_ip": "10.11.2.3", 
        "src_port": "42171", 
        "tk_flag": 0, 
        "ts": "1441695712.926003", 
        "uri": "/public/v5/lua_package/hawaiilua.zip", 
        "user_agent": "-"
    }, 
    "1441695714.293503,C81Mvu2xOku5EEDZd": {
        "domain": "173.192.106.50", 
        "dst_ip": "173.192.106.50", 
        "dst_port": "8011", 
        "headers": {
            "ACCEPT": "*/*", 
            "HOST": "173.192.106.50:8011"
        }, 
        "host": "173.192.106.50", 
        "is_host_ip": 1, 
        "label": 0, 
        "md5": null, 
        "method": "HEAD", 
        "package_name": "com.forgame.slots", 
        "pii_types": null, 
        "platform": "android", 
        "post_body": "-", 
        "referrer": "-", 
        "src_ip": "10.11.2.3", 
        "src_port": "42172", 
        "tk_flag": 0, 
        "ts": "1441695714.293503", 
        "uri": "/public/v5/lua_package/dragonlua.zip", 
        "user_agent": "-"
    }, 
    "1441695714.621970,CcaFaAhAe9V4cI8G6": {
        "domain": "173.192.106.50", 
        "dst_ip": "173.192.106.50", 
        "dst_port": "8011", 
        "headers": {
            "ACCEPT": "*/*", 
            "HOST": "173.192.106.50:8011"
        }, 
        "host": "173.192.106.50", 
        "is_host_ip": 1, 
        "label": 0, 
        "md5": null, 
        "method": "GET", 
        "package_name": "com.forgame.slots", 
        "pii_types": null, 
        "platform": "android", 
        "post_body": "-", 
        "referrer": "-", 
        "src_ip": "10.11.2.3", 
        "src_port": "42173", 
        "tk_flag": 0, 
        "ts": "1441695714.621970", 
        "uri": "/public/v5/lua_package/dragonlua.zip", 
        "user_agent": "-"
    }, 
    "1441695715.754223,ClB7xp4w9zXrGqKHG4": {
        "domain": "173.192.106.50", 
        "dst_ip": "173.192.106.50", 
        "dst_port": "8011", 
        "headers": {
            "ACCEPT": "*/*", 
            "HOST": "173.192.106.50:8011"
        }, 
        "host": "173.192.106.50", 
        "is_host_ip": 1, 
        "label": 0, 
        "md5": null, 
        "method": "HEAD", 
        "package_name": "com.forgame.slots", 
        "pii_types": null, 
        "platform": "android", 
        "post_body": "-", 
        "referrer": "-", 
        "src_ip": "10.11.2.3", 
        "src_port": "42174", 
        "tk_flag": 0, 
        "ts": "1441695715.754223", 
        "uri": "/public/v5/lua_package/inuitlua.zip", 
        "user_agent": "-"
    }, 
    "1441695716.152853,ClJRDy2hhh6zpeZJGi": {
        "domain": "173.192.106.50", 
        "dst_ip": "173.192.106.50", 
        "dst_port": "8011", 
        "headers": {
            "ACCEPT": "*/*", 
            "HOST": "173.192.106.50:8011"
        }, 
        "host": "173.192.106.50", 
        "is_host_ip": 1, 
        "label": 0, 
        "md5": null, 
        "method": "GET", 
        "package_name": "com.forgame.slots", 
        "pii_types": null, 
        "platform": "android", 
        "post_body": "-", 
        "referrer": "-", 
        "src_ip": "10.11.2.3", 
        "src_port": "42175", 
        "tk_flag": 0, 
        "ts": "1441695716.152853", 
        "uri": "/public/v5/lua_package/inuitlua.zip", 
        "user_agent": "-"
    }, 
    "1441695717.204728,COPY9Q1TvuxpX4RfHc": {
        "domain": "173.192.106.50", 
        "dst_ip": "173.192.106.50", 
        "dst_port": "8011", 
        "headers": {
            "ACCEPT": "*/*", 
            "HOST": "173.192.106.50:8011"
        }, 
        "host": "173.192.106.50", 
        "is_host_ip": 1, 
        "label": 0, 
        "md5": null, 
        "method": "HEAD", 
        "package_name": "com.forgame.slots", 
        "pii_types": null, 
        "platform": "android", 
        "post_body": "-", 
        "referrer": "-", 
        "src_ip": "10.11.2.3", 
        "src_port": "42176", 
        "tk_flag": 0, 
        "ts": "1441695717.204728", 
        "uri": "/public/v5/res/japan.zip", 
        "user_agent": "-"
    }, 
    "1441695717.608326,CW8v5RSl3m1SMlwIa": {
        "domain": "173.192.106.50", 
        "dst_ip": "173.192.106.50", 
        "dst_port": "8011", 
        "headers": {
            "ACCEPT": "*/*", 
            "HOST": "173.192.106.50:8011"
        }, 
        "host": "173.192.106.50", 
        "is_host_ip": 1, 
        "label": 0, 
        "md5": null, 
        "method": "GET", 
        "package_name": "com.forgame.slots", 
        "pii_types": null, 
        "platform": "android", 
        "post_body": "-", 
        "referrer": "-", 
        "src_ip": "10.11.2.3", 
        "src_port": "42177", 
        "tk_flag": 0, 
        "ts": "1441695717.608326", 
        "uri": "/public/v5/res/japan.zip", 
        "user_agent": "-"
    }, 
    "1441695719.603657,CL1ady3zEmr5hLM4E": {
        "domain": "173.192.106.50", 
        "dst_ip": "173.192.106.50", 
        "dst_port": "8011", 
        "headers": {
            "ACCEPT": "*/*", 
            "HOST": "173.192.106.50:8011", 
            "RANGE": "bytes=1232224-"
        }, 
        "host": "173.192.106.50", 
        "is_host_ip": 1, 
        "label": 0, 
        "md5": null, 
        "method": "GET", 
        "package_name": "com.forgame.slots", 
        "pii_types": null, 
        "platform": "android", 
        "post_body": "-", 
        "referrer": "-", 
        "src_ip": "10.11.2.3", 
        "src_port": "42178", 
        "tk_flag": 0, 
        "ts": "1441695719.603657", 
        "uri": "/public/v5/res/japan.zip", 
        "user_agent": "-"
    }, 
    "1441695721.616262,CXnuUp3eoT3g6ORHYj": {
        "domain": "173.192.106.50", 
        "dst_ip": "173.192.106.50", 
        "dst_port": "8011", 
        "headers": {
            "ACCEPT": "*/*", 
            "HOST": "173.192.106.50:8011", 
            "RANGE": "bytes=1894240-"
        }, 
        "host": "173.192.106.50", 
        "is_host_ip": 1, 
        "label": 0, 
        "md5": null, 
        "method": "GET", 
        "package_name": "com.forgame.slots", 
        "pii_types": null, 
        "platform": "android", 
        "post_body": "-", 
        "referrer": "-", 
        "src_ip": "10.11.2.3", 
        "src_port": "42179", 
        "tk_flag": 0, 
        "ts": "1441695721.616262", 
        "uri": "/public/v5/res/japan.zip", 
        "user_agent": "-"
    }, 
    "1441695723.607420,CglG9z1uDKBaQbJepk": {
        "domain": "173.192.106.50", 
        "dst_ip": "173.192.106.50", 
        "dst_port": "8011", 
        "headers": {
            "ACCEPT": "*/*", 
            "HOST": "173.192.106.50:8011", 
            "RANGE": "bytes=2461360-"
        }, 
        "host": "173.192.106.50", 
        "is_host_ip": 1, 
        "label": 0, 
        "md5": null, 
        "method": "GET", 
        "package_name": "com.forgame.slots", 
        "pii_types": null, 
        "platform": "android", 
        "post_body": "-", 
        "referrer": "-", 
        "src_ip": "10.11.2.3", 
        "src_port": "42180", 
        "tk_flag": 0, 
        "ts": "1441695723.607420", 
        "uri": "/public/v5/res/japan.zip", 
        "user_agent": "-"
    }, 
    "1441695725.614697,CQsKut1r50uWpvhnd": {
        "domain": "173.192.106.50", 
        "dst_ip": "173.192.106.50", 
        "dst_port": "8011", 
        "headers": {
            "ACCEPT": "*/*", 
            "HOST": "173.192.106.50:8011", 
            "RANGE": "bytes=3371200-"
        }, 
        "host": "173.192.106.50", 
        "is_host_ip": 1, 
        "label": 0, 
        "md5": null, 
        "method": "GET", 
        "package_name": "com.forgame.slots", 
        "pii_types": null, 
        "platform": "android", 
        "post_body": "-", 
        "referrer": "-", 
        "src_ip": "10.11.2.3", 
        "src_port": "42181", 
        "tk_flag": 0, 
        "ts": "1441695725.614697", 
        "uri": "/public/v5/res/japan.zip", 
        "user_agent": "-"
    }, 
    "1441695727.624881,CjmyBv3aQUjxjIdtsa": {
        "domain": "173.192.106.50", 
        "dst_ip": "173.192.106.50", 
        "dst_port": "8011", 
        "headers": {
            "ACCEPT": "*/*", 
            "HOST": "173.192.106.50:8011", 
            "RANGE": "bytes=4642800-"
        }, 
        "host": "173.192.106.50", 
        "is_host_ip": 1, 
        "label": 0, 
        "md5": null, 
        "method": "GET", 
        "package_name": "com.forgame.slots", 
        "pii_types": null, 
        "platform": "android", 
        "post_body": "-", 
        "referrer": "-", 
        "src_ip": "10.11.2.3", 
        "src_port": "42182", 
        "tk_flag": 0, 
        "ts": "1441695727.624881", 
        "uri": "/public/v5/res/japan.zip", 
        "user_agent": "-"
    }, 
    "1441695729.629168,CNbvDB3XIWI5wyZ8Xc": {
        "domain": "173.192.106.50", 
        "dst_ip": "173.192.106.50", 
        "dst_port": "8011", 
        "headers": {
            "ACCEPT": "*/*", 
            "HOST": "173.192.106.50:8011", 
            "RANGE": "bytes=5846400-"
        }, 
        "host": "173.192.106.50", 
        "is_host_ip": 1, 
        "label": 0, 
        "md5": null, 
        "method": "GET", 
        "package_name": "com.forgame.slots", 
        "pii_types": null, 
        "platform": "android", 
        "post_body": "-", 
        "referrer": "-", 
        "src_ip": "10.11.2.3", 
        "src_port": "42183", 
        "tk_flag": 0, 
        "ts": "1441695729.629168", 
        "uri": "/public/v5/res/japan.zip", 
        "user_agent": "-"
    }, 
    "1441695731.630117,CexqHNmn3F9f2u6f8": {
        "domain": "173.192.106.50", 
        "dst_ip": "173.192.106.50", 
        "dst_port": "8011", 
        "headers": {
            "ACCEPT": "*/*", 
            "HOST": "173.192.106.50:8011", 
            "RANGE": "bytes=7101680-"
        }, 
        "host": "173.192.106.50", 
        "is_host_ip": 1, 
        "label": 0, 
        "md5": null, 
        "method": "GET", 
        "package_name": "com.forgame.slots", 
        "pii_types": null, 
        "platform": "android", 
        "post_body": "-", 
        "referrer": "-", 
        "src_ip": "10.11.2.3", 
        "src_port": "42184", 
        "tk_flag": 0, 
        "ts": "1441695731.630117", 
        "uri": "/public/v5/res/japan.zip", 
        "user_agent": "-"
    }, 
    "1441695733.629824,CiwMki20Nk8EscAe4g": {
        "domain": "173.192.106.50", 
        "dst_ip": "173.192.106.50", 
        "dst_port": "8011", 
        "headers": {
            "ACCEPT": "*/*", 
            "HOST": "173.192.106.50:8011", 
            "RANGE": "bytes=8359680-"
        }, 
        "host": "173.192.106.50", 
        "is_host_ip": 1, 
        "label": 0, 
        "md5": null, 
        "method": "GET", 
        "package_name": "com.forgame.slots", 
        "pii_types": null, 
        "platform": "android", 
        "post_body": "-", 
        "referrer": "-", 
        "src_ip": "10.11.2.3", 
        "src_port": "42185", 
        "tk_flag": 0, 
        "ts": "1441695733.629824", 
        "uri": "/public/v5/res/japan.zip", 
        "user_agent": "-"
    }, 
    "1441695735.633592,CH1mPg4Z23PEKhANX6": {
        "domain": "173.192.106.50", 
        "dst_ip": "173.192.106.50", 
        "dst_port": "8011", 
        "headers": {
            "ACCEPT": "*/*", 
            "HOST": "173.192.106.50:8011", 
            "RANGE": "bytes=9604080-"
        }, 
        "host": "173.192.106.50", 
        "is_host_ip": 1, 
        "label": 0, 
        "md5": null, 
        "method": "GET", 
        "package_name": "com.forgame.slots", 
        "pii_types": null, 
        "platform": "android", 
        "post_body": "-", 
        "referrer": "-", 
        "src_ip": "10.11.2.3", 
        "src_port": "42187", 
        "tk_flag": 0, 
        "ts": "1441695735.633592", 
        "uri": "/public/v5/res/japan.zip", 
        "user_agent": "-"
    }, 
    "1441695736.925539,C4lKR6FfJmyl6fGd7": {
        "domain": "173.192.106.50", 
        "dst_ip": "173.192.106.50", 
        "dst_port": "8011", 
        "headers": {
            "ACCEPT": "*/*", 
            "HOST": "173.192.106.50:8011", 
            "USER-AGENT": "libcurl"
        }, 
        "host": "173.192.106.50", 
        "is_host_ip": 1, 
        "label": 0, 
        "md5": null, 
        "method": "GET", 
        "package_name": "com.forgame.slots", 
        "pii_types": null, 
        "platform": "android", 
        "post_body": "-", 
        "referrer": "-", 
        "src_ip": "10.11.2.3", 
        "src_port": "42186", 
        "tk_flag": 0, 
        "ts": "1441695736.925539", 
        "uri": "/app/aladdin.spin?bet=10&uid=20173231&token=020173231.7D542625749E075D204F7C1BB92B4E6D.01000&device=1", 
        "user_agent": "libcurl"
    }, 
    "1441695737.649834,CpHsdk4SVkbh6XRhkg": {
        "domain": "173.192.106.50", 
        "dst_ip": "173.192.106.50", 
        "dst_port": "8011", 
        "headers": {
            "ACCEPT": "*/*", 
            "HOST": "173.192.106.50:8011", 
            "RANGE": "bytes=10446192-"
        }, 
        "host": "173.192.106.50", 
        "is_host_ip": 1, 
        "label": 0, 
        "md5": null, 
        "method": "GET", 
        "package_name": "com.forgame.slots", 
        "pii_types": null, 
        "platform": "android", 
        "post_body": "-", 
        "referrer": "-", 
        "src_ip": "10.11.2.3", 
        "src_port": "42188", 
        "tk_flag": 0, 
        "ts": "1441695737.649834", 
        "uri": "/public/v5/res/japan.zip", 
        "user_agent": "-"
    }, 
    "1441695739.635496,Civvr3BboxPRKJcXg": {
        "domain": "173.192.106.50", 
        "dst_ip": "173.192.106.50", 
        "dst_port": "8011", 
        "headers": {
            "ACCEPT": "*/*", 
            "HOST": "173.192.106.50:8011", 
            "RANGE": "bytes=11689232-"
        }, 
        "host": "173.192.106.50", 
        "is_host_ip": 1, 
        "label": 0, 
        "md5": null, 
        "method": "GET", 
        "package_name": "com.forgame.slots", 
        "pii_types": null, 
        "platform": "android", 
        "post_body": "-", 
        "referrer": "-", 
        "src_ip": "10.11.2.3", 
        "src_port": "42189", 
        "tk_flag": 0, 
        "ts": "1441695739.635496", 
        "uri": "/public/v5/res/japan.zip", 
        "user_agent": "-"
    }, 
    "1441695741.682677,CGlGDc26KL4JyJHcD3": {
        "domain": "173.192.106.50", 
        "dst_ip": "173.192.106.50", 
        "dst_port": "8011", 
        "headers": {
            "ACCEPT": "*/*", 
            "HOST": "173.192.106.50:8011", 
            "RANGE": "bytes=12533792-"
        }, 
        "host": "173.192.106.50", 
        "is_host_ip": 1, 
        "label": 0, 
        "md5": null, 
        "method": "GET", 
        "package_name": "com.forgame.slots", 
        "pii_types": null, 
        "platform": "android", 
        "post_body": "-", 
        "referrer": "-", 
        "src_ip": "10.11.2.3", 
        "src_port": "42190", 
        "tk_flag": 0, 
        "ts": "1441695741.682677", 
        "uri": "/public/v5/res/japan.zip", 
        "user_agent": "-"
    }, 
    "1441695743.691171,Cpx5VL22ftKAyLaria": {
        "domain": "173.192.106.50", 
        "dst_ip": "173.192.106.50", 
        "dst_port": "8011", 
        "headers": {
            "ACCEPT": "*/*", 
            "HOST": "173.192.106.50:8011", 
            "RANGE": "bytes=13730592-"
        }, 
        "host": "173.192.106.50", 
        "is_host_ip": 1, 
        "label": 0, 
        "md5": null, 
        "method": "GET", 
        "package_name": "com.forgame.slots", 
        "pii_types": null, 
        "platform": "android", 
        "post_body": "-", 
        "referrer": "-", 
        "src_ip": "10.11.2.3", 
        "src_port": "42191", 
        "tk_flag": 0, 
        "ts": "1441695743.691171", 
        "uri": "/public/v5/res/japan.zip", 
        "user_agent": "-"
    }, 
    "1441695745.687624,CiMniI3DddxtkQs87d": {
        "domain": "173.192.106.50", 
        "dst_ip": "173.192.106.50", 
        "dst_port": "8011", 
        "headers": {
            "ACCEPT": "*/*", 
            "HOST": "173.192.106.50:8011", 
            "RANGE": "bytes=14757392-"
        }, 
        "host": "173.192.106.50", 
        "is_host_ip": 1, 
        "label": 0, 
        "md5": null, 
        "method": "GET", 
        "package_name": "com.forgame.slots", 
        "pii_types": null, 
        "platform": "android", 
        "post_body": "-", 
        "referrer": "-", 
        "src_ip": "10.11.2.3", 
        "src_port": "42192", 
        "tk_flag": 0, 
        "ts": "1441695745.687624", 
        "uri": "/public/v5/res/japan.zip", 
        "user_agent": "-"
    }, 
    "1441695753.316501,CnXZ1HOiNkAEkUlxj": {
        "domain": "173.192.106.50", 
        "dst_ip": "173.192.106.50", 
        "dst_port": "8011", 
        "headers": {
            "ACCEPT": "*/*", 
            "HOST": "173.192.106.50:8011", 
            "USER-AGENT": "libcurl"
        }, 
        "host": "173.192.106.50", 
        "is_host_ip": 1, 
        "label": 0, 
        "md5": null, 
        "method": "GET", 
        "package_name": "com.forgame.slots", 
        "pii_types": null, 
        "platform": "android", 
        "post_body": "-", 
        "referrer": "-", 
        "src_ip": "10.11.2.3", 
        "src_port": "42193", 
        "tk_flag": 0, 
        "ts": "1441695753.316501", 
        "uri": "/app/aladdin.spin?bet=100&uid=20173231&token=020173231.7D542625749E075D204F7C1BB92B4E6D.01000&device=1", 
        "user_agent": "libcurl"
    }, 
    "1441695764.675445,CyOgiF4XJEl4s6vu56": {
        "domain": "173.192.106.50", 
        "dst_ip": "173.192.106.50", 
        "dst_port": "8011", 
        "headers": {
            "ACCEPT": "*/*", 
            "HOST": "173.192.106.50:8011", 
            "USER-AGENT": "libcurl"
        }, 
        "host": "173.192.106.50", 
        "is_host_ip": 1, 
        "label": 0, 
        "md5": null, 
        "method": "GET", 
        "package_name": "com.forgame.slots", 
        "pii_types": null, 
        "platform": "android", 
        "post_body": "-", 
        "referrer": "-", 
        "src_ip": "10.11.2.3", 
        "src_port": "42194", 
        "tk_flag": 0, 
        "ts": "1441695764.675445", 
        "uri": "/app/aladdin.spin?bet=100&uid=20173231&token=020173231.7D542625749E075D204F7C1BB92B4E6D.01000&device=1", 
        "user_agent": "libcurl"
    }, 
    "1441695774.290947,CAs8UB4axMKy0wE4Ae": {
        "domain": "173.192.106.50", 
        "dst_ip": "173.192.106.50", 
        "dst_port": "8086", 
        "headers": {
            "ACCEPT": "*/*", 
            "HOST": "173.192.106.50:8086", 
            "USER-AGENT": "libcurl"
        }, 
        "host": "173.192.106.50", 
        "is_host_ip": 1, 
        "label": 0, 
        "md5": null, 
        "method": "GET", 
        "package_name": "com.forgame.slots", 
        "pii_types": null, 
        "platform": "android", 
        "post_body": "-", 
        "referrer": "-", 
        "src_ip": "10.11.2.3", 
        "src_port": "53731", 
        "tk_flag": 0, 
        "ts": "1441695774.290947", 
        "uri": "/notification/latest/game/1/last/0", 
        "user_agent": "libcurl"
    }, 
    "1441695778.158502,CplePnddoS6SJXE4i": {
        "domain": "173.192.106.50", 
        "dst_ip": "173.192.106.50", 
        "dst_port": "8011", 
        "headers": {
            "ACCEPT": "*/*", 
            "HOST": "173.192.106.50:8011", 
            "USER-AGENT": "libcurl"
        }, 
        "host": "173.192.106.50", 
        "is_host_ip": 1, 
        "label": 0, 
        "md5": null, 
        "method": "GET", 
        "package_name": "com.forgame.slots", 
        "pii_types": null, 
        "platform": "android", 
        "post_body": "-", 
        "referrer": "-", 
        "src_ip": "10.11.2.3", 
        "src_port": "42196", 
        "tk_flag": 0, 
        "ts": "1441695778.158502", 
        "uri": "/app/aladdin.spin?bet=100&uid=20173231&token=020173231.7D542625749E075D204F7C1BB92B4E6D.01000&device=1", 
        "user_agent": "libcurl"
    }, 
    "1441695794.224513,CrIjN22s3jqvrAcAi5": {
        "domain": "173.192.106.50", 
        "dst_ip": "173.192.106.50", 
        "dst_port": "8011", 
        "headers": {
            "ACCEPT": "*/*", 
            "HOST": "173.192.106.50:8011", 
            "USER-AGENT": "libcurl"
        }, 
        "host": "173.192.106.50", 
        "is_host_ip": 1, 
        "label": 0, 
        "md5": null, 
        "method": "GET", 
        "package_name": "com.forgame.slots", 
        "pii_types": null, 
        "platform": "android", 
        "post_body": "-", 
        "referrer": "-", 
        "src_ip": "10.11.2.3", 
        "src_port": "42197", 
        "tk_flag": 0, 
        "ts": "1441695794.224513", 
        "uri": "/app/aladdin.spin?bet=50&uid=20173231&token=020173231.7D542625749E075D204F7C1BB92B4E6D.01000&device=1", 
        "user_agent": "libcurl"
    }, 
    "1441695817.112320,CEof2m28FXbhs5TVNg": {
        "domain": "173.192.106.50", 
        "dst_ip": "173.192.106.50", 
        "dst_port": "8011", 
        "headers": {
            "ACCEPT": "*/*", 
            "HOST": "173.192.106.50:8011", 
            "USER-AGENT": "libcurl"
        }, 
        "host": "173.192.106.50", 
        "is_host_ip": 1, 
        "label": 0, 
        "md5": null, 
        "method": "GET", 
        "package_name": "com.forgame.slots", 
        "pii_types": null, 
        "platform": "android", 
        "post_body": "-", 
        "referrer": "-", 
        "src_ip": "10.11.2.3", 
        "src_port": "42198", 
        "tk_flag": 0, 
        "ts": "1441695817.112320", 
        "uri": "/app/aladdin.spin?bet=50&uid=20173231&token=020173231.7D542625749E075D204F7C1BB92B4E6D.01000&device=1", 
        "user_agent": "libcurl"
    }, 
    "1441695825.731509,Cblg554cqsSRcfIN62": {
        "domain": "173.192.106.50", 
        "dst_ip": "173.192.106.50", 
        "dst_port": "8011", 
        "headers": {
            "ACCEPT": "*/*", 
            "HOST": "173.192.106.50:8011", 
            "USER-AGENT": "libcurl"
        }, 
        "host": "173.192.106.50", 
        "is_host_ip": 1, 
        "label": 0, 
        "md5": null, 
        "method": "GET", 
        "package_name": "com.forgame.slots", 
        "pii_types": null, 
        "platform": "android", 
        "post_body": "-", 
        "referrer": "-", 
        "src_ip": "10.11.2.3", 
        "src_port": "42199", 
        "tk_flag": 0, 
        "ts": "1441695825.731509", 
        "uri": "/app/aladdin.spin?bet=50&uid=20173231&token=020173231.7D542625749E075D204F7C1BB92B4E6D.01000&device=1", 
        "user_agent": "libcurl"
    }, 
    "1441695834.259376,C3Lt923NqLqywgP6gl": {
        "domain": "173.192.106.50", 
        "dst_ip": "173.192.106.50", 
        "dst_port": "8011", 
        "headers": {
            "ACCEPT": "*/*", 
            "HOST": "173.192.106.50:8011", 
            "USER-AGENT": "libcurl"
        }, 
        "host": "173.192.106.50", 
        "is_host_ip": 1, 
        "label": 0, 
        "md5": null, 
        "method": "GET", 
        "package_name": "com.forgame.slots", 
        "pii_types": null, 
        "platform": "android", 
        "post_body": "-", 
        "referrer": "-", 
        "src_ip": "10.11.2.3", 
        "src_port": "42200", 
        "tk_flag": 0, 
        "ts": "1441695834.259376", 
        "uri": "/app/aladdin.spin?bet=50&uid=20173231&token=020173231.7D542625749E075D204F7C1BB92B4E6D.01000&device=1", 
        "user_agent": "libcurl"
    }, 
    "1441695834.610178,CUzGBm1xnQR5ETNzPk": {
        "domain": "173.192.106.50", 
        "dst_ip": "173.192.106.50", 
        "dst_port": "8086", 
        "headers": {
            "ACCEPT": "*/*", 
            "HOST": "173.192.106.50:8086", 
            "USER-AGENT": "libcurl"
        }, 
        "host": "173.192.106.50", 
        "is_host_ip": 1, 
        "label": 0, 
        "md5": null, 
        "method": "GET", 
        "package_name": "com.forgame.slots", 
        "pii_types": null, 
        "platform": "android", 
        "post_body": "-", 
        "referrer": "-", 
        "src_ip": "10.11.2.3", 
        "src_port": "53737", 
        "tk_flag": 0, 
        "ts": "1441695834.610178", 
        "uri": "/notification/latest/game/1/last/0", 
        "user_agent": "libcurl"
    }, 
    "1441695854.793215,CS3wgs1EhTRjrwJux2": {
        "domain": "173.192.106.50", 
        "dst_ip": "173.192.106.50", 
        "dst_port": "8011", 
        "headers": {
            "ACCEPT": "*/*", 
            "HOST": "173.192.106.50:8011", 
            "USER-AGENT": "libcurl"
        }, 
        "host": "173.192.106.50", 
        "is_host_ip": 1, 
        "label": 0, 
        "md5": null, 
        "method": "GET", 
        "package_name": "com.forgame.slots", 
        "pii_types": null, 
        "platform": "android", 
        "post_body": "-", 
        "referrer": "-", 
        "src_ip": "10.11.2.3", 
        "src_port": "42202", 
        "tk_flag": 0, 
        "ts": "1441695854.793215", 
        "uri": "/app/aladdin.spin?bet=50&uid=20173231&token=020173231.7D542625749E075D204F7C1BB92B4E6D.01000&device=1", 
        "user_agent": "libcurl"
    }, 
    "1441695862.545825,C5SRHV1LyZqMqxWy65": {
        "domain": "173.192.106.50", 
        "dst_ip": "173.192.106.50", 
        "dst_port": "8011", 
        "headers": {
            "ACCEPT": "*/*", 
            "HOST": "173.192.106.50:8011", 
            "USER-AGENT": "libcurl"
        }, 
        "host": "173.192.106.50", 
        "is_host_ip": 1, 
        "label": 0, 
        "md5": null, 
        "method": "GET", 
        "package_name": "com.forgame.slots", 
        "pii_types": null, 
        "platform": "android", 
        "post_body": "-", 
        "referrer": "-", 
        "src_ip": "10.11.2.3", 
        "src_port": "42203", 
        "tk_flag": 0, 
        "ts": "1441695862.545825", 
        "uri": "/app/aladdin.spin?bet=50&uid=20173231&token=020173231.7D542625749E075D204F7C1BB92B4E6D.01000&device=1", 
        "user_agent": "libcurl"
    }, 
    "1441695872.769035,CCKrys2ylDix3Fnwv5": {
        "domain": "173.192.106.50", 
        "dst_ip": "173.192.106.50", 
        "dst_port": "8011", 
        "headers": {
            "ACCEPT": "*/*", 
            "HOST": "173.192.106.50:8011", 
            "USER-AGENT": "libcurl"
        }, 
        "host": "173.192.106.50", 
        "is_host_ip": 1, 
        "label": 0, 
        "md5": null, 
        "method": "GET", 
        "package_name": "com.forgame.slots", 
        "pii_types": null, 
        "platform": "android", 
        "post_body": "-", 
        "referrer": "-", 
        "src_ip": "10.11.2.3", 
        "src_port": "42204", 
        "tk_flag": 0, 
        "ts": "1441695872.769035", 
        "uri": "/app/aladdin.spin?bet=50&uid=20173231&token=020173231.7D542625749E075D204F7C1BB92B4E6D.01000&device=1", 
        "user_agent": "libcurl"
    }, 
    "1441695894.937836,C3Q4Xf16HCvd3vUneb": {
        "domain": "173.192.106.50", 
        "dst_ip": "173.192.106.50", 
        "dst_port": "8086", 
        "headers": {
            "ACCEPT": "*/*", 
            "HOST": "173.192.106.50:8086", 
            "USER-AGENT": "libcurl"
        }, 
        "host": "173.192.106.50", 
        "is_host_ip": 1, 
        "label": 0, 
        "md5": null, 
        "method": "GET", 
        "package_name": "com.forgame.slots", 
        "pii_types": null, 
        "platform": "android", 
        "post_body": "-", 
        "referrer": "-", 
        "src_ip": "10.11.2.3", 
        "src_port": "53742", 
        "tk_flag": 0, 
        "ts": "1441695894.937836", 
        "uri": "/notification/latest/game/1/last/0", 
        "user_agent": "libcurl"
    }, 
    "1441695895.180865,CwCDO83pP6ekHc9aql": {
        "domain": "173.192.106.50", 
        "dst_ip": "173.192.106.50", 
        "dst_port": "8011", 
        "headers": {
            "ACCEPT": "*/*", 
            "HOST": "173.192.106.50:8011", 
            "USER-AGENT": "libcurl"
        }, 
        "host": "173.192.106.50", 
        "is_host_ip": 1, 
        "label": 0, 
        "md5": null, 
        "method": "GET", 
        "package_name": "com.forgame.slots", 
        "pii_types": null, 
        "platform": "android", 
        "post_body": "-", 
        "referrer": "-", 
        "src_ip": "10.11.2.3", 
        "src_port": "42205", 
        "tk_flag": 0, 
        "ts": "1441695895.180865", 
        "uri": "/app/aladdin.spin?bet=50&uid=20173231&token=020173231.7D542625749E075D204F7C1BB92B4E6D.01000&device=1", 
        "user_agent": "libcurl"
    }, 
    "1441695901.633637,Cxn0Da1DFZ7d8hcTq9": {
        "domain": "173.192.106.50", 
        "dst_ip": "173.192.106.50", 
        "dst_port": "8011", 
        "headers": {
            "ACCEPT": "*/*", 
            "HOST": "173.192.106.50:8011", 
            "USER-AGENT": "libcurl"
        }, 
        "host": "173.192.106.50", 
        "is_host_ip": 1, 
        "label": 0, 
        "md5": null, 
        "method": "GET", 
        "package_name": "com.forgame.slots", 
        "pii_types": null, 
        "platform": "android", 
        "post_body": "-", 
        "referrer": "-", 
        "src_ip": "10.11.2.3", 
        "src_port": "42207", 
        "tk_flag": 0, 
        "ts": "1441695901.633637", 
        "uri": "/app/aladdin.spin?bet=50&uid=20173231&token=020173231.7D542625749E075D204F7C1BB92B4E6D.01000&device=1", 
        "user_agent": "libcurl"
    }, 
    "1441695906.354868,C4Qv2P3FfSnmDAK9p3": {
        "domain": "173.192.106.50", 
        "dst_ip": "173.192.106.50", 
        "dst_port": "8011", 
        "headers": {
            "ACCEPT": "*/*", 
            "HOST": "173.192.106.50:8011", 
            "USER-AGENT": "libcurl"
        }, 
        "host": "173.192.106.50", 
        "is_host_ip": 1, 
        "label": 0, 
        "md5": null, 
        "method": "GET", 
        "package_name": "com.forgame.slots", 
        "pii_types": null, 
        "platform": "android", 
        "post_body": "-", 
        "referrer": "-", 
        "src_ip": "10.11.2.3", 
        "src_port": "42208", 
        "tk_flag": 0, 
        "ts": "1441695906.354868", 
        "uri": "/app/aladdin.spin?bet=50&uid=20173231&token=020173231.7D542625749E075D204F7C1BB92B4E6D.01000&device=1", 
        "user_agent": "libcurl"
    }, 
    "1441695916.039942,CgJjuP2YXRmMZTSMdh": {
        "domain": "173.192.106.50", 
        "dst_ip": "173.192.106.50", 
        "dst_port": "8011", 
        "headers": {
            "ACCEPT": "*/*", 
            "HOST": "173.192.106.50:8011", 
            "USER-AGENT": "libcurl"
        }, 
        "host": "173.192.106.50", 
        "is_host_ip": 1, 
        "label": 0, 
        "md5": null, 
        "method": "GET", 
        "package_name": "com.forgame.slots", 
        "pii_types": null, 
        "platform": "android", 
        "post_body": "-", 
        "referrer": "-", 
        "src_ip": "10.11.2.3", 
        "src_port": "42209", 
        "tk_flag": 0, 
        "ts": "1441695916.039942", 
        "uri": "/app/aladdin.spin?bet=50&uid=20173231&token=020173231.7D542625749E075D204F7C1BB92B4E6D.01000&device=1", 
        "user_agent": "libcurl"
    }, 
    "1441695931.543715,CLRnG92VmVA01nM0rf": {
        "domain": "173.192.106.50", 
        "dst_ip": "173.192.106.50", 
        "dst_port": "8011", 
        "headers": {
            "ACCEPT": "*/*", 
            "HOST": "173.192.106.50:8011", 
            "USER-AGENT": "libcurl"
        }, 
        "host": "173.192.106.50", 
        "is_host_ip": 1, 
        "label": 0, 
        "md5": null, 
        "method": "GET", 
        "package_name": "com.forgame.slots", 
        "pii_types": null, 
        "platform": "android", 
        "post_body": "-", 
        "referrer": "-", 
        "src_ip": "10.11.2.3", 
        "src_port": "42210", 
        "tk_flag": 0, 
        "ts": "1441695931.543715", 
        "uri": "/app/aladdin.spin?bet=50&uid=20173231&token=020173231.7D542625749E075D204F7C1BB92B4E6D.01000&device=1", 
        "user_agent": "libcurl"
    }, 
    "1441695932.595557,Cy2ns84c5cMutI23J7": {
        "domain": "173.192.106.50", 
        "dst_ip": "173.192.106.50", 
        "dst_port": "8086", 
        "headers": {
            "ACCEPT": "*/*", 
            "HOST": "173.192.106.50:8086", 
            "USER-AGENT": "libcurl"
        }, 
        "host": "173.192.106.50", 
        "is_host_ip": 1, 
        "label": 0, 
        "md5": null, 
        "method": "GET", 
        "package_name": "com.forgame.slots", 
        "pii_types": null, 
        "platform": "android", 
        "post_body": "-", 
        "referrer": "-", 
        "src_ip": "10.11.2.3", 
        "src_port": "53747", 
        "tk_flag": 0, 
        "ts": "1441695932.595557", 
        "uri": "/leaderboards/ranks/game/1/player/20173231", 
        "user_agent": "libcurl"
    }, 
    "1441695932.602006,CntXWgYW4lQ1M3WY7": {
        "domain": "173.192.106.50", 
        "dst_ip": "173.192.106.50", 
        "dst_port": "8086", 
        "headers": {
            "ACCEPT": "*/*", 
            "HOST": "173.192.106.50:8086", 
            "USER-AGENT": "libcurl"
        }, 
        "host": "173.192.106.50", 
        "is_host_ip": 1, 
        "label": 0, 
        "md5": null, 
        "method": "GET", 
        "package_name": "com.forgame.slots", 
        "pii_types": null, 
        "platform": "android", 
        "post_body": "-", 
        "referrer": "-", 
        "src_ip": "10.11.2.3", 
        "src_port": "53748", 
        "tk_flag": 0, 
        "ts": "1441695932.602006", 
        "uri": "/leaderboards/tournament/game/1", 
        "user_agent": "libcurl"
    }, 
    "1441695944.965117,CBNfZ34OSwO5Aqsnmc": {
        "domain": "173.192.106.50", 
        "dst_ip": "173.192.106.50", 
        "dst_port": "8086", 
        "headers": {
            "ACCEPT": "*/*", 
            "HOST": "173.192.106.50:8086", 
            "USER-AGENT": "libcurl"
        }, 
        "host": "173.192.106.50", 
        "is_host_ip": 1, 
        "label": 0, 
        "md5": null, 
        "method": "GET", 
        "package_name": "com.forgame.slots", 
        "pii_types": null, 
        "platform": "android", 
        "post_body": "-", 
        "referrer": "-", 
        "src_ip": "10.11.2.3", 
        "src_port": "53812", 
        "tk_flag": 0, 
        "ts": "1441695944.965117", 
        "uri": "/leaderboards/satelliteTournament/game/1/player/20173231", 
        "user_agent": "libcurl"
    }, 
    "1441695947.495753,CWlJKVBoG2n0FVk0l": {
        "domain": "173.192.106.50", 
        "dst_ip": "173.192.106.50", 
        "dst_port": "8086", 
        "headers": {
            "ACCEPT": "*/*", 
            "HOST": "173.192.106.50:8086", 
            "USER-AGENT": "libcurl"
        }, 
        "host": "173.192.106.50", 
        "is_host_ip": 1, 
        "label": 0, 
        "md5": null, 
        "method": "GET", 
        "package_name": "com.forgame.slots", 
        "pii_types": null, 
        "platform": "android", 
        "post_body": "-", 
        "referrer": "-", 
        "src_ip": "10.11.2.3", 
        "src_port": "53813", 
        "tk_flag": 0, 
        "ts": "1441695947.495753", 
        "uri": "/leaderboards/tournament/game/1", 
        "user_agent": "libcurl"
    }, 
    "1441695950.126506,CGXQvl1AKXvm6BuWm2": {
        "domain": "173.192.106.50", 
        "dst_ip": "173.192.106.50", 
        "dst_port": "8011", 
        "headers": {
            "ACCEPT": "*/*", 
            "HOST": "173.192.106.50:8011", 
            "USER-AGENT": "libcurl"
        }, 
        "host": "173.192.106.50", 
        "is_host_ip": 1, 
        "label": 0, 
        "md5": null, 
        "method": "GET", 
        "package_name": "com.forgame.slots", 
        "pii_types": null, 
        "platform": "android", 
        "post_body": "-", 
        "referrer": "-", 
        "src_ip": "10.11.2.3", 
        "src_port": "42278", 
        "tk_flag": 0, 
        "ts": "1441695950.126506", 
        "uri": "/app/aladdin.spin?bet=50&uid=20173231&token=020173231.7D542625749E075D204F7C1BB92B4E6D.01000&device=1", 
        "user_agent": "libcurl"
    }, 
    "1441695950.298284,CZZbk33Inind7jZZC2": {
        "domain": "173.192.106.50", 
        "dst_ip": "173.192.106.50", 
        "dst_port": "8011", 
        "headers": {
            "ACCEPT": "*/*", 
            "HOST": "173.192.106.50:8011", 
            "USER-AGENT": "libcurl"
        }, 
        "host": "173.192.106.50", 
        "is_host_ip": 1, 
        "label": 0, 
        "md5": null, 
        "method": "GET", 
        "package_name": "com.forgame.slots", 
        "pii_types": null, 
        "platform": "android", 
        "post_body": "-", 
        "referrer": "-", 
        "src_ip": "10.11.2.3", 
        "src_port": "42279", 
        "tk_flag": 0, 
        "ts": "1441695950.298284", 
        "uri": "/app/lobbyConfigure.android?token=020173231.7D542625749E075D204F7C1BB92B4E6D.01000&version=401&device=1", 
        "user_agent": "libcurl"
    }, 
    "1441695953.276947,CbBVTZ2bSmbI6P4sKk": {
        "domain": "spsliveops.com", 
        "dst_ip": "173.192.106.50", 
        "dst_port": "8082", 
        "headers": {
            "ACCEPT": "*/*", 
            "HOST": "slotsdb.spsliveops.com:8082", 
            "USER-AGENT": "libcurl"
        }, 
        "host": "slotsdb.spsliveops.com", 
        "is_host_ip": 0, 
        "label": 0, 
        "md5": null, 
        "method": "GET", 
        "package_name": "com.forgame.slots", 
        "pii_types": null, 
        "platform": "android", 
        "post_body": "-", 
        "referrer": "-", 
        "src_ip": "10.11.2.3", 
        "src_port": "54501", 
        "tk_flag": 0, 
        "ts": "1441695953.276947", 
        "uri": "/player/gettimeuntilbonus?playerId=20173231&key=a0ae9f6915ff7180f3629a7f17e200fe", 
        "user_agent": "libcurl"
    }, 
    "1441695953.948934,CygZTo1GFVPsspeQVb": {
        "domain": "173.192.106.50", 
        "dst_ip": "173.192.106.50", 
        "dst_port": "8011", 
        "headers": {
            "ACCEPT": "*/*", 
            "HOST": "173.192.106.50:8011", 
            "USER-AGENT": "libcurl"
        }, 
        "host": "173.192.106.50", 
        "is_host_ip": 1, 
        "label": 0, 
        "md5": null, 
        "method": "GET", 
        "package_name": "com.forgame.slots", 
        "pii_types": null, 
        "platform": "android", 
        "post_body": "-", 
        "referrer": "-", 
        "src_ip": "10.11.2.3", 
        "src_port": "42281", 
        "tk_flag": 0, 
        "ts": "1441695953.948934", 
        "uri": "/app/match.getChampion?version=401", 
        "user_agent": "libcurl"
    }
}
