{
    "1441739168.190877,CfRJXW1msmb4YRrlZk": {
        "domain": "google.com", 
        "dst_ip": "74.125.22.139", 
        "dst_port": "80", 
        "headers": {
            "ACCEPT-ENCODING": "gzip", 
            "CONNECTION": "Keep-Alive", 
            "HOST": "clients3.google.com", 
            "USER-AGENT": "Dalvik/2.1.0 (Linux; U; Android 5.1.1; Nexus 6 Build/LMY48I)"
        }, 
        "host": "clients3.google.com", 
        "is_host_ip": 0, 
        "label": 0, 
        "md5": null, 
        "method": "GET", 
        "package_name": "com.disney.thoughtbubbles_goo", 
        "pii_types": null, 
        "platform": "android", 
        "post_body": "-", 
        "referrer": "-", 
        "src_ip": "10.11.2.3", 
        "src_port": "45270", 
        "tk_flag": 1, 
        "ts": "1441739168.190877", 
        "uri": "/generate_204", 
        "user_agent": "Dalvik/2.1.0 (Linux; U; Android 5.1.1; Nexus 6 Build/LMY48I)"
    }, 
    "1441739205.981492,CAt10J1AcZAQwKrjyg": {
        "domain": "scorecardresearch.com", 
        "dst_ip": "72.247.9.144", 
        "dst_port": "80", 
        "headers": {
            "ACCEPT-ENCODING": "gzip", 
            "CONNECTION": "Keep-Alive", 
            "HOST": "b.scorecardresearch.com", 
            "USER-AGENT": "Dalvik/2.1.0 (Linux; U; Android 5.1.1; Nexus 6 Build/LMY48I)"
        }, 
        "host": "b.scorecardresearch.com", 
        "is_host_ip": 0, 
        "label": 0, 
        "md5": null, 
        "method": "GET", 
        "package_name": "com.disney.thoughtbubbles_goo", 
        "pii_types": null, 
        "platform": "android", 
        "post_body": "-", 
        "referrer": "-", 
        "src_ip": "10.11.2.3", 
        "src_port": "34290", 
        "tk_flag": 1, 
        "ts": "1441739205.981492", 
        "uri": "/p2?c1=19&c2=6035140&ns_ap_an=thought-bubbles-google&ns_ap_pn=android&c12=238ff6e4e9c48ccbe5844d9af1883f90-cs31&name=start&ns_ak=jbeQiGN5pJQGCoADRQQQ5qJ/Zj5hg0+I/1Bqjb3zp+7EvjOQ/v8a4np8ZiZge2Qz35S8sWmcLbUNtT4w6kI2JdEpbCSykvLVv0VxnvJ+zCD2gnDOvax2lCh/NMTn6AYxt1vsRCH9ea//YMuaiRkfMxwx56JOw2OZmHtK/tn9sAQ=&ns_ap_ec=1&ns_ap_ev=start&ns_ap_device=shamu&ns_ap_id=1441739201998&ns_ap_csf=1&ns_ap_bi=com.disney.thoughtbubbles_goo&ns_ap_pfm=android&ns_ap_pfv=5.1.1&ns_ap_ver=1.4.0&ns_ap_sv=2.1307.02&ns_type=view&ns_radio=wifi&ns_nc=1&ns_ap_gs=1441739201746&ns_ap_jb=0&ns_ap_res=1440x2392&ns_ap_install=1441739201746&ns_ap_lastrun=0&ns_ap_cs=1&ns_ap_runs=1&ns_ap_usage=252&ns_ap_fg=1&ns_ap_ft=2&ns_ap_dft=2&ns_ap_bt=0&ns_ap_dbt=0&ns_ap_dit=250&ns_ap_as=1&ns_ap_das=252&ns_ap_it=250&ns_ap_lang=en&ns_ts=1441739201998", 
        "user_agent": "Dalvik/2.1.0 (Linux; U; Android 5.1.1; Nexus 6 Build/LMY48I)"
    }, 
    "1441739216.113767,Cd1YM54jLGRUe6QrC5": {
        "domain": "akamaihd.net", 
        "dst_ip": "184.51.126.82", 
        "dst_port": "80", 
        "headers": {
            "ACCEPT-ENCODING": "gzip", 
            "CONNECTION": "Keep-Alive", 
            "HOST": "glendalemobile0-a.akamaihd.net", 
            "USER-AGENT": "Dalvik/2.1.0 (Linux; U; Android 5.1.1; Nexus 6 Build/LMY48I)", 
            "X-UNITY-VERSION": "4.6.6p1"
        }, 
        "host": "glendalemobile0-a.akamaihd.net", 
        "is_host_ip": 0, 
        "label": 0, 
        "md5": null, 
        "method": "GET", 
        "package_name": "com.disney.thoughtbubbles_goo", 
        "pii_types": null, 
        "platform": "android", 
        "post_body": "-", 
        "referrer": "-", 
        "src_ip": "10.11.2.3", 
        "src_port": "48051", 
        "tk_flag": 0, 
        "ts": "1441739216.113767", 
        "uri": "/cloud-cms/manifest/thoughtbubbles/prod/45.json", 
        "user_agent": "Dalvik/2.1.0 (Linux; U; Android 5.1.1; Nexus 6 Build/LMY48I)"
    }, 
    "1441739216.427193,Cd1YM54jLGRUe6QrC5": {
        "domain": "akamaihd.net", 
        "dst_ip": "184.51.126.82", 
        "dst_port": "80", 
        "headers": {
            "ACCEPT-ENCODING": "gzip", 
            "CONNECTION": "Keep-Alive", 
            "HOST": "glendalemobile0-a.akamaihd.net", 
            "USER-AGENT": "Dalvik/2.1.0 (Linux; U; Android 5.1.1; Nexus 6 Build/LMY48I)", 
            "X-UNITY-VERSION": "4.6.6p1"
        }, 
        "host": "glendalemobile0-a.akamaihd.net", 
        "is_host_ip": 0, 
        "label": 0, 
        "md5": null, 
        "method": "GET", 
        "package_name": "com.disney.thoughtbubbles_goo", 
        "pii_types": null, 
        "platform": "android", 
        "post_body": "-", 
        "referrer": "-", 
        "src_ip": "10.11.2.3", 
        "src_port": "48051", 
        "tk_flag": 0, 
        "ts": "1441739216.427193", 
        "uri": "/cloud-cms/thoughtbubbles/prod/base.json/6b828f92c09ad45c42fd6fc003ba3dec.base.json", 
        "user_agent": "Dalvik/2.1.0 (Linux; U; Android 5.1.1; Nexus 6 Build/LMY48I)"
    }, 
    "1441739216.553234,Cq1KVg2RAk8ZwAGaie": {
        "domain": "akamaihd.net", 
        "dst_ip": "184.51.126.82", 
        "dst_port": "80", 
        "headers": {
            "ACCEPT-ENCODING": "gzip", 
            "CONNECTION": "Keep-Alive", 
            "HOST": "glendalemobile0-a.akamaihd.net", 
            "USER-AGENT": "Dalvik/2.1.0 (Linux; U; Android 5.1.1; Nexus 6 Build/LMY48I)", 
            "X-UNITY-VERSION": "4.6.6p1"
        }, 
        "host": "glendalemobile0-a.akamaihd.net", 
        "is_host_ip": 0, 
        "label": 0, 
        "md5": null, 
        "method": "GET", 
        "package_name": "com.disney.thoughtbubbles_goo", 
        "pii_types": null, 
        "platform": "android", 
        "post_body": "-", 
        "referrer": "-", 
        "src_ip": "10.11.2.3", 
        "src_port": "37196", 
        "tk_flag": 0, 
        "ts": "1441739216.553234", 
        "uri": "/cloud-cms/thoughtbubbles/prod/Game.json/5b1759024f6aa19149f02ccb354c3c79.Game.json", 
        "user_agent": "Dalvik/2.1.0 (Linux; U; Android 5.1.1; Nexus 6 Build/LMY48I)"
    }, 
    "1441739216.553250,CRyr4Q2pSfKGSJiiv": {
        "domain": "akamaihd.net", 
        "dst_ip": "184.51.126.82", 
        "dst_port": "80", 
        "headers": {
            "ACCEPT-ENCODING": "gzip", 
            "CONNECTION": "Keep-Alive", 
            "HOST": "glendalemobile0-a.akamaihd.net", 
            "USER-AGENT": "Dalvik/2.1.0 (Linux; U; Android 5.1.1; Nexus 6 Build/LMY48I)", 
            "X-UNITY-VERSION": "4.6.6p1"
        }, 
        "host": "glendalemobile0-a.akamaihd.net", 
        "is_host_ip": 0, 
        "label": 0, 
        "md5": null, 
        "method": "GET", 
        "package_name": "com.disney.thoughtbubbles_goo", 
        "pii_types": null, 
        "platform": "android", 
        "post_body": "-", 
        "referrer": "-", 
        "src_ip": "10.11.2.3", 
        "src_port": "46696", 
        "tk_flag": 0, 
        "ts": "1441739216.553250", 
        "uri": "/cloud-cms/thoughtbubbles/prod/IAP.json/2c467415c327082649348a974886baf5.IAP.json", 
        "user_agent": "Dalvik/2.1.0 (Linux; U; Android 5.1.1; Nexus 6 Build/LMY48I)"
    }, 
    "1441739216.556898,CM7Jb21KHdGjXKK7K8": {
        "domain": "akamaihd.net", 
        "dst_ip": "184.51.126.82", 
        "dst_port": "80", 
        "headers": {
            "ACCEPT-ENCODING": "gzip", 
            "CONNECTION": "Keep-Alive", 
            "HOST": "glendalemobile0-a.akamaihd.net", 
            "USER-AGENT": "Dalvik/2.1.0 (Linux; U; Android 5.1.1; Nexus 6 Build/LMY48I)", 
            "X-UNITY-VERSION": "4.6.6p1"
        }, 
        "host": "glendalemobile0-a.akamaihd.net", 
        "is_host_ip": 0, 
        "label": 0, 
        "md5": null, 
        "method": "GET", 
        "package_name": "com.disney.thoughtbubbles_goo", 
        "pii_types": null, 
        "platform": "android", 
        "post_body": "-", 
        "referrer": "-", 
        "src_ip": "10.11.2.3", 
        "src_port": "36736", 
        "tk_flag": 0, 
        "ts": "1441739216.556898", 
        "uri": "/cloud-cms/thoughtbubbles/prod/ABTest/Prices/AB_Rainbow_Bubble_Price_1.json/46614981c76a31ea76c0a5d4f4c12987.AB_Rainbow_Bubble_Price_1.json", 
        "user_agent": "Dalvik/2.1.0 (Linux; U; Android 5.1.1; Nexus 6 Build/LMY48I)"
    }, 
    "1441739216.556908,CPxvHC1exRvV9tTk1h": {
        "domain": "akamaihd.net", 
        "dst_ip": "184.51.126.82", 
        "dst_port": "80", 
        "headers": {
            "ACCEPT-ENCODING": "gzip", 
            "CONNECTION": "Keep-Alive", 
            "HOST": "glendalemobile0-a.akamaihd.net", 
            "USER-AGENT": "Dalvik/2.1.0 (Linux; U; Android 5.1.1; Nexus 6 Build/LMY48I)", 
            "X-UNITY-VERSION": "4.6.6p1"
        }, 
        "host": "glendalemobile0-a.akamaihd.net", 
        "is_host_ip": 0, 
        "label": 0, 
        "md5": null, 
        "method": "GET", 
        "package_name": "com.disney.thoughtbubbles_goo", 
        "pii_types": null, 
        "platform": "android", 
        "post_body": "-", 
        "referrer": "-", 
        "src_ip": "10.11.2.3", 
        "src_port": "38392", 
        "tk_flag": 0, 
        "ts": "1441739216.556908", 
        "uri": "/cloud-cms/thoughtbubbles/prod/Levels.json/a0ba8ae3a4b53e112c4e669b30f69758.Levels.json", 
        "user_agent": "Dalvik/2.1.0 (Linux; U; Android 5.1.1; Nexus 6 Build/LMY48I)"
    }, 
    "1441739216.559063,CEL5bB4iVYYNZwwjR2": {
        "domain": "akamaihd.net", 
        "dst_ip": "184.51.126.82", 
        "dst_port": "80", 
        "headers": {
            "ACCEPT-ENCODING": "gzip", 
            "CONNECTION": "Keep-Alive", 
            "HOST": "glendalemobile0-a.akamaihd.net", 
            "USER-AGENT": "Dalvik/2.1.0 (Linux; U; Android 5.1.1; Nexus 6 Build/LMY48I)", 
            "X-UNITY-VERSION": "4.6.6p1"
        }, 
        "host": "glendalemobile0-a.akamaihd.net", 
        "is_host_ip": 0, 
        "label": 0, 
        "md5": null, 
        "method": "GET", 
        "package_name": "com.disney.thoughtbubbles_goo", 
        "pii_types": null, 
        "platform": "android", 
        "post_body": "-", 
        "referrer": "-", 
        "src_ip": "10.11.2.3", 
        "src_port": "39977", 
        "tk_flag": 0, 
        "ts": "1441739216.559063", 
        "uri": "/cloud-cms/thoughtbubbles/prod/Localization.json/c238daf2a5cb6a1fd395ba1370e998fe.Localization.json", 
        "user_agent": "Dalvik/2.1.0 (Linux; U; Android 5.1.1; Nexus 6 Build/LMY48I)"
    }, 
    "1441739433.404188,CijxqY3he8N8ccn8b6": {
        "domain": "akamaihd.net", 
        "dst_ip": "23.15.9.64", 
        "dst_port": "80", 
        "headers": {
            "ACCEPT": "text/html\\x2capplication/xhtml+xml\\x2capplication/xml;q=0.9\\x2cimage/webp\\x2c*/*;q=0.8", 
            "ACCEPT-ENCODING": "gzip\\x2c deflate", 
            "ACCEPT-LANGUAGE": "en-US", 
            "CONNECTION": "keep-alive", 
            "HOST": "disneynetwork0-a.akamaihd.net", 
            "UPGRADE-INSECURE-REQUESTS": "1", 
            "USER-AGENT": "Mozilla/5.0 (Linux; Android 5.1.1; Nexus 6 Build/LMY48I; wv) AppleWebKit/537.36 (KHTML\\x2c like Gecko) Version/4.0 Chrome/44.0.2403.117 Mobile Safari/537.36", 
            "X-REQUESTED-WITH": "com.disney.thoughtbubbles_goo"
        }, 
        "host": "disneynetwork0-a.akamaihd.net", 
        "is_host_ip": 0, 
        "label": 0, 
        "md5": null, 
        "method": "GET", 
        "package_name": "com.disney.thoughtbubbles_goo", 
        "pii_types": null, 
        "platform": "android", 
        "post_body": "-", 
        "referrer": "-", 
        "src_ip": "10.11.2.3", 
        "src_port": "52388", 
        "tk_flag": 0, 
        "ts": "1441739433.404188", 
        "uri": "/mobilenetwork/referralstore/bootstrap/", 
        "user_agent": "Mozilla/5.0 (Linux; Android 5.1.1; Nexus 6 Build/LMY48I; wv) AppleWebKit/537.36 (KHTML, like Gecko) Version/4.0 Chrome/44.0.2403.117 Mobile Safari/537.36"
    }, 
    "1441739433.612054,CijxqY3he8N8ccn8b6": {
        "domain": "akamaihd.net", 
        "dst_ip": "23.15.9.64", 
        "dst_port": "80", 
        "headers": {
            "ACCEPT": "text/css\\x2c*/*;q=0.1", 
            "ACCEPT-ENCODING": "gzip\\x2c deflate", 
            "ACCEPT-LANGUAGE": "en-US", 
            "CONNECTION": "keep-alive", 
            "HOST": "disneynetwork0-a.akamaihd.net", 
            "REFERER": "http://disneynetwork0-a.akamaihd.net/mobilenetwork/referralstore/bootstrap/", 
            "USER-AGENT": "Mozilla/5.0 (Linux; Android 5.1.1; Nexus 6 Build/LMY48I; wv) AppleWebKit/537.36 (KHTML\\x2c like Gecko) Version/4.0 Chrome/44.0.2403.117 Mobile Safari/537.36", 
            "X-REQUESTED-WITH": "com.disney.thoughtbubbles_goo"
        }, 
        "host": "disneynetwork0-a.akamaihd.net", 
        "is_host_ip": 0, 
        "label": 0, 
        "md5": null, 
        "method": "GET", 
        "package_name": "com.disney.thoughtbubbles_goo", 
        "pii_types": null, 
        "platform": "android", 
        "post_body": "-", 
        "referrer": "http://disneynetwork0-a.akamaihd.net/mobilenetwork/referralstore/bootstrap/", 
        "src_ip": "10.11.2.3", 
        "src_port": "52388", 
        "tk_flag": 0, 
        "ts": "1441739433.612054", 
        "uri": "/mobilenetwork/referralstore/bootstrap/css/referralDefault.css", 
        "user_agent": "Mozilla/5.0 (Linux; Android 5.1.1; Nexus 6 Build/LMY48I; wv) AppleWebKit/537.36 (KHTML, like Gecko) Version/4.0 Chrome/44.0.2403.117 Mobile Safari/537.36"
    }, 
    "1441739433.614766,C5BWaf2GwTjMbtmefg": {
        "domain": "akamaihd.net", 
        "dst_ip": "23.15.9.64", 
        "dst_port": "80", 
        "headers": {
            "ACCEPT": "*/*", 
            "ACCEPT-ENCODING": "gzip\\x2c deflate", 
            "ACCEPT-LANGUAGE": "en-US", 
            "CONNECTION": "keep-alive", 
            "HOST": "disneynetwork0-a.akamaihd.net", 
            "REFERER": "http://disneynetwork0-a.akamaihd.net/mobilenetwork/referralstore/bootstrap/", 
            "USER-AGENT": "Mozilla/5.0 (Linux; Android 5.1.1; Nexus 6 Build/LMY48I; wv) AppleWebKit/537.36 (KHTML\\x2c like Gecko) Version/4.0 Chrome/44.0.2403.117 Mobile Safari/537.36", 
            "X-REQUESTED-WITH": "com.disney.thoughtbubbles_goo"
        }, 
        "host": "disneynetwork0-a.akamaihd.net", 
        "is_host_ip": 0, 
        "label": 0, 
        "md5": null, 
        "method": "GET", 
        "package_name": "com.disney.thoughtbubbles_goo", 
        "pii_types": null, 
        "platform": "android", 
        "post_body": "-", 
        "referrer": "http://disneynetwork0-a.akamaihd.net/mobilenetwork/referralstore/bootstrap/", 
        "src_ip": "10.11.2.3", 
        "src_port": "52389", 
        "tk_flag": 0, 
        "ts": "1441739433.614766", 
        "uri": "/mobilenetwork/referralstore/bootstrap/lib/jquery.min.js", 
        "user_agent": "Mozilla/5.0 (Linux; Android 5.1.1; Nexus 6 Build/LMY48I; wv) AppleWebKit/537.36 (KHTML, like Gecko) Version/4.0 Chrome/44.0.2403.117 Mobile Safari/537.36"
    }, 
    "1441739433.762063,CGfMGl2SwHFQUj75D2": {
        "domain": "akamaihd.net", 
        "dst_ip": "23.15.9.64", 
        "dst_port": "80", 
        "headers": {
            "ACCEPT": "*/*", 
            "ACCEPT-ENCODING": "gzip\\x2c deflate", 
            "ACCEPT-LANGUAGE": "en-US", 
            "CONNECTION": "keep-alive", 
            "HOST": "disneynetwork0-a.akamaihd.net", 
            "REFERER": "http://disneynetwork0-a.akamaihd.net/mobilenetwork/referralstore/bootstrap/", 
            "USER-AGENT": "Mozilla/5.0 (Linux; Android 5.1.1; Nexus 6 Build/LMY48I; wv) AppleWebKit/537.36 (KHTML\\x2c like Gecko) Version/4.0 Chrome/44.0.2403.117 Mobile Safari/537.36", 
            "X-REQUESTED-WITH": "com.disney.thoughtbubbles_goo"
        }, 
        "host": "disneynetwork0-a.akamaihd.net", 
        "is_host_ip": 0, 
        "label": 0, 
        "md5": null, 
        "method": "GET", 
        "package_name": "com.disney.thoughtbubbles_goo", 
        "pii_types": null, 
        "platform": "android", 
        "post_body": "-", 
        "referrer": "http://disneynetwork0-a.akamaihd.net/mobilenetwork/referralstore/bootstrap/", 
        "src_ip": "10.11.2.3", 
        "src_port": "52390", 
        "tk_flag": 0, 
        "ts": "1441739433.762063", 
        "uri": "/mobilenetwork/referralstore/bootstrap/lib/JSON.js", 
        "user_agent": "Mozilla/5.0 (Linux; Android 5.1.1; Nexus 6 Build/LMY48I; wv) AppleWebKit/537.36 (KHTML, like Gecko) Version/4.0 Chrome/44.0.2403.117 Mobile Safari/537.36"
    }, 
    "1441739433.763936,CXsxDEu8xagFCA2rl": {
        "domain": "akamaihd.net", 
        "dst_ip": "23.15.9.64", 
        "dst_port": "80", 
        "headers": {
            "ACCEPT": "*/*", 
            "ACCEPT-ENCODING": "gzip\\x2c deflate", 
            "ACCEPT-LANGUAGE": "en-US", 
            "CONNECTION": "keep-alive", 
            "HOST": "disneynetwork0-a.akamaihd.net", 
            "REFERER": "http://disneynetwork0-a.akamaihd.net/mobilenetwork/referralstore/bootstrap/", 
            "USER-AGENT": "Mozilla/5.0 (Linux; Android 5.1.1; Nexus 6 Build/LMY48I; wv) AppleWebKit/537.36 (KHTML\\x2c like Gecko) Version/4.0 Chrome/44.0.2403.117 Mobile Safari/537.36", 
            "X-REQUESTED-WITH": "com.disney.thoughtbubbles_goo"
        }, 
        "host": "disneynetwork0-a.akamaihd.net", 
        "is_host_ip": 0, 
        "label": 0, 
        "md5": null, 
        "method": "GET", 
        "package_name": "com.disney.thoughtbubbles_goo", 
        "pii_types": null, 
        "platform": "android", 
        "post_body": "-", 
        "referrer": "http://disneynetwork0-a.akamaihd.net/mobilenetwork/referralstore/bootstrap/", 
        "src_ip": "10.11.2.3", 
        "src_port": "52391", 
        "tk_flag": 0, 
        "ts": "1441739433.763936", 
        "uri": "/mobilenetwork/referralstore/bootstrap/lib/respond.min.js", 
        "user_agent": "Mozilla/5.0 (Linux; Android 5.1.1; Nexus 6 Build/LMY48I; wv) AppleWebKit/537.36 (KHTML, like Gecko) Version/4.0 Chrome/44.0.2403.117 Mobile Safari/537.36"
    }, 
    "1441739433.765620,CecpqB3GcVCT2Gy9K7": {
        "domain": "akamaihd.net", 
        "dst_ip": "23.15.9.64", 
        "dst_port": "80", 
        "headers": {
            "ACCEPT": "*/*", 
            "ACCEPT-ENCODING": "gzip\\x2c deflate", 
            "ACCEPT-LANGUAGE": "en-US", 
            "CONNECTION": "keep-alive", 
            "HOST": "disneynetwork0-a.akamaihd.net", 
            "REFERER": "http://disneynetwork0-a.akamaihd.net/mobilenetwork/referralstore/bootstrap/", 
            "USER-AGENT": "Mozilla/5.0 (Linux; Android 5.1.1; Nexus 6 Build/LMY48I; wv) AppleWebKit/537.36 (KHTML\\x2c like Gecko) Version/4.0 Chrome/44.0.2403.117 Mobile Safari/537.36", 
            "X-REQUESTED-WITH": "com.disney.thoughtbubbles_goo"
        }, 
        "host": "disneynetwork0-a.akamaihd.net", 
        "is_host_ip": 0, 
        "label": 0, 
        "md5": null, 
        "method": "GET", 
        "package_name": "com.disney.thoughtbubbles_goo", 
        "pii_types": null, 
        "platform": "android", 
        "post_body": "-", 
        "referrer": "http://disneynetwork0-a.akamaihd.net/mobilenetwork/referralstore/bootstrap/", 
        "src_ip": "10.11.2.3", 
        "src_port": "52392", 
        "tk_flag": 0, 
        "ts": "1441739433.765620", 
        "uri": "/mobilenetwork/referralstore/bootstrap/js/boot.js", 
        "user_agent": "Mozilla/5.0 (Linux; Android 5.1.1; Nexus 6 Build/LMY48I; wv) AppleWebKit/537.36 (KHTML, like Gecko) Version/4.0 Chrome/44.0.2403.117 Mobile Safari/537.36"
    }, 
    "1441739434.220086,CecpqB3GcVCT2Gy9K7": {
        "domain": "akamaihd.net", 
        "dst_ip": "23.15.9.64", 
        "dst_port": "80", 
        "headers": {
            "ACCEPT": "*/*", 
            "ACCEPT-ENCODING": "gzip\\x2c deflate", 
            "ACCEPT-LANGUAGE": "en-US", 
            "CONNECTION": "keep-alive", 
            "HOST": "disneynetwork0-a.akamaihd.net", 
            "REFERER": "http://disneynetwork0-a.akamaihd.net/mobilenetwork/referralstore/bootstrap/", 
            "USER-AGENT": "Mozilla/5.0 (Linux; Android 5.1.1; Nexus 6 Build/LMY48I; wv) AppleWebKit/537.36 (KHTML\\x2c like Gecko) Version/4.0 Chrome/44.0.2403.117 Mobile Safari/537.36", 
            "X-REQUESTED-WITH": "com.disney.thoughtbubbles_goo"
        }, 
        "host": "disneynetwork0-a.akamaihd.net", 
        "is_host_ip": 0, 
        "label": 0, 
        "md5": null, 
        "method": "GET", 
        "package_name": "com.disney.thoughtbubbles_goo", 
        "pii_types": null, 
        "platform": "android", 
        "post_body": "-", 
        "referrer": "http://disneynetwork0-a.akamaihd.net/mobilenetwork/referralstore/bootstrap/", 
        "src_ip": "10.11.2.3", 
        "src_port": "52392", 
        "tk_flag": 0, 
        "ts": "1441739434.220086", 
        "uri": "/favicon.ico", 
        "user_agent": "Mozilla/5.0 (Linux; Android 5.1.1; Nexus 6 Build/LMY48I; wv) AppleWebKit/537.36 (KHTML, like Gecko) Version/4.0 Chrome/44.0.2403.117 Mobile Safari/537.36"
    }, 
    "1441739434.222687,C5BWaf2GwTjMbtmefg": {
        "domain": "akamaihd.net", 
        "dst_ip": "23.15.9.64", 
        "dst_port": "80", 
        "headers": {
            "ACCEPT": "text/css\\x2c*/*;q=0.1", 
            "ACCEPT-ENCODING": "gzip\\x2c deflate", 
            "ACCEPT-LANGUAGE": "en-US", 
            "CONNECTION": "keep-alive", 
            "HOST": "disneynetwork0-a.akamaihd.net", 
            "REFERER": "http://disneynetwork0-a.akamaihd.net/mobilenetwork/referralstore/bootstrap/", 
            "USER-AGENT": "Mozilla/5.0 (Linux; Android 5.1.1; Nexus 6 Build/LMY48I; wv) AppleWebKit/537.36 (KHTML\\x2c like Gecko) Version/4.0 Chrome/44.0.2403.117 Mobile Safari/537.36", 
            "X-REQUESTED-WITH": "com.disney.thoughtbubbles_goo"
        }, 
        "host": "disneynetwork0-a.akamaihd.net", 
        "is_host_ip": 0, 
        "label": 0, 
        "md5": null, 
        "method": "GET", 
        "package_name": "com.disney.thoughtbubbles_goo", 
        "pii_types": null, 
        "platform": "android", 
        "post_body": "-", 
        "referrer": "http://disneynetwork0-a.akamaihd.net/mobilenetwork/referralstore/bootstrap/", 
        "src_ip": "10.11.2.3", 
        "src_port": "52389", 
        "tk_flag": 0, 
        "ts": "1441739434.222687", 
        "uri": "/mobilenetwork/referralstore/bootstrap/css/disney.css", 
        "user_agent": "Mozilla/5.0 (Linux; Android 5.1.1; Nexus 6 Build/LMY48I; wv) AppleWebKit/537.36 (KHTML, like Gecko) Version/4.0 Chrome/44.0.2403.117 Mobile Safari/537.36"
    }, 
    "1441739435.204822,CecpqB3GcVCT2Gy9K7": {
        "domain": "akamaihd.net", 
        "dst_ip": "23.15.9.64", 
        "dst_port": "80", 
        "headers": {
            "ACCEPT": "text/plain\\x2c */*; q=0.01", 
            "ACCEPT-ENCODING": "gzip\\x2c deflate", 
            "ACCEPT-LANGUAGE": "en-US", 
            "CONNECTION": "keep-alive", 
            "HOST": "disneynetwork0-a.akamaihd.net", 
            "REFERER": "http://disneynetwork0-a.akamaihd.net/mobilenetwork/referralstore/bootstrap/", 
            "USER-AGENT": "Mozilla/5.0 (Linux; Android 5.1.1; Nexus 6 Build/LMY48I; wv) AppleWebKit/537.36 (KHTML\\x2c like Gecko) Version/4.0 Chrome/44.0.2403.117 Mobile Safari/537.36", 
            "X-REQUESTED-WITH": "XMLHttpRequest"
        }, 
        "host": "disneynetwork0-a.akamaihd.net", 
        "is_host_ip": 0, 
        "label": 0, 
        "md5": null, 
        "method": "GET", 
        "package_name": "com.disney.thoughtbubbles_goo", 
        "pii_types": null, 
        "platform": "android", 
        "post_body": "-", 
        "referrer": "http://disneynetwork0-a.akamaihd.net/mobilenetwork/referralstore/bootstrap/", 
        "src_ip": "10.11.2.3", 
        "src_port": "52392", 
        "tk_flag": 0, 
        "ts": "1441739435.204822", 
        "uri": "/mobilenetwork/referralstore/storefronts/en-android-default/", 
        "user_agent": "Mozilla/5.0 (Linux; Android 5.1.1; Nexus 6 Build/LMY48I; wv) AppleWebKit/537.36 (KHTML, like Gecko) Version/4.0 Chrome/44.0.2403.117 Mobile Safari/537.36"
    }, 
    "1441739435.435710,CecpqB3GcVCT2Gy9K7": {
        "domain": "akamaihd.net", 
        "dst_ip": "23.15.9.64", 
        "dst_port": "80", 
        "headers": {
            "ACCEPT": "application/json\\x2c text/javascript\\x2c */*; q=0.01", 
            "ACCEPT-ENCODING": "gzip\\x2c deflate", 
            "ACCEPT-LANGUAGE": "en-US", 
            "CONNECTION": "keep-alive", 
            "HOST": "disneynetwork0-a.akamaihd.net", 
            "REFERER": "http://disneynetwork0-a.akamaihd.net/mobilenetwork/referralstore/bootstrap/", 
            "USER-AGENT": "Mozilla/5.0 (Linux; Android 5.1.1; Nexus 6 Build/LMY48I; wv) AppleWebKit/537.36 (KHTML\\x2c like Gecko) Version/4.0 Chrome/44.0.2403.117 Mobile Safari/537.36", 
            "X-REQUESTED-WITH": "XMLHttpRequest"
        }, 
        "host": "disneynetwork0-a.akamaihd.net", 
        "is_host_ip": 0, 
        "label": 0, 
        "md5": null, 
        "method": "GET", 
        "package_name": "com.disney.thoughtbubbles_goo", 
        "pii_types": null, 
        "platform": "android", 
        "post_body": "-", 
        "referrer": "http://disneynetwork0-a.akamaihd.net/mobilenetwork/referralstore/bootstrap/", 
        "src_ip": "10.11.2.3", 
        "src_port": "52392", 
        "tk_flag": 0, 
        "ts": "1441739435.435710", 
        "uri": "/mobilenetwork/referralstore/storefronts/en-android-default/analytics_data.json", 
        "user_agent": "Mozilla/5.0 (Linux; Android 5.1.1; Nexus 6 Build/LMY48I; wv) AppleWebKit/537.36 (KHTML, like Gecko) Version/4.0 Chrome/44.0.2403.117 Mobile Safari/537.36"
    }, 
    "1441739435.512314,C5BWaf2GwTjMbtmefg": {
        "domain": "akamaihd.net", 
        "dst_ip": "23.15.9.64", 
        "dst_port": "80", 
        "headers": {
            "ACCEPT": "image/webp\\x2c*/*;q=0.8", 
            "ACCEPT-ENCODING": "gzip\\x2c deflate", 
            "ACCEPT-LANGUAGE": "en-US", 
            "CONNECTION": "keep-alive", 
            "HOST": "disneynetwork0-a.akamaihd.net", 
            "REFERER": "http://disneynetwork0-a.akamaihd.net/mobilenetwork/referralstore/bootstrap/", 
            "USER-AGENT": "Mozilla/5.0 (Linux; Android 5.1.1; Nexus 6 Build/LMY48I; wv) AppleWebKit/537.36 (KHTML\\x2c like Gecko) Version/4.0 Chrome/44.0.2403.117 Mobile Safari/537.36", 
            "X-REQUESTED-WITH": "com.disney.thoughtbubbles_goo"
        }, 
        "host": "disneynetwork0-a.akamaihd.net", 
        "is_host_ip": 0, 
        "label": 0, 
        "md5": null, 
        "method": "GET", 
        "package_name": "com.disney.thoughtbubbles_goo", 
        "pii_types": null, 
        "platform": "android", 
        "post_body": "-", 
        "referrer": "http://disneynetwork0-a.akamaihd.net/mobilenetwork/referralstore/bootstrap/", 
        "src_ip": "10.11.2.3", 
        "src_port": "52389", 
        "tk_flag": 0, 
        "ts": "1441739435.512314", 
        "uri": "/mobilenetwork/referralstore/bootstrap/images/disney_logo.png", 
        "user_agent": "Mozilla/5.0 (Linux; Android 5.1.1; Nexus 6 Build/LMY48I; wv) AppleWebKit/537.36 (KHTML, like Gecko) Version/4.0 Chrome/44.0.2403.117 Mobile Safari/537.36"
    }, 
    "1441739435.518221,CXsxDEu8xagFCA2rl": {
        "domain": "akamaihd.net", 
        "dst_ip": "23.15.9.64", 
        "dst_port": "80", 
        "headers": {
            "ACCEPT": "image/webp\\x2c*/*;q=0.8", 
            "ACCEPT-ENCODING": "gzip\\x2c deflate", 
            "ACCEPT-LANGUAGE": "en-US", 
            "CONNECTION": "keep-alive", 
            "HOST": "disneynetwork0-a.akamaihd.net", 
            "REFERER": "http://disneynetwork0-a.akamaihd.net/mobilenetwork/referralstore/bootstrap/", 
            "USER-AGENT": "Mozilla/5.0 (Linux; Android 5.1.1; Nexus 6 Build/LMY48I; wv) AppleWebKit/537.36 (KHTML\\x2c like Gecko) Version/4.0 Chrome/44.0.2403.117 Mobile Safari/537.36", 
            "X-REQUESTED-WITH": "com.disney.thoughtbubbles_goo"
        }, 
        "host": "disneynetwork0-a.akamaihd.net", 
        "is_host_ip": 0, 
        "label": 0, 
        "md5": null, 
        "method": "GET", 
        "package_name": "com.disney.thoughtbubbles_goo", 
        "pii_types": null, 
        "platform": "android", 
        "post_body": "-", 
        "referrer": "http://disneynetwork0-a.akamaihd.net/mobilenetwork/referralstore/bootstrap/", 
        "src_ip": "10.11.2.3", 
        "src_port": "52391", 
        "tk_flag": 0, 
        "ts": "1441739435.518221", 
        "uri": "/mobilenetwork/referralstore/bootstrap/images/hero/5582d48ee4b0653c9da59d1d", 
        "user_agent": "Mozilla/5.0 (Linux; Android 5.1.1; Nexus 6 Build/LMY48I; wv) AppleWebKit/537.36 (KHTML, like Gecko) Version/4.0 Chrome/44.0.2403.117 Mobile Safari/537.36"
    }, 
    "1441739435.520178,CGfMGl2SwHFQUj75D2": {
        "domain": "akamaihd.net", 
        "dst_ip": "23.15.9.64", 
        "dst_port": "80", 
        "headers": {
            "ACCEPT": "image/webp\\x2c*/*;q=0.8", 
            "ACCEPT-ENCODING": "gzip\\x2c deflate", 
            "ACCEPT-LANGUAGE": "en-US", 
            "CONNECTION": "keep-alive", 
            "HOST": "disneynetwork0-a.akamaihd.net", 
            "REFERER": "http://disneynetwork0-a.akamaihd.net/mobilenetwork/referralstore/bootstrap/", 
            "USER-AGENT": "Mozilla/5.0 (Linux; Android 5.1.1; Nexus 6 Build/LMY48I; wv) AppleWebKit/537.36 (KHTML\\x2c like Gecko) Version/4.0 Chrome/44.0.2403.117 Mobile Safari/537.36", 
            "X-REQUESTED-WITH": "com.disney.thoughtbubbles_goo"
        }, 
        "host": "disneynetwork0-a.akamaihd.net", 
        "is_host_ip": 0, 
        "label": 0, 
        "md5": null, 
        "method": "GET", 
        "package_name": "com.disney.thoughtbubbles_goo", 
        "pii_types": null, 
        "platform": "android", 
        "post_body": "-", 
        "referrer": "http://disneynetwork0-a.akamaihd.net/mobilenetwork/referralstore/bootstrap/", 
        "src_ip": "10.11.2.3", 
        "src_port": "52390", 
        "tk_flag": 0, 
        "ts": "1441739435.520178", 
        "uri": "/mobilenetwork/referralstore/bootstrap/images/hero/5501d044e4b06902205ac87d", 
        "user_agent": "Mozilla/5.0 (Linux; Android 5.1.1; Nexus 6 Build/LMY48I; wv) AppleWebKit/537.36 (KHTML, like Gecko) Version/4.0 Chrome/44.0.2403.117 Mobile Safari/537.36"
    }, 
    "1441739435.520367,CijxqY3he8N8ccn8b6": {
        "domain": "akamaihd.net", 
        "dst_ip": "23.15.9.64", 
        "dst_port": "80", 
        "headers": {
            "ACCEPT": "image/webp\\x2c*/*;q=0.8", 
            "ACCEPT-ENCODING": "gzip\\x2c deflate", 
            "ACCEPT-LANGUAGE": "en-US", 
            "CONNECTION": "keep-alive", 
            "HOST": "disneynetwork0-a.akamaihd.net", 
            "REFERER": "http://disneynetwork0-a.akamaihd.net/mobilenetwork/referralstore/bootstrap/", 
            "USER-AGENT": "Mozilla/5.0 (Linux; Android 5.1.1; Nexus 6 Build/LMY48I; wv) AppleWebKit/537.36 (KHTML\\x2c like Gecko) Version/4.0 Chrome/44.0.2403.117 Mobile Safari/537.36", 
            "X-REQUESTED-WITH": "com.disney.thoughtbubbles_goo"
        }, 
        "host": "disneynetwork0-a.akamaihd.net", 
        "is_host_ip": 0, 
        "label": 0, 
        "md5": null, 
        "method": "GET", 
        "package_name": "com.disney.thoughtbubbles_goo", 
        "pii_types": null, 
        "platform": "android", 
        "post_body": "-", 
        "referrer": "http://disneynetwork0-a.akamaihd.net/mobilenetwork/referralstore/bootstrap/", 
        "src_ip": "10.11.2.3", 
        "src_port": "52388", 
        "tk_flag": 0, 
        "ts": "1441739435.520367", 
        "uri": "/mobilenetwork/referralstore/bootstrap/images/hero/5230cab0e4b0361828fa0aae", 
        "user_agent": "Mozilla/5.0 (Linux; Android 5.1.1; Nexus 6 Build/LMY48I; wv) AppleWebKit/537.36 (KHTML, like Gecko) Version/4.0 Chrome/44.0.2403.117 Mobile Safari/537.36"
    }, 
    "1441739435.610215,CecpqB3GcVCT2Gy9K7": {
        "domain": "akamaihd.net", 
        "dst_ip": "23.15.9.64", 
        "dst_port": "80", 
        "headers": {
            "ACCEPT": "image/webp\\x2c*/*;q=0.8", 
            "ACCEPT-ENCODING": "gzip\\x2c deflate", 
            "ACCEPT-LANGUAGE": "en-US", 
            "CONNECTION": "keep-alive", 
            "HOST": "disneynetwork0-a.akamaihd.net", 
            "REFERER": "http://disneynetwork0-a.akamaihd.net/mobilenetwork/referralstore/bootstrap/", 
            "USER-AGENT": "Mozilla/5.0 (Linux; Android 5.1.1; Nexus 6 Build/LMY48I; wv) AppleWebKit/537.36 (KHTML\\x2c like Gecko) Version/4.0 Chrome/44.0.2403.117 Mobile Safari/537.36", 
            "X-REQUESTED-WITH": "com.disney.thoughtbubbles_goo"
        }, 
        "host": "disneynetwork0-a.akamaihd.net", 
        "is_host_ip": 0, 
        "label": 0, 
        "md5": null, 
        "method": "GET", 
        "package_name": "com.disney.thoughtbubbles_goo", 
        "pii_types": null, 
        "platform": "android", 
        "post_body": "-", 
        "referrer": "http://disneynetwork0-a.akamaihd.net/mobilenetwork/referralstore/bootstrap/", 
        "src_ip": "10.11.2.3", 
        "src_port": "52392", 
        "tk_flag": 0, 
        "ts": "1441739435.610215", 
        "uri": "/mobilenetwork/referralstore/bootstrap/images/hero/535941d3e4b0a13ff597800a", 
        "user_agent": "Mozilla/5.0 (Linux; Android 5.1.1; Nexus 6 Build/LMY48I; wv) AppleWebKit/537.36 (KHTML, like Gecko) Version/4.0 Chrome/44.0.2403.117 Mobile Safari/537.36"
    }, 
    "1441739435.645977,ClWq4635r2n4QLOhN4": {
        "domain": "akamaihd.net", 
        "dst_ip": "23.15.9.64", 
        "dst_port": "80", 
        "headers": {
            "ACCEPT": "image/webp\\x2c*/*;q=0.8", 
            "ACCEPT-ENCODING": "gzip\\x2c deflate", 
            "ACCEPT-LANGUAGE": "en-US", 
            "CONNECTION": "keep-alive", 
            "HOST": "disneynetwork0-a.akamaihd.net", 
            "REFERER": "http://disneynetwork0-a.akamaihd.net/mobilenetwork/referralstore/bootstrap/", 
            "USER-AGENT": "Mozilla/5.0 (Linux; Android 5.1.1; Nexus 6 Build/LMY48I; wv) AppleWebKit/537.36 (KHTML\\x2c like Gecko) Version/4.0 Chrome/44.0.2403.117 Mobile Safari/537.36", 
            "X-REQUESTED-WITH": "com.disney.thoughtbubbles_goo"
        }, 
        "host": "disneynetwork0-a.akamaihd.net", 
        "is_host_ip": 0, 
        "label": 0, 
        "md5": null, 
        "method": "GET", 
        "package_name": "com.disney.thoughtbubbles_goo", 
        "pii_types": null, 
        "platform": "android", 
        "post_body": "-", 
        "referrer": "http://disneynetwork0-a.akamaihd.net/mobilenetwork/referralstore/bootstrap/", 
        "src_ip": "10.11.2.3", 
        "src_port": "52394", 
        "tk_flag": 0, 
        "ts": "1441739435.645977", 
        "uri": "/mobilenetwork/referralstore/bootstrap/images/hero/51faa04ee4b0f7e369c661f0", 
        "user_agent": "Mozilla/5.0 (Linux; Android 5.1.1; Nexus 6 Build/LMY48I; wv) AppleWebKit/537.36 (KHTML, like Gecko) Version/4.0 Chrome/44.0.2403.117 Mobile Safari/537.36"
    }, 
    "1441739435.800595,C5BWaf2GwTjMbtmefg": {
        "domain": "akamaihd.net", 
        "dst_ip": "23.15.9.64", 
        "dst_port": "80", 
        "headers": {
            "ACCEPT": "image/webp\\x2c*/*;q=0.8", 
            "ACCEPT-ENCODING": "gzip\\x2c deflate", 
            "ACCEPT-LANGUAGE": "en-US", 
            "CONNECTION": "keep-alive", 
            "HOST": "disneynetwork0-a.akamaihd.net", 
            "REFERER": "http://disneynetwork0-a.akamaihd.net/mobilenetwork/referralstore/bootstrap/css/disney.css", 
            "USER-AGENT": "Mozilla/5.0 (Linux; Android 5.1.1; Nexus 6 Build/LMY48I; wv) AppleWebKit/537.36 (KHTML\\x2c like Gecko) Version/4.0 Chrome/44.0.2403.117 Mobile Safari/537.36", 
            "X-REQUESTED-WITH": "com.disney.thoughtbubbles_goo"
        }, 
        "host": "disneynetwork0-a.akamaihd.net", 
        "is_host_ip": 0, 
        "label": 0, 
        "md5": null, 
        "method": "GET", 
        "package_name": "com.disney.thoughtbubbles_goo", 
        "pii_types": null, 
        "platform": "android", 
        "post_body": "-", 
        "referrer": "http://disneynetwork0-a.akamaihd.net/mobilenetwork/referralstore/bootstrap/css/disney.css", 
        "src_ip": "10.11.2.3", 
        "src_port": "52389", 
        "tk_flag": 0, 
        "ts": "1441739435.800595", 
        "uri": "/mobilenetwork/referralstore/bootstrap/images/arrow02.png", 
        "user_agent": "Mozilla/5.0 (Linux; Android 5.1.1; Nexus 6 Build/LMY48I; wv) AppleWebKit/537.36 (KHTML, like Gecko) Version/4.0 Chrome/44.0.2403.117 Mobile Safari/537.36"
    }, 
    "1441739435.970165,CGfMGl2SwHFQUj75D2": {
        "domain": "akamaihd.net", 
        "dst_ip": "23.15.9.64", 
        "dst_port": "80", 
        "headers": {
            "ACCEPT": "image/webp\\x2c*/*;q=0.8", 
            "ACCEPT-ENCODING": "gzip\\x2c deflate", 
            "ACCEPT-LANGUAGE": "en-US", 
            "CONNECTION": "keep-alive", 
            "HOST": "disneynetwork0-a.akamaihd.net", 
            "REFERER": "http://disneynetwork0-a.akamaihd.net/mobilenetwork/referralstore/bootstrap/", 
            "USER-AGENT": "Mozilla/5.0 (Linux; Android 5.1.1; Nexus 6 Build/LMY48I; wv) AppleWebKit/537.36 (KHTML\\x2c like Gecko) Version/4.0 Chrome/44.0.2403.117 Mobile Safari/537.36", 
            "X-REQUESTED-WITH": "com.disney.thoughtbubbles_goo"
        }, 
        "host": "disneynetwork0-a.akamaihd.net", 
        "is_host_ip": 0, 
        "label": 0, 
        "md5": null, 
        "method": "GET", 
        "package_name": "com.disney.thoughtbubbles_goo", 
        "pii_types": null, 
        "platform": "android", 
        "post_body": "-", 
        "referrer": "http://disneynetwork0-a.akamaihd.net/mobilenetwork/referralstore/bootstrap/", 
        "src_ip": "10.11.2.3", 
        "src_port": "52390", 
        "tk_flag": 0, 
        "ts": "1441739435.970165", 
        "uri": "/mobilenetwork/referralstore/bootstrap/images/titles/545a7340e4b0b3f25bef252f", 
        "user_agent": "Mozilla/5.0 (Linux; Android 5.1.1; Nexus 6 Build/LMY48I; wv) AppleWebKit/537.36 (KHTML, like Gecko) Version/4.0 Chrome/44.0.2403.117 Mobile Safari/537.36"
    }, 
    "1441739436.125631,CijxqY3he8N8ccn8b6": {
        "domain": "akamaihd.net", 
        "dst_ip": "23.15.9.64", 
        "dst_port": "80", 
        "headers": {
            "ACCEPT": "image/webp\\x2c*/*;q=0.8", 
            "ACCEPT-ENCODING": "gzip\\x2c deflate", 
            "ACCEPT-LANGUAGE": "en-US", 
            "CONNECTION": "keep-alive", 
            "HOST": "disneynetwork0-a.akamaihd.net", 
            "REFERER": "http://disneynetwork0-a.akamaihd.net/mobilenetwork/referralstore/bootstrap/", 
            "USER-AGENT": "Mozilla/5.0 (Linux; Android 5.1.1; Nexus 6 Build/LMY48I; wv) AppleWebKit/537.36 (KHTML\\x2c like Gecko) Version/4.0 Chrome/44.0.2403.117 Mobile Safari/537.36", 
            "X-REQUESTED-WITH": "com.disney.thoughtbubbles_goo"
        }, 
        "host": "disneynetwork0-a.akamaihd.net", 
        "is_host_ip": 0, 
        "label": 0, 
        "md5": null, 
        "method": "GET", 
        "package_name": "com.disney.thoughtbubbles_goo", 
        "pii_types": null, 
        "platform": "android", 
        "post_body": "-", 
        "referrer": "http://disneynetwork0-a.akamaihd.net/mobilenetwork/referralstore/bootstrap/", 
        "src_ip": "10.11.2.3", 
        "src_port": "52388", 
        "tk_flag": 0, 
        "ts": "1441739436.125631", 
        "uri": "/mobilenetwork/referralstore/bootstrap/images/titles/554aa927e4b028ba41b32a84", 
        "user_agent": "Mozilla/5.0 (Linux; Android 5.1.1; Nexus 6 Build/LMY48I; wv) AppleWebKit/537.36 (KHTML, like Gecko) Version/4.0 Chrome/44.0.2403.117 Mobile Safari/537.36"
    }, 
    "1441739436.132581,CXsxDEu8xagFCA2rl": {
        "domain": "akamaihd.net", 
        "dst_ip": "23.15.9.64", 
        "dst_port": "80", 
        "headers": {
            "ACCEPT": "image/webp\\x2c*/*;q=0.8", 
            "ACCEPT-ENCODING": "gzip\\x2c deflate", 
            "ACCEPT-LANGUAGE": "en-US", 
            "CONNECTION": "keep-alive", 
            "HOST": "disneynetwork0-a.akamaihd.net", 
            "REFERER": "http://disneynetwork0-a.akamaihd.net/mobilenetwork/referralstore/bootstrap/", 
            "USER-AGENT": "Mozilla/5.0 (Linux; Android 5.1.1; Nexus 6 Build/LMY48I; wv) AppleWebKit/537.36 (KHTML\\x2c like Gecko) Version/4.0 Chrome/44.0.2403.117 Mobile Safari/537.36", 
            "X-REQUESTED-WITH": "com.disney.thoughtbubbles_goo"
        }, 
        "host": "disneynetwork0-a.akamaihd.net", 
        "is_host_ip": 0, 
        "label": 0, 
        "md5": null, 
        "method": "GET", 
        "package_name": "com.disney.thoughtbubbles_goo", 
        "pii_types": null, 
        "platform": "android", 
        "post_body": "-", 
        "referrer": "http://disneynetwork0-a.akamaihd.net/mobilenetwork/referralstore/bootstrap/", 
        "src_ip": "10.11.2.3", 
        "src_port": "52391", 
        "tk_flag": 0, 
        "ts": "1441739436.132581", 
        "uri": "/mobilenetwork/referralstore/bootstrap/images/titles/5230ca15e4b0ca88b807d041", 
        "user_agent": "Mozilla/5.0 (Linux; Android 5.1.1; Nexus 6 Build/LMY48I; wv) AppleWebKit/537.36 (KHTML, like Gecko) Version/4.0 Chrome/44.0.2403.117 Mobile Safari/537.36"
    }, 
    "1441739436.217483,ClWq4635r2n4QLOhN4": {
        "domain": "akamaihd.net", 
        "dst_ip": "23.15.9.64", 
        "dst_port": "80", 
        "headers": {
            "ACCEPT": "image/webp\\x2c*/*;q=0.8", 
            "ACCEPT-ENCODING": "gzip\\x2c deflate", 
            "ACCEPT-LANGUAGE": "en-US", 
            "CONNECTION": "keep-alive", 
            "HOST": "disneynetwork0-a.akamaihd.net", 
            "REFERER": "http://disneynetwork0-a.akamaihd.net/mobilenetwork/referralstore/bootstrap/", 
            "USER-AGENT": "Mozilla/5.0 (Linux; Android 5.1.1; Nexus 6 Build/LMY48I; wv) AppleWebKit/537.36 (KHTML\\x2c like Gecko) Version/4.0 Chrome/44.0.2403.117 Mobile Safari/537.36", 
            "X-REQUESTED-WITH": "com.disney.thoughtbubbles_goo"
        }, 
        "host": "disneynetwork0-a.akamaihd.net", 
        "is_host_ip": 0, 
        "label": 0, 
        "md5": null, 
        "method": "GET", 
        "package_name": "com.disney.thoughtbubbles_goo", 
        "pii_types": null, 
        "platform": "android", 
        "post_body": "-", 
        "referrer": "http://disneynetwork0-a.akamaihd.net/mobilenetwork/referralstore/bootstrap/", 
        "src_ip": "10.11.2.3", 
        "src_port": "52394", 
        "tk_flag": 0, 
        "ts": "1441739436.217483", 
        "uri": "/mobilenetwork/referralstore/bootstrap/images/titles/51fa9f07e4b0a35e2009ccef", 
        "user_agent": "Mozilla/5.0 (Linux; Android 5.1.1; Nexus 6 Build/LMY48I; wv) AppleWebKit/537.36 (KHTML, like Gecko) Version/4.0 Chrome/44.0.2403.117 Mobile Safari/537.36"
    }, 
    "1441739436.264260,CGfMGl2SwHFQUj75D2": {
        "domain": "akamaihd.net", 
        "dst_ip": "23.15.9.64", 
        "dst_port": "80", 
        "headers": {
            "ACCEPT": "image/webp\\x2c*/*;q=0.8", 
            "ACCEPT-ENCODING": "gzip\\x2c deflate", 
            "ACCEPT-LANGUAGE": "en-US", 
            "CONNECTION": "keep-alive", 
            "HOST": "disneynetwork0-a.akamaihd.net", 
            "REFERER": "http://disneynetwork0-a.akamaihd.net/mobilenetwork/referralstore/bootstrap/", 
            "USER-AGENT": "Mozilla/5.0 (Linux; Android 5.1.1; Nexus 6 Build/LMY48I; wv) AppleWebKit/537.36 (KHTML\\x2c like Gecko) Version/4.0 Chrome/44.0.2403.117 Mobile Safari/537.36", 
            "X-REQUESTED-WITH": "com.disney.thoughtbubbles_goo"
        }, 
        "host": "disneynetwork0-a.akamaihd.net", 
        "is_host_ip": 0, 
        "label": 0, 
        "md5": null, 
        "method": "GET", 
        "package_name": "com.disney.thoughtbubbles_goo", 
        "pii_types": null, 
        "platform": "android", 
        "post_body": "-", 
        "referrer": "http://disneynetwork0-a.akamaihd.net/mobilenetwork/referralstore/bootstrap/", 
        "src_ip": "10.11.2.3", 
        "src_port": "52390", 
        "tk_flag": 0, 
        "ts": "1441739436.264260", 
        "uri": "/mobilenetwork/referralstore/bootstrap/images/titles/555e15cce4b0c46032711fcd", 
        "user_agent": "Mozilla/5.0 (Linux; Android 5.1.1; Nexus 6 Build/LMY48I; wv) AppleWebKit/537.36 (KHTML, like Gecko) Version/4.0 Chrome/44.0.2403.117 Mobile Safari/537.36"
    }, 
    "1441739436.289754,CecpqB3GcVCT2Gy9K7": {
        "domain": "akamaihd.net", 
        "dst_ip": "23.15.9.64", 
        "dst_port": "80", 
        "headers": {
            "ACCEPT": "image/webp\\x2c*/*;q=0.8", 
            "ACCEPT-ENCODING": "gzip\\x2c deflate", 
            "ACCEPT-LANGUAGE": "en-US", 
            "CONNECTION": "keep-alive", 
            "HOST": "disneynetwork0-a.akamaihd.net", 
            "REFERER": "http://disneynetwork0-a.akamaihd.net/mobilenetwork/referralstore/bootstrap/", 
            "USER-AGENT": "Mozilla/5.0 (Linux; Android 5.1.1; Nexus 6 Build/LMY48I; wv) AppleWebKit/537.36 (KHTML\\x2c like Gecko) Version/4.0 Chrome/44.0.2403.117 Mobile Safari/537.36", 
            "X-REQUESTED-WITH": "com.disney.thoughtbubbles_goo"
        }, 
        "host": "disneynetwork0-a.akamaihd.net", 
        "is_host_ip": 0, 
        "label": 0, 
        "md5": null, 
        "method": "GET", 
        "package_name": "com.disney.thoughtbubbles_goo", 
        "pii_types": null, 
        "platform": "android", 
        "post_body": "-", 
        "referrer": "http://disneynetwork0-a.akamaihd.net/mobilenetwork/referralstore/bootstrap/", 
        "src_ip": "10.11.2.3", 
        "src_port": "52392", 
        "tk_flag": 0, 
        "ts": "1441739436.289754", 
        "uri": "/mobilenetwork/referralstore/bootstrap/images/titles/5457e459e4b07d07d095a6ac", 
        "user_agent": "Mozilla/5.0 (Linux; Android 5.1.1; Nexus 6 Build/LMY48I; wv) AppleWebKit/537.36 (KHTML, like Gecko) Version/4.0 Chrome/44.0.2403.117 Mobile Safari/537.36"
    }, 
    "1441739436.439043,CijxqY3he8N8ccn8b6": {
        "domain": "akamaihd.net", 
        "dst_ip": "23.15.9.64", 
        "dst_port": "80", 
        "headers": {
            "ACCEPT": "image/webp\\x2c*/*;q=0.8", 
            "ACCEPT-ENCODING": "gzip\\x2c deflate", 
            "ACCEPT-LANGUAGE": "en-US", 
            "CONNECTION": "keep-alive", 
            "HOST": "disneynetwork0-a.akamaihd.net", 
            "REFERER": "http://disneynetwork0-a.akamaihd.net/mobilenetwork/referralstore/bootstrap/", 
            "USER-AGENT": "Mozilla/5.0 (Linux; Android 5.1.1; Nexus 6 Build/LMY48I; wv) AppleWebKit/537.36 (KHTML\\x2c like Gecko) Version/4.0 Chrome/44.0.2403.117 Mobile Safari/537.36", 
            "X-REQUESTED-WITH": "com.disney.thoughtbubbles_goo"
        }, 
        "host": "disneynetwork0-a.akamaihd.net", 
        "is_host_ip": 0, 
        "label": 0, 
        "md5": null, 
        "method": "GET", 
        "package_name": "com.disney.thoughtbubbles_goo", 
        "pii_types": null, 
        "platform": "android", 
        "post_body": "-", 
        "referrer": "http://disneynetwork0-a.akamaihd.net/mobilenetwork/referralstore/bootstrap/", 
        "src_ip": "10.11.2.3", 
        "src_port": "52388", 
        "tk_flag": 0, 
        "ts": "1441739436.439043", 
        "uri": "/mobilenetwork/referralstore/bootstrap/images/titles/559300aee4b0d298678311ba", 
        "user_agent": "Mozilla/5.0 (Linux; Android 5.1.1; Nexus 6 Build/LMY48I; wv) AppleWebKit/537.36 (KHTML, like Gecko) Version/4.0 Chrome/44.0.2403.117 Mobile Safari/537.36"
    }, 
    "1441739436.439368,CXsxDEu8xagFCA2rl": {
        "domain": "akamaihd.net", 
        "dst_ip": "23.15.9.64", 
        "dst_port": "80", 
        "headers": {
            "ACCEPT": "image/webp\\x2c*/*;q=0.8", 
            "ACCEPT-ENCODING": "gzip\\x2c deflate", 
            "ACCEPT-LANGUAGE": "en-US", 
            "CONNECTION": "keep-alive", 
            "HOST": "disneynetwork0-a.akamaihd.net", 
            "REFERER": "http://disneynetwork0-a.akamaihd.net/mobilenetwork/referralstore/bootstrap/", 
            "USER-AGENT": "Mozilla/5.0 (Linux; Android 5.1.1; Nexus 6 Build/LMY48I; wv) AppleWebKit/537.36 (KHTML\\x2c like Gecko) Version/4.0 Chrome/44.0.2403.117 Mobile Safari/537.36", 
            "X-REQUESTED-WITH": "com.disney.thoughtbubbles_goo"
        }, 
        "host": "disneynetwork0-a.akamaihd.net", 
        "is_host_ip": 0, 
        "label": 0, 
        "md5": null, 
        "method": "GET", 
        "package_name": "com.disney.thoughtbubbles_goo", 
        "pii_types": null, 
        "platform": "android", 
        "post_body": "-", 
        "referrer": "http://disneynetwork0-a.akamaihd.net/mobilenetwork/referralstore/bootstrap/", 
        "src_ip": "10.11.2.3", 
        "src_port": "52391", 
        "tk_flag": 0, 
        "ts": "1441739436.439368", 
        "uri": "/mobilenetwork/referralstore/bootstrap/images/titles/5582d258e4b066a59e17a1af", 
        "user_agent": "Mozilla/5.0 (Linux; Android 5.1.1; Nexus 6 Build/LMY48I; wv) AppleWebKit/537.36 (KHTML, like Gecko) Version/4.0 Chrome/44.0.2403.117 Mobile Safari/537.36"
    }, 
    "1441739436.451820,C5BWaf2GwTjMbtmefg": {
        "domain": "akamaihd.net", 
        "dst_ip": "23.15.9.64", 
        "dst_port": "80", 
        "headers": {
            "ACCEPT": "image/webp\\x2c*/*;q=0.8", 
            "ACCEPT-ENCODING": "gzip\\x2c deflate", 
            "ACCEPT-LANGUAGE": "en-US", 
            "CONNECTION": "keep-alive", 
            "HOST": "disneynetwork0-a.akamaihd.net", 
            "REFERER": "http://disneynetwork0-a.akamaihd.net/mobilenetwork/referralstore/bootstrap/", 
            "USER-AGENT": "Mozilla/5.0 (Linux; Android 5.1.1; Nexus 6 Build/LMY48I; wv) AppleWebKit/537.36 (KHTML\\x2c like Gecko) Version/4.0 Chrome/44.0.2403.117 Mobile Safari/537.36", 
            "X-REQUESTED-WITH": "com.disney.thoughtbubbles_goo"
        }, 
        "host": "disneynetwork0-a.akamaihd.net", 
        "is_host_ip": 0, 
        "label": 0, 
        "md5": null, 
        "method": "GET", 
        "package_name": "com.disney.thoughtbubbles_goo", 
        "pii_types": null, 
        "platform": "android", 
        "post_body": "-", 
        "referrer": "http://disneynetwork0-a.akamaihd.net/mobilenetwork/referralstore/bootstrap/", 
        "src_ip": "10.11.2.3", 
        "src_port": "52389", 
        "tk_flag": 0, 
        "ts": "1441739436.451820", 
        "uri": "/mobilenetwork/referralstore/bootstrap/images/titles/52051760e4b061e5e1681775", 
        "user_agent": "Mozilla/5.0 (Linux; Android 5.1.1; Nexus 6 Build/LMY48I; wv) AppleWebKit/537.36 (KHTML, like Gecko) Version/4.0 Chrome/44.0.2403.117 Mobile Safari/537.36"
    }, 
    "1441739436.508368,ClWq4635r2n4QLOhN4": {
        "domain": "akamaihd.net", 
        "dst_ip": "23.15.9.64", 
        "dst_port": "80", 
        "headers": {
            "ACCEPT": "image/webp\\x2c*/*;q=0.8", 
            "ACCEPT-ENCODING": "gzip\\x2c deflate", 
            "ACCEPT-LANGUAGE": "en-US", 
            "CONNECTION": "keep-alive", 
            "HOST": "disneynetwork0-a.akamaihd.net", 
            "REFERER": "http://disneynetwork0-a.akamaihd.net/mobilenetwork/referralstore/bootstrap/", 
            "USER-AGENT": "Mozilla/5.0 (Linux; Android 5.1.1; Nexus 6 Build/LMY48I; wv) AppleWebKit/537.36 (KHTML\\x2c like Gecko) Version/4.0 Chrome/44.0.2403.117 Mobile Safari/537.36", 
            "X-REQUESTED-WITH": "com.disney.thoughtbubbles_goo"
        }, 
        "host": "disneynetwork0-a.akamaihd.net", 
        "is_host_ip": 0, 
        "label": 0, 
        "md5": null, 
        "method": "GET", 
        "package_name": "com.disney.thoughtbubbles_goo", 
        "pii_types": null, 
        "platform": "android", 
        "post_body": "-", 
        "referrer": "http://disneynetwork0-a.akamaihd.net/mobilenetwork/referralstore/bootstrap/", 
        "src_ip": "10.11.2.3", 
        "src_port": "52394", 
        "tk_flag": 0, 
        "ts": "1441739436.508368", 
        "uri": "/mobilenetwork/referralstore/bootstrap/images/hero/5457e46be4b059e3106eaeb9", 
        "user_agent": "Mozilla/5.0 (Linux; Android 5.1.1; Nexus 6 Build/LMY48I; wv) AppleWebKit/537.36 (KHTML, like Gecko) Version/4.0 Chrome/44.0.2403.117 Mobile Safari/537.36"
    }, 
    "1441739436.559310,CGfMGl2SwHFQUj75D2": {
        "domain": "akamaihd.net", 
        "dst_ip": "23.15.9.64", 
        "dst_port": "80", 
        "headers": {
            "ACCEPT": "image/webp\\x2c*/*;q=0.8", 
            "ACCEPT-ENCODING": "gzip\\x2c deflate", 
            "ACCEPT-LANGUAGE": "en-US", 
            "CONNECTION": "keep-alive", 
            "HOST": "disneynetwork0-a.akamaihd.net", 
            "REFERER": "http://disneynetwork0-a.akamaihd.net/mobilenetwork/referralstore/bootstrap/", 
            "USER-AGENT": "Mozilla/5.0 (Linux; Android 5.1.1; Nexus 6 Build/LMY48I; wv) AppleWebKit/537.36 (KHTML\\x2c like Gecko) Version/4.0 Chrome/44.0.2403.117 Mobile Safari/537.36", 
            "X-REQUESTED-WITH": "com.disney.thoughtbubbles_goo"
        }, 
        "host": "disneynetwork0-a.akamaihd.net", 
        "is_host_ip": 0, 
        "label": 0, 
        "md5": null, 
        "method": "GET", 
        "package_name": "com.disney.thoughtbubbles_goo", 
        "pii_types": null, 
        "platform": "android", 
        "post_body": "-", 
        "referrer": "http://disneynetwork0-a.akamaihd.net/mobilenetwork/referralstore/bootstrap/", 
        "src_ip": "10.11.2.3", 
        "src_port": "52390", 
        "tk_flag": 0, 
        "ts": "1441739436.559310", 
        "uri": "/mobilenetwork/referralstore/bootstrap/images/titles/53a21ceae4b0429c94e08f52", 
        "user_agent": "Mozilla/5.0 (Linux; Android 5.1.1; Nexus 6 Build/LMY48I; wv) AppleWebKit/537.36 (KHTML, like Gecko) Version/4.0 Chrome/44.0.2403.117 Mobile Safari/537.36"
    }, 
    "1441739436.586764,CecpqB3GcVCT2Gy9K7": {
        "domain": "akamaihd.net", 
        "dst_ip": "23.15.9.64", 
        "dst_port": "80", 
        "headers": {
            "ACCEPT": "image/webp\\x2c*/*;q=0.8", 
            "ACCEPT-ENCODING": "gzip\\x2c deflate", 
            "ACCEPT-LANGUAGE": "en-US", 
            "CONNECTION": "keep-alive", 
            "HOST": "disneynetwork0-a.akamaihd.net", 
            "REFERER": "http://disneynetwork0-a.akamaihd.net/mobilenetwork/referralstore/bootstrap/", 
            "USER-AGENT": "Mozilla/5.0 (Linux; Android 5.1.1; Nexus 6 Build/LMY48I; wv) AppleWebKit/537.36 (KHTML\\x2c like Gecko) Version/4.0 Chrome/44.0.2403.117 Mobile Safari/537.36", 
            "X-REQUESTED-WITH": "com.disney.thoughtbubbles_goo"
        }, 
        "host": "disneynetwork0-a.akamaihd.net", 
        "is_host_ip": 0, 
        "label": 0, 
        "md5": null, 
        "method": "GET", 
        "package_name": "com.disney.thoughtbubbles_goo", 
        "pii_types": null, 
        "platform": "android", 
        "post_body": "-", 
        "referrer": "http://disneynetwork0-a.akamaihd.net/mobilenetwork/referralstore/bootstrap/", 
        "src_ip": "10.11.2.3", 
        "src_port": "52392", 
        "tk_flag": 0, 
        "ts": "1441739436.586764", 
        "uri": "/mobilenetwork/referralstore/bootstrap/images/titles/53b48234e4b0546215b200cf", 
        "user_agent": "Mozilla/5.0 (Linux; Android 5.1.1; Nexus 6 Build/LMY48I; wv) AppleWebKit/537.36 (KHTML, like Gecko) Version/4.0 Chrome/44.0.2403.117 Mobile Safari/537.36"
    }, 
    "1441739436.624745,CijxqY3he8N8ccn8b6": {
        "domain": "akamaihd.net", 
        "dst_ip": "23.15.9.64", 
        "dst_port": "80", 
        "headers": {
            "ACCEPT": "image/webp\\x2c*/*;q=0.8", 
            "ACCEPT-ENCODING": "gzip\\x2c deflate", 
            "ACCEPT-LANGUAGE": "en-US", 
            "CONNECTION": "keep-alive", 
            "HOST": "disneynetwork0-a.akamaihd.net", 
            "REFERER": "http://disneynetwork0-a.akamaihd.net/mobilenetwork/referralstore/bootstrap/", 
            "USER-AGENT": "Mozilla/5.0 (Linux; Android 5.1.1; Nexus 6 Build/LMY48I; wv) AppleWebKit/537.36 (KHTML\\x2c like Gecko) Version/4.0 Chrome/44.0.2403.117 Mobile Safari/537.36", 
            "X-REQUESTED-WITH": "com.disney.thoughtbubbles_goo"
        }, 
        "host": "disneynetwork0-a.akamaihd.net", 
        "is_host_ip": 0, 
        "label": 0, 
        "md5": null, 
        "method": "GET", 
        "package_name": "com.disney.thoughtbubbles_goo", 
        "pii_types": null, 
        "platform": "android", 
        "post_body": "-", 
        "referrer": "http://disneynetwork0-a.akamaihd.net/mobilenetwork/referralstore/bootstrap/", 
        "src_ip": "10.11.2.3", 
        "src_port": "52388", 
        "tk_flag": 0, 
        "ts": "1441739436.624745", 
        "uri": "/mobilenetwork/referralstore/bootstrap/images/titles/51dccca8e4b06a28be682aca", 
        "user_agent": "Mozilla/5.0 (Linux; Android 5.1.1; Nexus 6 Build/LMY48I; wv) AppleWebKit/537.36 (KHTML, like Gecko) Version/4.0 Chrome/44.0.2403.117 Mobile Safari/537.36"
    }, 
    "1441739436.727294,CXsxDEu8xagFCA2rl": {
        "domain": "akamaihd.net", 
        "dst_ip": "23.15.9.64", 
        "dst_port": "80", 
        "headers": {
            "ACCEPT": "image/webp\\x2c*/*;q=0.8", 
            "ACCEPT-ENCODING": "gzip\\x2c deflate", 
            "ACCEPT-LANGUAGE": "en-US", 
            "CONNECTION": "keep-alive", 
            "HOST": "disneynetwork0-a.akamaihd.net", 
            "REFERER": "http://disneynetwork0-a.akamaihd.net/mobilenetwork/referralstore/bootstrap/", 
            "USER-AGENT": "Mozilla/5.0 (Linux; Android 5.1.1; Nexus 6 Build/LMY48I; wv) AppleWebKit/537.36 (KHTML\\x2c like Gecko) Version/4.0 Chrome/44.0.2403.117 Mobile Safari/537.36", 
            "X-REQUESTED-WITH": "com.disney.thoughtbubbles_goo"
        }, 
        "host": "disneynetwork0-a.akamaihd.net", 
        "is_host_ip": 0, 
        "label": 0, 
        "md5": null, 
        "method": "GET", 
        "package_name": "com.disney.thoughtbubbles_goo", 
        "pii_types": null, 
        "platform": "android", 
        "post_body": "-", 
        "referrer": "http://disneynetwork0-a.akamaihd.net/mobilenetwork/referralstore/bootstrap/", 
        "src_ip": "10.11.2.3", 
        "src_port": "52391", 
        "tk_flag": 0, 
        "ts": "1441739436.727294", 
        "uri": "/mobilenetwork/referralstore/bootstrap/images/titles/51dcc7c8e4b0882d770e98f7", 
        "user_agent": "Mozilla/5.0 (Linux; Android 5.1.1; Nexus 6 Build/LMY48I; wv) AppleWebKit/537.36 (KHTML, like Gecko) Version/4.0 Chrome/44.0.2403.117 Mobile Safari/537.36"
    }, 
    "1441739436.849571,CGfMGl2SwHFQUj75D2": {
        "domain": "akamaihd.net", 
        "dst_ip": "23.15.9.64", 
        "dst_port": "80", 
        "headers": {
            "ACCEPT": "image/webp\\x2c*/*;q=0.8", 
            "ACCEPT-ENCODING": "gzip\\x2c deflate", 
            "ACCEPT-LANGUAGE": "en-US", 
            "CONNECTION": "keep-alive", 
            "HOST": "disneynetwork0-a.akamaihd.net", 
            "REFERER": "http://disneynetwork0-a.akamaihd.net/mobilenetwork/referralstore/bootstrap/", 
            "USER-AGENT": "Mozilla/5.0 (Linux; Android 5.1.1; Nexus 6 Build/LMY48I; wv) AppleWebKit/537.36 (KHTML\\x2c like Gecko) Version/4.0 Chrome/44.0.2403.117 Mobile Safari/537.36", 
            "X-REQUESTED-WITH": "com.disney.thoughtbubbles_goo"
        }, 
        "host": "disneynetwork0-a.akamaihd.net", 
        "is_host_ip": 0, 
        "label": 0, 
        "md5": null, 
        "method": "GET", 
        "package_name": "com.disney.thoughtbubbles_goo", 
        "pii_types": null, 
        "platform": "android", 
        "post_body": "-", 
        "referrer": "http://disneynetwork0-a.akamaihd.net/mobilenetwork/referralstore/bootstrap/", 
        "src_ip": "10.11.2.3", 
        "src_port": "52390", 
        "tk_flag": 0, 
        "ts": "1441739436.849571", 
        "uri": "/mobilenetwork/referralstore/bootstrap/images/titles/51dccc6fe4b0c9a232136bed", 
        "user_agent": "Mozilla/5.0 (Linux; Android 5.1.1; Nexus 6 Build/LMY48I; wv) AppleWebKit/537.36 (KHTML, like Gecko) Version/4.0 Chrome/44.0.2403.117 Mobile Safari/537.36"
    }, 
    "1441739436.919959,CijxqY3he8N8ccn8b6": {
        "domain": "akamaihd.net", 
        "dst_ip": "23.15.9.64", 
        "dst_port": "80", 
        "headers": {
            "ACCEPT": "image/webp\\x2c*/*;q=0.8", 
            "ACCEPT-ENCODING": "gzip\\x2c deflate", 
            "ACCEPT-LANGUAGE": "en-US", 
            "CONNECTION": "keep-alive", 
            "HOST": "disneynetwork0-a.akamaihd.net", 
            "REFERER": "http://disneynetwork0-a.akamaihd.net/mobilenetwork/referralstore/bootstrap/", 
            "USER-AGENT": "Mozilla/5.0 (Linux; Android 5.1.1; Nexus 6 Build/LMY48I; wv) AppleWebKit/537.36 (KHTML\\x2c like Gecko) Version/4.0 Chrome/44.0.2403.117 Mobile Safari/537.36", 
            "X-REQUESTED-WITH": "com.disney.thoughtbubbles_goo"
        }, 
        "host": "disneynetwork0-a.akamaihd.net", 
        "is_host_ip": 0, 
        "label": 0, 
        "md5": null, 
        "method": "GET", 
        "package_name": "com.disney.thoughtbubbles_goo", 
        "pii_types": null, 
        "platform": "android", 
        "post_body": "-", 
        "referrer": "http://disneynetwork0-a.akamaihd.net/mobilenetwork/referralstore/bootstrap/", 
        "src_ip": "10.11.2.3", 
        "src_port": "52388", 
        "tk_flag": 0, 
        "ts": "1441739436.919959", 
        "uri": "/mobilenetwork/referralstore/bootstrap/images/titles/51dccd6ce4b0882d770e98ff", 
        "user_agent": "Mozilla/5.0 (Linux; Android 5.1.1; Nexus 6 Build/LMY48I; wv) AppleWebKit/537.36 (KHTML, like Gecko) Version/4.0 Chrome/44.0.2403.117 Mobile Safari/537.36"
    }, 
    "1441739436.922343,ClWq4635r2n4QLOhN4": {
        "domain": "akamaihd.net", 
        "dst_ip": "23.15.9.64", 
        "dst_port": "80", 
        "headers": {
            "ACCEPT": "image/webp\\x2c*/*;q=0.8", 
            "ACCEPT-ENCODING": "gzip\\x2c deflate", 
            "ACCEPT-LANGUAGE": "en-US", 
            "CONNECTION": "keep-alive", 
            "HOST": "disneynetwork0-a.akamaihd.net", 
            "REFERER": "http://disneynetwork0-a.akamaihd.net/mobilenetwork/referralstore/bootstrap/", 
            "USER-AGENT": "Mozilla/5.0 (Linux; Android 5.1.1; Nexus 6 Build/LMY48I; wv) AppleWebKit/537.36 (KHTML\\x2c like Gecko) Version/4.0 Chrome/44.0.2403.117 Mobile Safari/537.36", 
            "X-REQUESTED-WITH": "com.disney.thoughtbubbles_goo"
        }, 
        "host": "disneynetwork0-a.akamaihd.net", 
        "is_host_ip": 0, 
        "label": 0, 
        "md5": null, 
        "method": "GET", 
        "package_name": "com.disney.thoughtbubbles_goo", 
        "pii_types": null, 
        "platform": "android", 
        "post_body": "-", 
        "referrer": "http://disneynetwork0-a.akamaihd.net/mobilenetwork/referralstore/bootstrap/", 
        "src_ip": "10.11.2.3", 
        "src_port": "52394", 
        "tk_flag": 0, 
        "ts": "1441739436.922343", 
        "uri": "/mobilenetwork/referralstore/bootstrap/images/titles/52719c1ee4b0ad83fe11132e", 
        "user_agent": "Mozilla/5.0 (Linux; Android 5.1.1; Nexus 6 Build/LMY48I; wv) AppleWebKit/537.36 (KHTML, like Gecko) Version/4.0 Chrome/44.0.2403.117 Mobile Safari/537.36"
    }, 
    "1441739437.023831,C5BWaf2GwTjMbtmefg": {
        "domain": "akamaihd.net", 
        "dst_ip": "23.15.9.64", 
        "dst_port": "80", 
        "headers": {
            "ACCEPT": "image/webp\\x2c*/*;q=0.8", 
            "ACCEPT-ENCODING": "gzip\\x2c deflate", 
            "ACCEPT-LANGUAGE": "en-US", 
            "CONNECTION": "keep-alive", 
            "HOST": "disneynetwork0-a.akamaihd.net", 
            "REFERER": "http://disneynetwork0-a.akamaihd.net/mobilenetwork/referralstore/bootstrap/", 
            "USER-AGENT": "Mozilla/5.0 (Linux; Android 5.1.1; Nexus 6 Build/LMY48I; wv) AppleWebKit/537.36 (KHTML\\x2c like Gecko) Version/4.0 Chrome/44.0.2403.117 Mobile Safari/537.36", 
            "X-REQUESTED-WITH": "com.disney.thoughtbubbles_goo"
        }, 
        "host": "disneynetwork0-a.akamaihd.net", 
        "is_host_ip": 0, 
        "label": 0, 
        "md5": null, 
        "method": "GET", 
        "package_name": "com.disney.thoughtbubbles_goo", 
        "pii_types": null, 
        "platform": "android", 
        "post_body": "-", 
        "referrer": "http://disneynetwork0-a.akamaihd.net/mobilenetwork/referralstore/bootstrap/", 
        "src_ip": "10.11.2.3", 
        "src_port": "52389", 
        "tk_flag": 0, 
        "ts": "1441739437.023831", 
        "uri": "/mobilenetwork/referralstore/bootstrap/images/titles/52051868e4b007d648a47e0e", 
        "user_agent": "Mozilla/5.0 (Linux; Android 5.1.1; Nexus 6 Build/LMY48I; wv) AppleWebKit/537.36 (KHTML, like Gecko) Version/4.0 Chrome/44.0.2403.117 Mobile Safari/537.36"
    }, 
    "1441739437.027316,CXsxDEu8xagFCA2rl": {
        "domain": "akamaihd.net", 
        "dst_ip": "23.15.9.64", 
        "dst_port": "80", 
        "headers": {
            "ACCEPT": "image/webp\\x2c*/*;q=0.8", 
            "ACCEPT-ENCODING": "gzip\\x2c deflate", 
            "ACCEPT-LANGUAGE": "en-US", 
            "CONNECTION": "keep-alive", 
            "HOST": "disneynetwork0-a.akamaihd.net", 
            "REFERER": "http://disneynetwork0-a.akamaihd.net/mobilenetwork/referralstore/bootstrap/", 
            "USER-AGENT": "Mozilla/5.0 (Linux; Android 5.1.1; Nexus 6 Build/LMY48I; wv) AppleWebKit/537.36 (KHTML\\x2c like Gecko) Version/4.0 Chrome/44.0.2403.117 Mobile Safari/537.36", 
            "X-REQUESTED-WITH": "com.disney.thoughtbubbles_goo"
        }, 
        "host": "disneynetwork0-a.akamaihd.net", 
        "is_host_ip": 0, 
        "label": 0, 
        "md5": null, 
        "method": "GET", 
        "package_name": "com.disney.thoughtbubbles_goo", 
        "pii_types": null, 
        "platform": "android", 
        "post_body": "-", 
        "referrer": "http://disneynetwork0-a.akamaihd.net/mobilenetwork/referralstore/bootstrap/", 
        "src_ip": "10.11.2.3", 
        "src_port": "52391", 
        "tk_flag": 0, 
        "ts": "1441739437.027316", 
        "uri": "/mobilenetwork/referralstore/bootstrap/images/titles/51dccd2ae4b0817fe03e5389", 
        "user_agent": "Mozilla/5.0 (Linux; Android 5.1.1; Nexus 6 Build/LMY48I; wv) AppleWebKit/537.36 (KHTML, like Gecko) Version/4.0 Chrome/44.0.2403.117 Mobile Safari/537.36"
    }, 
    "1441739442.448391,C5BWaf2GwTjMbtmefg": {
        "domain": "akamaihd.net", 
        "dst_ip": "23.15.9.64", 
        "dst_port": "80", 
        "headers": {
            "ACCEPT": "*/*", 
            "ACCEPT-ENCODING": "gzip\\x2c deflate", 
            "ACCEPT-LANGUAGE": "en-US", 
            "CONNECTION": "keep-alive", 
            "HOST": "disneynetwork0-a.akamaihd.net", 
            "REFERER": "http://disneynetwork0-a.akamaihd.net/mobilenetwork/referralstore/bootstrap/", 
            "USER-AGENT": "Mozilla/5.0 (Linux; Android 5.1.1; Nexus 6 Build/LMY48I; wv) AppleWebKit/537.36 (KHTML\\x2c like Gecko) Version/4.0 Chrome/44.0.2403.117 Mobile Safari/537.36", 
            "X-REQUESTED-WITH": "com.disney.thoughtbubbles_goo"
        }, 
        "host": "disneynetwork0-a.akamaihd.net", 
        "is_host_ip": 0, 
        "label": 0, 
        "md5": null, 
        "method": "GET", 
        "package_name": "com.disney.thoughtbubbles_goo", 
        "pii_types": null, 
        "platform": "android", 
        "post_body": "-", 
        "referrer": "http://disneynetwork0-a.akamaihd.net/mobilenetwork/referralstore/bootstrap/", 
        "src_ip": "10.11.2.3", 
        "src_port": "52389", 
        "tk_flag": 0, 
        "ts": "1441739442.448391", 
        "uri": "/favicon.ico", 
        "user_agent": "Mozilla/5.0 (Linux; Android 5.1.1; Nexus 6 Build/LMY48I; wv) AppleWebKit/537.36 (KHTML, like Gecko) Version/4.0 Chrome/44.0.2403.117 Mobile Safari/537.36"
    }
}
