{
    "1441696684.592828,CFqPHV3bJbXv8AQoIf": {
        "domain": "218.206.94.203", 
        "dst_ip": "218.206.94.203", 
        "dst_port": "86", 
        "headers": {
            "CONNECTION": "Keep-Alive", 
            "HOST": "218.206.94.203:86", 
            "USER-AGENT": "Apache-HttpClient/UNAVAILABLE (java 1.4)"
        }, 
        "host": "218.206.94.203", 
        "is_host_ip": 1, 
        "label": 0, 
        "md5": null, 
        "method": "GET", 
        "package_name": "com.sxiaoao.meirenyu.english", 
        "pii_types": null, 
        "platform": "android", 
        "post_body": "-", 
        "referrer": "-", 
        "src_ip": "10.11.2.3", 
        "src_port": "60386", 
        "tk_flag": 0, 
        "ts": "1441696684.592828", 
        "uri": "/GameServer/game_upgrade?pname=com.sxiaoao.meirenyu.english&version=10&gid=1061&app=8503&ope=0", 
        "user_agent": "Apache-HttpClient/UNAVAILABLE (java 1.4)"
    }, 
    "1441696696.586088,ClqVA83YAbt0ucTAf7": {
        "domain": "myqcloud.com", 
        "dst_ip": "45.113.69.114", 
        "dst_port": "7001", 
        "headers": {
            "ACCEPT-ENCODING": "gzip", 
            "CONNECTION": "Keep-Alive", 
            "CONTENT-LENGTH": "17", 
            "CONTENT-TYPE": "application/x-www-form-urlencoded", 
            "HOST": "fish.ca.1251131001.clb.myqcloud.com:7001", 
            "USER-AGENT": "Dalvik/2.1.0 (Linux; U; Android 5.1.1; Nexus 6 Build/LMY48I)"
        }, 
        "host": "fish.ca.1251131001.clb.myqcloud.com", 
        "is_host_ip": 0, 
        "label": 1, 
        "md5": null, 
        "method": "POST", 
        "package_name": "com.sxiaoao.meirenyu.english", 
        "pii_types": [
            "IMEI"
        ], 
        "platform": "android", 
        "post_body": "RECON_IMEI_76d76fb9fbe848ebb9c7b0c18e51ef8b,0", 
        "referrer": "-", 
        "src_ip": "10.11.2.3", 
        "src_port": "40042", 
        "tk_flag": 0, 
        "ts": "1441696696.586088", 
        "uri": "/WTTest/receives/PushNewHandler", 
        "user_agent": "Dalvik/2.1.0 (Linux; U; Android 5.1.1; Nexus 6 Build/LMY48I)"
    }, 
    "1441696928.560910,C2xEfC1QElNNyYXq4b": {
        "domain": "111.13.49.38", 
        "dst_ip": "111.13.49.38", 
        "dst_port": "1286", 
        "headers": {
            "ACCEPT": "text/html\\x2capplication/xhtml+xml\\x2capplication/xml;q=0.9\\x2cimage/webp\\x2c*/*;q=0.8", 
            "ACCEPT-ENCODING": "gzip\\x2c deflate\\x2c sdch", 
            "ACCEPT-LANGUAGE": "en-US\\x2cen;q=0.8", 
            "CONNECTION": "keep-alive", 
            "DNT": "1", 
            "HOST": "111.13.49.38:1286", 
            "UPGRADE-INSECURE-REQUESTS": "1", 
            "USER-AGENT": "Mozilla/5.0 (Linux; Android 5.1.1; Nexus 6 Build/LMY48I) AppleWebKit/537.36 (KHTML\\x2c like Gecko) Chrome/45.0.2454.84 Mobile Safari/537.36"
        }, 
        "host": "111.13.49.38", 
        "is_host_ip": 1, 
        "label": 0, 
        "md5": null, 
        "method": "GET", 
        "package_name": "com.sxiaoao.meirenyu.english", 
        "pii_types": null, 
        "platform": "android", 
        "post_body": "-", 
        "referrer": "-", 
        "src_ip": "10.11.2.3", 
        "src_port": "53351", 
        "tk_flag": 0, 
        "ts": "1441696928.560910", 
        "uri": "/fish/privacy.html", 
        "user_agent": "Mozilla/5.0 (Linux; Android 5.1.1; Nexus 6 Build/LMY48I) AppleWebKit/537.36 (KHTML, like Gecko) Chrome/45.0.2454.84 Mobile Safari/537.36"
    }, 
    "1441696929.008314,CVNbeh33hN6odjtKs5": {
        "domain": "111.13.49.38", 
        "dst_ip": "111.13.49.38", 
        "dst_port": "1286", 
        "headers": {
            "ACCEPT": "text/css\\x2c*/*;q=0.1", 
            "ACCEPT-ENCODING": "gzip\\x2c deflate\\x2c sdch", 
            "ACCEPT-LANGUAGE": "en-US\\x2cen;q=0.8", 
            "CONNECTION": "keep-alive", 
            "DNT": "1", 
            "HOST": "111.13.49.38:1286", 
            "REFERER": "http://111.13.49.38:1286/fish/privacy.html", 
            "USER-AGENT": "Mozilla/5.0 (Linux; Android 5.1.1; Nexus 6 Build/LMY48I) AppleWebKit/537.36 (KHTML\\x2c like Gecko) Chrome/45.0.2454.84 Mobile Safari/537.36"
        }, 
        "host": "111.13.49.38", 
        "is_host_ip": 1, 
        "label": 0, 
        "md5": null, 
        "method": "GET", 
        "package_name": "com.sxiaoao.meirenyu.english", 
        "pii_types": null, 
        "platform": "android", 
        "post_body": "-", 
        "referrer": "http://111.13.49.38:1286/fish/privacy.html", 
        "src_ip": "10.11.2.3", 
        "src_port": "53350", 
        "tk_flag": 0, 
        "ts": "1441696929.008314", 
        "uri": "/fish/css/layout.css", 
        "user_agent": "Mozilla/5.0 (Linux; Android 5.1.1; Nexus 6 Build/LMY48I) AppleWebKit/537.36 (KHTML, like Gecko) Chrome/45.0.2454.84 Mobile Safari/537.36"
    }, 
    "1441696929.354701,CfH8Zk3oJdW0xtur45": {
        "domain": "111.13.49.38", 
        "dst_ip": "111.13.49.38", 
        "dst_port": "1286", 
        "headers": {
            "ACCEPT": "text/css\\x2c*/*;q=0.1", 
            "ACCEPT-ENCODING": "gzip\\x2c deflate\\x2c sdch", 
            "ACCEPT-LANGUAGE": "en-US\\x2cen;q=0.8", 
            "CONNECTION": "keep-alive", 
            "DNT": "1", 
            "HOST": "111.13.49.38:1286", 
            "REFERER": "http://111.13.49.38:1286/fish/privacy.html", 
            "USER-AGENT": "Mozilla/5.0 (Linux; Android 5.1.1; Nexus 6 Build/LMY48I) AppleWebKit/537.36 (KHTML\\x2c like Gecko) Chrome/45.0.2454.84 Mobile Safari/537.36"
        }, 
        "host": "111.13.49.38", 
        "is_host_ip": 1, 
        "label": 0, 
        "md5": null, 
        "method": "GET", 
        "package_name": "com.sxiaoao.meirenyu.english", 
        "pii_types": null, 
        "platform": "android", 
        "post_body": "-", 
        "referrer": "http://111.13.49.38:1286/fish/privacy.html", 
        "src_ip": "10.11.2.3", 
        "src_port": "53363", 
        "tk_flag": 0, 
        "ts": "1441696929.354701", 
        "uri": "/fish/css/fonts.css", 
        "user_agent": "Mozilla/5.0 (Linux; Android 5.1.1; Nexus 6 Build/LMY48I) AppleWebKit/537.36 (KHTML, like Gecko) Chrome/45.0.2454.84 Mobile Safari/537.36"
    }, 
    "1441696930.174699,CVNbeh33hN6odjtKs5": {
        "domain": "111.13.49.38", 
        "dst_ip": "111.13.49.38", 
        "dst_port": "1286", 
        "headers": {
            "ACCEPT": "*/*", 
            "ACCEPT-ENCODING": "gzip\\x2c deflate\\x2c sdch", 
            "ACCEPT-LANGUAGE": "en-US\\x2cen;q=0.8", 
            "CONNECTION": "keep-alive", 
            "DNT": "1", 
            "HOST": "111.13.49.38:1286", 
            "REFERER": "http://111.13.49.38:1286/fish/css/fonts.css", 
            "USER-AGENT": "Mozilla/5.0 (Linux; Android 5.1.1; Nexus 6 Build/LMY48I) AppleWebKit/537.36 (KHTML\\x2c like Gecko) Chrome/45.0.2454.84 Mobile Safari/537.36"
        }, 
        "host": "111.13.49.38", 
        "is_host_ip": 1, 
        "label": 0, 
        "md5": null, 
        "method": "GET", 
        "package_name": "com.sxiaoao.meirenyu.english", 
        "pii_types": null, 
        "platform": "android", 
        "post_body": "-", 
        "referrer": "http://111.13.49.38:1286/fish/css/fonts.css", 
        "src_ip": "10.11.2.3", 
        "src_port": "53350", 
        "tk_flag": 0, 
        "ts": "1441696930.174699", 
        "uri": "/fish/Fonts/king_SuperGroteskWebProRegular.woff", 
        "user_agent": "Mozilla/5.0 (Linux; Android 5.1.1; Nexus 6 Build/LMY48I) AppleWebKit/537.36 (KHTML, like Gecko) Chrome/45.0.2454.84 Mobile Safari/537.36"
    }, 
    "1441696930.233814,CfH8Zk3oJdW0xtur45": {
        "domain": "111.13.49.38", 
        "dst_ip": "111.13.49.38", 
        "dst_port": "1286", 
        "headers": {
            "ACCEPT": "*/*", 
            "ACCEPT-ENCODING": "gzip\\x2c deflate\\x2c sdch", 
            "ACCEPT-LANGUAGE": "en-US\\x2cen;q=0.8", 
            "CONNECTION": "keep-alive", 
            "DNT": "1", 
            "HOST": "111.13.49.38:1286", 
            "REFERER": "http://111.13.49.38:1286/fish/privacy.html", 
            "USER-AGENT": "Mozilla/5.0 (Linux; Android 5.1.1; Nexus 6 Build/LMY48I) AppleWebKit/537.36 (KHTML\\x2c like Gecko) Chrome/45.0.2454.84 Mobile Safari/537.36"
        }, 
        "host": "111.13.49.38", 
        "is_host_ip": 1, 
        "label": 0, 
        "md5": null, 
        "method": "GET", 
        "package_name": "com.sxiaoao.meirenyu.english", 
        "pii_types": null, 
        "platform": "android", 
        "post_body": "-", 
        "referrer": "http://111.13.49.38:1286/fish/privacy.html", 
        "src_ip": "10.11.2.3", 
        "src_port": "53363", 
        "tk_flag": 0, 
        "ts": "1441696930.233814", 
        "uri": "/favicon.ico", 
        "user_agent": "Mozilla/5.0 (Linux; Android 5.1.1; Nexus 6 Build/LMY48I) AppleWebKit/537.36 (KHTML, like Gecko) Chrome/45.0.2454.84 Mobile Safari/537.36"
    }, 
    "1441696992.498625,CMmCGv2l14dsVLOqA4": {
        "domain": "myqcloud.com", 
        "dst_ip": "45.113.69.114", 
        "dst_port": "7001", 
        "headers": {
            "ACCEPT-ENCODING": "gzip", 
            "CONNECTION": "Keep-Alive", 
            "CONTENT-LENGTH": "17", 
            "CONTENT-TYPE": "application/x-www-form-urlencoded", 
            "HOST": "fish.ca.1251131001.clb.myqcloud.com:7001", 
            "USER-AGENT": "Dalvik/2.1.0 (Linux; U; Android 5.1.1; Nexus 6 Build/LMY48I)"
        }, 
        "host": "fish.ca.1251131001.clb.myqcloud.com", 
        "is_host_ip": 0, 
        "label": 1, 
        "md5": null, 
        "method": "POST", 
        "package_name": "com.sxiaoao.meirenyu.english", 
        "pii_types": [
            "IMEI"
        ], 
        "platform": "android", 
        "post_body": "RECON_IMEI_2285aa954cee442eaac441e40497f74d,0", 
        "referrer": "-", 
        "src_ip": "10.11.2.3", 
        "src_port": "53916", 
        "tk_flag": 0, 
        "ts": "1441696992.498625", 
        "uri": "/WTTest/receives/PushNewHandler", 
        "user_agent": "Dalvik/2.1.0 (Linux; U; Android 5.1.1; Nexus 6 Build/LMY48I)"
    }
}
