{
    "1441698315.491256,CR0Axe2s19gjKnU6Uf": {
        "domain": "ksmobile.net", 
        "dst_ip": "54.192.192.193", 
        "dst_port": "80", 
        "headers": {
            "ACCEPT-ENCODING": "gzip", 
            "CHARSET": "UTF-8", 
            "CONNECTION": "Keep-Alive", 
            "CONTENT-LENGTH": "238", 
            "CONTENT-TYPE": "multipart/form-data; boundary=----------------------------7d92221b604bc", 
            "HOST": "behacdn.ksmobile.net", 
            "USER-AGENT": "Dalvik/2.1.0 (Linux; U; Android 5.1.1; Nexus 6 Build/LMY48I)"
        }, 
        "host": "behacdn.ksmobile.net", 
        "is_host_ip": 0, 
        "label": 0, 
        "md5": null, 
        "method": "POST", 
        "package_name": "com.cleanmaster.mguard", 
        "pii_types": null, 
        "platform": "android", 
        "post_body": "-", 
        "referrer": "-", 
        "src_ip": "10.11.2.3", 
        "src_port": "53435", 
        "tk_flag": 0, 
        "ts": "1441698315.491256", 
        "uri": "/adsn", 
        "user_agent": "Dalvik/2.1.0 (Linux; U; Android 5.1.1; Nexus 6 Build/LMY48I)"
    }, 
    "1441698315.518252,CbDVRH3HfOOAJ2KXNb": {
        "domain": "ksmobile.net", 
        "dst_ip": "54.192.192.193", 
        "dst_port": "80", 
        "headers": {
            "ACCEPT-ENCODING": "gzip", 
            "CHARSET": "UTF-8", 
            "CONNECTION": "Keep-Alive", 
            "CONTENT-LENGTH": "558", 
            "CONTENT-TYPE": "multipart/form-data; boundary=----------------------------7d92221b604bc", 
            "HOST": "behacdn.ksmobile.net", 
            "USER-AGENT": "Dalvik/2.1.0 (Linux; U; Android 5.1.1; Nexus 6 Build/LMY48I)"
        }, 
        "host": "behacdn.ksmobile.net", 
        "is_host_ip": 0, 
        "label": 0, 
        "md5": null, 
        "method": "POST", 
        "package_name": "com.cleanmaster.mguard", 
        "pii_types": null, 
        "platform": "android", 
        "post_body": "-", 
        "referrer": "-", 
        "src_ip": "10.11.2.3", 
        "src_port": "42376", 
        "tk_flag": 0, 
        "ts": "1441698315.518252", 
        "uri": "/cpsn", 
        "user_agent": "Dalvik/2.1.0 (Linux; U; Android 5.1.1; Nexus 6 Build/LMY48I)"
    }, 
    "1441698315.563527,Cd73Um12gvfBAw4qwg": {
        "domain": "ksmobile.net", 
        "dst_ip": "54.201.203.70", 
        "dst_port": "80", 
        "headers": {
            "ACCEPT-ENCODING": "gzip", 
            "CHARSET": "UTF-8", 
            "CONNECTION": "Keep-Alive", 
            "CONTENT-LENGTH": "59", 
            "CONTENT-TYPE": "multipart/form-data; boundary=----------------------------7d92221b604bc", 
            "HOST": "apkquery.ksmobile.net", 
            "USER-AGENT": "Dalvik/2.1.0 (Linux; U; Android 5.1.1; Nexus 6 Build/LMY48I)"
        }, 
        "host": "apkquery.ksmobile.net", 
        "is_host_ip": 0, 
        "label": 0, 
        "md5": null, 
        "method": "POST", 
        "package_name": "com.cleanmaster.mguard", 
        "pii_types": null, 
        "platform": "android", 
        "post_body": "-", 
        "referrer": "-", 
        "src_ip": "10.11.2.3", 
        "src_port": "35383", 
        "tk_flag": 0, 
        "ts": "1441698315.563527", 
        "uri": "/fqexpack", 
        "user_agent": "Dalvik/2.1.0 (Linux; U; Android 5.1.1; Nexus 6 Build/LMY48I)"
    }, 
    "1441698315.563538,ClXiFA4SIWgeWLpsY4": {
        "domain": "ksmobile.net", 
        "dst_ip": "54.201.203.70", 
        "dst_port": "80", 
        "headers": {
            "ACCEPT-ENCODING": "gzip", 
            "CHARSET": "UTF-8", 
            "CONNECTION": "Keep-Alive", 
            "CONTENT-LENGTH": "59", 
            "CONTENT-TYPE": "multipart/form-data; boundary=----------------------------7d92221b604bc", 
            "HOST": "apkquery.ksmobile.net", 
            "USER-AGENT": "Dalvik/2.1.0 (Linux; U; Android 5.1.1; Nexus 6 Build/LMY48I)"
        }, 
        "host": "apkquery.ksmobile.net", 
        "is_host_ip": 0, 
        "label": 0, 
        "md5": null, 
        "method": "POST", 
        "package_name": "com.cleanmaster.mguard", 
        "pii_types": null, 
        "platform": "android", 
        "post_body": "-", 
        "referrer": "-", 
        "src_ip": "10.11.2.3", 
        "src_port": "54671", 
        "tk_flag": 0, 
        "ts": "1441698315.563538", 
        "uri": "/fqexpack", 
        "user_agent": "Dalvik/2.1.0 (Linux; U; Android 5.1.1; Nexus 6 Build/LMY48I)"
    }, 
    "1441698315.589193,CCG5yh3lCNtjBajfC9": {
        "domain": "ksmobile.net", 
        "dst_ip": "54.230.195.82", 
        "dst_port": "80", 
        "headers": {
            "ACCEPT-ENCODING": "gzip", 
            "CHARSET": "UTF-8", 
            "CONNECTION": "Keep-Alive", 
            "CONTENT-LENGTH": "174", 
            "CONTENT-TYPE": "multipart/form-data; boundary=----------------------------7d92221b604bc", 
            "HOST": "behacdn.ksmobile.net", 
            "USER-AGENT": "Dalvik/2.1.0 (Linux; U; Android 5.1.1; Nexus 6 Build/LMY48I)"
        }, 
        "host": "behacdn.ksmobile.net", 
        "is_host_ip": 0, 
        "label": 0, 
        "md5": null, 
        "method": "POST", 
        "package_name": "com.cleanmaster.mguard", 
        "pii_types": null, 
        "platform": "android", 
        "post_body": "-", 
        "referrer": "-", 
        "src_ip": "10.11.2.3", 
        "src_port": "40907", 
        "tk_flag": 0, 
        "ts": "1441698315.589193", 
        "uri": "/adsn", 
        "user_agent": "Dalvik/2.1.0 (Linux; U; Android 5.1.1; Nexus 6 Build/LMY48I)"
    }, 
    "1441698315.839855,CVeuLn1kiXrsd7WBAg": {
        "domain": "ksmobile.net", 
        "dst_ip": "54.201.203.70", 
        "dst_port": "80", 
        "headers": {
            "ACCEPT-ENCODING": "gzip", 
            "CHARSET": "UTF-8", 
            "CONNECTION": "Keep-Alive", 
            "CONTENT-LENGTH": "59", 
            "CONTENT-TYPE": "multipart/form-data; boundary=----------------------------7d92221b604bc", 
            "HOST": "apkquery.ksmobile.net", 
            "USER-AGENT": "Dalvik/2.1.0 (Linux; U; Android 5.1.1; Nexus 6 Build/LMY48I)"
        }, 
        "host": "apkquery.ksmobile.net", 
        "is_host_ip": 0, 
        "label": 0, 
        "md5": null, 
        "method": "POST", 
        "package_name": "com.cleanmaster.mguard", 
        "pii_types": null, 
        "platform": "android", 
        "post_body": "-", 
        "referrer": "-", 
        "src_ip": "10.11.2.3", 
        "src_port": "44746", 
        "tk_flag": 0, 
        "ts": "1441698315.839855", 
        "uri": "/fqexpack", 
        "user_agent": "Dalvik/2.1.0 (Linux; U; Android 5.1.1; Nexus 6 Build/LMY48I)"
    }, 
    "1441698315.905440,CMmL8g3trKJxfvl6J9": {
        "domain": "adkmob.com", 
        "dst_ip": "107.23.191.225", 
        "dst_port": "80", 
        "headers": {
            "ACCEPT-ENCODING": "gzip", 
            "CONNECTION": "close", 
            "CONTENT-LENGTH": "96", 
            "CONTENT-TYPE": "application/json", 
            "HOST": "cm.adkmob.com:80", 
            "USER-AGENT": "Mozilla/5.0 (Linux; Android 5.1.1; Nexus 6 Build/LMY48I; wv) AppleWebKit/537.36 (KHTML\\x2c like Gecko) Version/4.0 Chrome/44.0.2403.117 Mobile Safari/537.36"
        }, 
        "host": "cm.adkmob.com", 
        "is_host_ip": 0, 
        "label": 1, 
        "md5": null, 
        "method": "POST", 
        "package_name": "com.cleanmaster.mguard", 
        "pii_types": [
            "AndroidId"
        ], 
        "platform": "android", 
        "post_body": "d$h\\xf4:a\\xfd\\x0f\\xb3\\xd8\\x84\\xa6\\xda\\x17\\xa8p)\\x92~5\\xff\\x10\\xd2_\\xbbh\\x0a\\xea/\\xd9\\xcd\\x93i\\x95C\\xbe\\x9a\\xad\\x1f\\x07\\xe6\\xe4\\xce9\\xfd\\x08\\xff\\x95]\\xde\\x8b\\x05\\x9e\\xab\\\\xc3\\x0f\\xc1\\x18\\xfe\\xa4!\\x82\\xaf\\xa9poF\\xe4\\x9dp\\xff\\x12\\xe5\\xaa\\xb8\\x83\\xbb]p\\x0c8u\\x0db;_\\xd9\\xc9\\xca\\xa0V\\x0e\\x84\\x81\\xe2", 
        "referrer": "-", 
        "src_ip": "10.11.2.3", 
        "src_port": "52292", 
        "tk_flag": 0, 
        "ts": "1441698315.905440", 
        "uri": "/getCatalog/?v=15&android_id=RECON_AndroidId_5cd1077ded2e4fcd90b5ed0eb67728bf&model=Nexus+6&brand=google&os_version=22&cver=51052776&country=&lan=en_&mcc=244&os_version=22&resolution=2392*1440&net=1&ch=200001&mid=104&k=1", 
        "user_agent": "Mozilla/5.0 (Linux; Android 5.1.1; Nexus 6 Build/LMY48I; wv) AppleWebKit/537.36 (KHTML, like Gecko) Version/4.0 Chrome/44.0.2403.117 Mobile Safari/537.36"
    }, 
    "1441698315.918274,CR0Axe2s19gjKnU6Uf": {
        "domain": "-", 
        "dst_ip": "54.192.192.193", 
        "dst_port": "80", 
        "headers": {
            "-": "-"
        }, 
        "host": "-", 
        "is_host_ip": 0, 
        "label": 0, 
        "md5": null, 
        "method": "-", 
        "package_name": "com.cleanmaster.mguard", 
        "pii_types": null, 
        "platform": "android", 
        "post_body": "-", 
        "referrer": "-", 
        "src_ip": "10.11.2.3", 
        "src_port": "53435", 
        "tk_flag": 0, 
        "ts": "1441698315.918274", 
        "uri": "-", 
        "user_agent": "-"
    }, 
    "1441698316.035662,CfbS4z2YnvYxzIjuO6": {
        "domain": "ksmobile.net", 
        "dst_ip": "54.230.195.162", 
        "dst_port": "80", 
        "headers": {
            "ACCEPT-ENCODING": "gzip", 
            "CHARSET": "UTF-8", 
            "CONNECTION": "Keep-Alive", 
            "CONTENT-LENGTH": "306", 
            "CONTENT-TYPE": "multipart/form-data; boundary=----------------------------7d92221b604bc", 
            "HOST": "p-behacdn.ksmobile.net", 
            "USER-AGENT": "Dalvik/2.1.0 (Linux; U; Android 5.1.1; Nexus 6 Build/LMY48I)"
        }, 
        "host": "p-behacdn.ksmobile.net", 
        "is_host_ip": 0, 
        "label": 0, 
        "md5": null, 
        "method": "POST", 
        "package_name": "com.cleanmaster.mguard", 
        "pii_types": null, 
        "platform": "android", 
        "post_body": "-", 
        "referrer": "-", 
        "src_ip": "10.11.2.3", 
        "src_port": "50852", 
        "tk_flag": 0, 
        "ts": "1441698316.035662", 
        "uri": "/cu", 
        "user_agent": "Dalvik/2.1.0 (Linux; U; Android 5.1.1; Nexus 6 Build/LMY48I)"
    }, 
    "1441698316.328219,CfbS4z2YnvYxzIjuO6": {
        "domain": "-", 
        "dst_ip": "54.230.195.162", 
        "dst_port": "80", 
        "headers": {
            "-": "-"
        }, 
        "host": "-", 
        "is_host_ip": 0, 
        "label": 0, 
        "md5": null, 
        "method": "-", 
        "package_name": "com.cleanmaster.mguard", 
        "pii_types": null, 
        "platform": "android", 
        "post_body": "-", 
        "referrer": "-", 
        "src_ip": "10.11.2.3", 
        "src_port": "50852", 
        "tk_flag": 0, 
        "ts": "1441698316.328219", 
        "uri": "-", 
        "user_agent": "-"
    }, 
    "1441698316.577197,CbDVRH3HfOOAJ2KXNb": {
        "domain": "-", 
        "dst_ip": "54.192.192.193", 
        "dst_port": "80", 
        "headers": {
            "-": "-"
        }, 
        "host": "-", 
        "is_host_ip": 0, 
        "label": 0, 
        "md5": null, 
        "method": "-", 
        "package_name": "com.cleanmaster.mguard", 
        "pii_types": null, 
        "platform": "android", 
        "post_body": "-", 
        "referrer": "-", 
        "src_ip": "10.11.2.3", 
        "src_port": "42376", 
        "tk_flag": 0, 
        "ts": "1441698316.577197", 
        "uri": "-", 
        "user_agent": "-"
    }, 
    "1441698328.985975,CD6uq71YgNBcJKN7Lf": {
        "domain": "ksmobile.com", 
        "dst_ip": "54.153.8.129", 
        "dst_port": "80", 
        "headers": {
            "ACCEPT-ENCODING": "gzip", 
            "CHARSET": "UTF-8", 
            "CONNECTION": "Keep-Alive", 
            "CONTENT-LENGTH": "404", 
            "CONTENT-TYPE": "application/x-www-form-urlencoded", 
            "HOST": "cm.gcm.ksmobile.com", 
            "USER-AGENT": "Dalvik/2.1.0 (Linux; U; Android 5.1.1; Nexus 6 Build/LMY48I)"
        }, 
        "host": "cm.gcm.ksmobile.com", 
        "is_host_ip": 0, 
        "label": 1, 
        "md5": null, 
        "method": "POST", 
        "package_name": "com.cleanmaster.mguard", 
        "pii_types": [
            "AndroidId"
        ], 
        "platform": "android", 
        "post_body": "appflag=khcleanmaster&phonelanguage=en_&cmlanguage=en&mcc=244&mnc=05&apkversion=5.10.5.2776&dataversion=2015.7.31.710&sdkversion=5.1.1&manufacture=motorola&channel=200001&trdmarket=1&cl=US_en&aid=RECON_AndroidId_3ce17a11c43b4b928612f236bde5f922&timezone=Europe/Helsinki&enabled=1&regid=APA91bGQRaxzIuIX_u_oOrPl5no6Khjuw6QIiW4OfJ90N19rZvE3kxdVy2TLFbN-9DNNEurUmk1jW86ZTvqzXMqMNxP1iZYzwvQw5FZP3iALMzCQCcBodUh66wdq3KUAZKmqlBVbtJdf&regtime=0", 
        "referrer": "-", 
        "src_ip": "10.11.2.3", 
        "src_port": "33024", 
        "tk_flag": 0, 
        "ts": "1441698328.985975", 
        "uri": "/rpc/gcm/report", 
        "user_agent": "Dalvik/2.1.0 (Linux; U; Android 5.1.1; Nexus 6 Build/LMY48I)"
    }, 
    "1441698335.886995,CfbS4z2YnvYxzIjuO6": {
        "domain": "-", 
        "dst_ip": "54.230.195.162", 
        "dst_port": "80", 
        "headers": {
            "-": "-"
        }, 
        "host": "-", 
        "is_host_ip": 0, 
        "label": 0, 
        "md5": null, 
        "method": "-", 
        "package_name": "com.cleanmaster.mguard", 
        "pii_types": null, 
        "platform": "android", 
        "post_body": "-", 
        "referrer": "-", 
        "src_ip": "10.11.2.3", 
        "src_port": "50852", 
        "tk_flag": 0, 
        "ts": "1441698335.886995", 
        "uri": "-", 
        "user_agent": "-"
    }, 
    "1441698349.968134,CclqE82rbyh0As54m3": {
        "domain": "ksmobile.com", 
        "dst_ip": "54.183.194.19", 
        "dst_port": "80", 
        "headers": {
            "ACCEPT-ENCODING": "gzip", 
            "CONNECTION": "Keep-Alive", 
            "HOST": "up.cm.ksmobile.com", 
            "USER-AGENT": "Dalvik/2.1.0 (Linux; U; Android 5.1.1; Nexus 6 Build/LMY48I)"
        }, 
        "host": "up.cm.ksmobile.com", 
        "is_host_ip": 0, 
        "label": 0, 
        "md5": null, 
        "method": "GET", 
        "package_name": "com.cleanmaster.mguard", 
        "pii_types": null, 
        "platform": "android", 
        "post_body": "-", 
        "referrer": "-", 
        "src_ip": "10.11.2.3", 
        "src_port": "45036", 
        "tk_flag": 0, 
        "ts": "1441698349.968134", 
        "uri": "/antiyscan/version.ini", 
        "user_agent": "Dalvik/2.1.0 (Linux; U; Android 5.1.1; Nexus 6 Build/LMY48I)"
    }, 
    "1441698350.260485,Cd73Um12gvfBAw4qwg": {
        "domain": "-", 
        "dst_ip": "54.201.203.70", 
        "dst_port": "80", 
        "headers": {
            "-": "-"
        }, 
        "host": "-", 
        "is_host_ip": 0, 
        "label": 0, 
        "md5": null, 
        "method": "-", 
        "package_name": "com.cleanmaster.mguard", 
        "pii_types": null, 
        "platform": "android", 
        "post_body": "-", 
        "referrer": "-", 
        "src_ip": "10.11.2.3", 
        "src_port": "35383", 
        "tk_flag": 0, 
        "ts": "1441698350.260485", 
        "uri": "-", 
        "user_agent": "-"
    }, 
    "1441698350.279881,CpZOZy1GfKGILMShTc": {
        "domain": "adkmob.com", 
        "dst_ip": "52.7.4.63", 
        "dst_port": "80", 
        "headers": {
            "ACCEPT-ENCODING": "gzip", 
            "CONNECTION": "Keep-Alive", 
            "HOST": "ssdk.adkmob.com", 
            "USER-AGENT": "Mozilla/5.0 (Linux; Android 5.1.1; Nexus 6 Build/LMY48I; wv) AppleWebKit/537.36 (KHTML\\x2c like Gecko) Version/4.0 Chrome/44.0.2403.117 Mobile Safari/537.36"
        }, 
        "host": "ssdk.adkmob.com", 
        "is_host_ip": 0, 
        "label": 1, 
        "md5": null, 
        "method": "GET", 
        "package_name": "com.cleanmaster.mguard", 
        "pii_types": [
            "AdvertiserId", 
            "AndroidId"
        ], 
        "platform": "android", 
        "post_body": "-", 
        "referrer": "-", 
        "src_ip": "10.11.2.3", 
        "src_port": "37312", 
        "tk_flag": 0, 
        "ts": "1441698350.279881", 
        "uri": "/b/?v=15&mid=104&sdkt=1&lan=en_&brand=google&model=Nexus+6&cver=51052776&mcc=244&mnc=05&ov=22&nt=1&ch=200001&resolution=2392*1440&dpi=3.5&pl=2&tz=+0300&mem_size=2970&gaid=RECON_AdvertiserId_a31b6f58a96a42898aeb48d829edb770&androidid=RECON_AndroidId_a5bad8f6bcb04f9a8471d44415956ce5&posid=31&pg=0&offset=0&adn=10", 
        "user_agent": "Mozilla/5.0 (Linux; Android 5.1.1; Nexus 6 Build/LMY48I; wv) AppleWebKit/537.36 (KHTML, like Gecko) Version/4.0 Chrome/44.0.2403.117 Mobile Safari/537.36"
    }, 
    "1441698350.280046,CDOG8c4cwmAA8h8nA9": {
        "domain": "adkmob.com", 
        "dst_ip": "52.7.4.63", 
        "dst_port": "80", 
        "headers": {
            "ACCEPT-ENCODING": "gzip", 
            "CONNECTION": "Keep-Alive", 
            "HOST": "ssdk.adkmob.com", 
            "USER-AGENT": "Mozilla/5.0 (Linux; Android 5.1.1; Nexus 6 Build/LMY48I; wv) AppleWebKit/537.36 (KHTML\\x2c like Gecko) Version/4.0 Chrome/44.0.2403.117 Mobile Safari/537.36"
        }, 
        "host": "ssdk.adkmob.com", 
        "is_host_ip": 0, 
        "label": 1, 
        "md5": null, 
        "method": "GET", 
        "package_name": "com.cleanmaster.mguard", 
        "pii_types": [
            "AdvertiserId", 
            "AndroidId"
        ], 
        "platform": "android", 
        "post_body": "-", 
        "referrer": "-", 
        "src_ip": "10.11.2.3", 
        "src_port": "37924", 
        "tk_flag": 0, 
        "ts": "1441698350.280046", 
        "uri": "/b/?v=15&mid=104&sdkt=1&lan=en_&brand=google&model=Nexus+6&cver=51052776&mcc=244&mnc=05&ov=22&nt=1&ch=200001&resolution=2392*1440&dpi=3.5&pl=2&tz=+0300&mem_size=2970&gaid=RECON_AdvertiserId_5ae392e2fcb14c76b86a3f5d0b853f84&androidid=RECON_AndroidId_15f8dd46048a464783216463375f9831&posid=45&adn=10&w=720&h=244", 
        "user_agent": "Mozilla/5.0 (Linux; Android 5.1.1; Nexus 6 Build/LMY48I; wv) AppleWebKit/537.36 (KHTML, like Gecko) Version/4.0 Chrome/44.0.2403.117 Mobile Safari/537.36"
    }, 
    "1441698350.331032,CsP8uwfa9Pi5yvxdj": {
        "domain": "adkmob.com", 
        "dst_ip": "52.0.171.66", 
        "dst_port": "80", 
        "headers": {
            "ACCEPT-ENCODING": "gzip", 
            "CONNECTION": "Keep-Alive", 
            "HOST": "ssdk.adkmob.com", 
            "USER-AGENT": "Mozilla/5.0 (Linux; Android 5.1.1; Nexus 6 Build/LMY48I; wv) AppleWebKit/537.36 (KHTML\\x2c like Gecko) Version/4.0 Chrome/44.0.2403.117 Mobile Safari/537.36"
        }, 
        "host": "ssdk.adkmob.com", 
        "is_host_ip": 0, 
        "label": 1, 
        "md5": null, 
        "method": "GET", 
        "package_name": "com.cleanmaster.mguard", 
        "pii_types": [
            "AdvertiserId", 
            "AndroidId"
        ], 
        "platform": "android", 
        "post_body": "-", 
        "referrer": "-", 
        "src_ip": "10.11.2.3", 
        "src_port": "59847", 
        "tk_flag": 0, 
        "ts": "1441698350.331032", 
        "uri": "/b/?v=15&mid=104&sdkt=1&lan=en_&brand=google&model=Nexus+6&cver=51052776&mcc=244&mnc=05&ov=22&nt=1&ch=200001&resolution=2392*1440&dpi=3.5&pl=2&tz=+0300&mem_size=2970&gaid=RECON_AdvertiserId_4ca28d5e8e834ee5adbd3fab81ea580c&androidid=RECON_AndroidId_a976c7d801344575adad9f9679bca572&posid=6&pg=0&offset=0&adn=20", 
        "user_agent": "Mozilla/5.0 (Linux; Android 5.1.1; Nexus 6 Build/LMY48I; wv) AppleWebKit/537.36 (KHTML, like Gecko) Version/4.0 Chrome/44.0.2403.117 Mobile Safari/537.36"
    }, 
    "1441698350.728947,CKoY2Y1jxYToN14vre": {
        "domain": "ksmobile.com", 
        "dst_ip": "54.240.160.63", 
        "dst_port": "80", 
        "headers": {
            "ACCEPT-ENCODING": "gzip", 
            "CONNECTION": "Keep-Alive", 
            "HOST": "dl.cm.ksmobile.com", 
            "USER-AGENT": "Dalvik/2.1.0 (Linux; U; Android 5.1.1; Nexus 6 Build/LMY48I)"
        }, 
        "host": "dl.cm.ksmobile.com", 
        "is_host_ip": 0, 
        "label": 0, 
        "md5": null, 
        "method": "GET", 
        "package_name": "com.cleanmaster.mguard", 
        "pii_types": null, 
        "platform": "android", 
        "post_body": "-", 
        "referrer": "-", 
        "src_ip": "10.11.2.3", 
        "src_port": "36795", 
        "tk_flag": 0, 
        "ts": "1441698350.728947", 
        "uri": "/antiyscan/antiyscan/20150907.232000.zip", 
        "user_agent": "Dalvik/2.1.0 (Linux; U; Android 5.1.1; Nexus 6 Build/LMY48I)"
    }, 
    "1441698350.731743,CgDyI045pwN2QQAUW6": {
        "domain": "ksmobile.com", 
        "dst_ip": "54.240.160.63", 
        "dst_port": "80", 
        "headers": {
            "ACCEPT-ENCODING": "gzip", 
            "CONNECTION": "Keep-Alive", 
            "HOST": "dl.cm.ksmobile.com", 
            "USER-AGENT": "Dalvik/2.1.0 (Linux; U; Android 5.1.1; Nexus 6 Build/LMY48I)"
        }, 
        "host": "dl.cm.ksmobile.com", 
        "is_host_ip": 0, 
        "label": 0, 
        "md5": null, 
        "method": "GET", 
        "package_name": "com.cleanmaster.mguard", 
        "pii_types": null, 
        "platform": "android", 
        "post_body": "-", 
        "referrer": "-", 
        "src_ip": "10.11.2.3", 
        "src_port": "55385", 
        "tk_flag": 0, 
        "ts": "1441698350.731743", 
        "uri": "/static/res/06/70/2_M.png", 
        "user_agent": "Dalvik/2.1.0 (Linux; U; Android 5.1.1; Nexus 6 Build/LMY48I)"
    }, 
    "1441698350.895949,CCG5yh3lCNtjBajfC9": {
        "domain": "-", 
        "dst_ip": "54.230.195.82", 
        "dst_port": "80", 
        "headers": {
            "-": "-"
        }, 
        "host": "-", 
        "is_host_ip": 0, 
        "label": 0, 
        "md5": null, 
        "method": "-", 
        "package_name": "com.cleanmaster.mguard", 
        "pii_types": null, 
        "platform": "android", 
        "post_body": "-", 
        "referrer": "-", 
        "src_ip": "10.11.2.3", 
        "src_port": "40907", 
        "tk_flag": 0, 
        "ts": "1441698350.895949", 
        "uri": "-", 
        "user_agent": "-"
    }, 
    "1441698350.998528,CrFw7B1tPG9uOZLZHc": {
        "domain": "ggpht.com", 
        "dst_ip": "173.194.121.10", 
        "dst_port": "80", 
        "headers": {
            "ACCEPT-ENCODING": "gzip", 
            "CONNECTION": "Keep-Alive", 
            "HOST": "lh4.ggpht.com", 
            "USER-AGENT": "Dalvik/2.1.0 (Linux; U; Android 5.1.1; Nexus 6 Build/LMY48I)"
        }, 
        "host": "lh4.ggpht.com", 
        "is_host_ip": 0, 
        "label": 0, 
        "md5": null, 
        "method": "GET", 
        "package_name": "com.cleanmaster.mguard", 
        "pii_types": null, 
        "platform": "android", 
        "post_body": "-", 
        "referrer": "-", 
        "src_ip": "10.11.2.3", 
        "src_port": "41376", 
        "tk_flag": 0, 
        "ts": "1441698350.998528", 
        "uri": "/kkxVNux4SmEQ2z8-EfMQdZAp1liGsVCHKDGH3JDZQxfK9kfZH_6pE6fgeVFqeOMstQ=w300", 
        "user_agent": "Dalvik/2.1.0 (Linux; U; Android 5.1.1; Nexus 6 Build/LMY48I)"
    }, 
    "1441698351.004304,CvL1ye4HKQDG7uD2p9": {
        "domain": "ggpht.com", 
        "dst_ip": "173.194.121.12", 
        "dst_port": "80", 
        "headers": {
            "ACCEPT-ENCODING": "gzip", 
            "CONNECTION": "Keep-Alive", 
            "HOST": "lh6.ggpht.com", 
            "USER-AGENT": "Dalvik/2.1.0 (Linux; U; Android 5.1.1; Nexus 6 Build/LMY48I)"
        }, 
        "host": "lh6.ggpht.com", 
        "is_host_ip": 0, 
        "label": 0, 
        "md5": null, 
        "method": "GET", 
        "package_name": "com.cleanmaster.mguard", 
        "pii_types": null, 
        "platform": "android", 
        "post_body": "-", 
        "referrer": "-", 
        "src_ip": "10.11.2.3", 
        "src_port": "36508", 
        "tk_flag": 0, 
        "ts": "1441698351.004304", 
        "uri": "/VJLv0KxyOKmX_A8caedXn-DVLkv5Bq4cRHKXansqeTgbT1zcC8D4nqaAzvPwO_Lo4A=w300", 
        "user_agent": "Dalvik/2.1.0 (Linux; U; Android 5.1.1; Nexus 6 Build/LMY48I)"
    }, 
    "1441698351.120043,C65ZTy2zSiC2bmx3j": {
        "domain": "adkmob.com", 
        "dst_ip": "52.0.171.66", 
        "dst_port": "80", 
        "headers": {
            "CONNECTION": "Keep-Alive", 
            "CONTENT-LENGTH": "361", 
            "CONTENT-TYPE": "text/plain; charset=ISO-8859-1", 
            "HOST": "ssdk.adkmob.com"
        }, 
        "host": "ssdk.adkmob.com", 
        "is_host_ip": 0, 
        "label": 1, 
        "md5": null, 
        "method": "POST", 
        "package_name": "com.cleanmaster.mguard", 
        "pii_types": [
            "AdvertiserId", 
            "AndroidId"
        ], 
        "platform": "android", 
        "post_body": "v=15&ac=50&pos=9999&mid=300&lan=en_&ext=&cmver=51052776&mcc=244&mnc=05&pl=2&channelid=200001&lp=0&gaid=RECON_AdvertiserId_f53c3284f5a644afa5cf3f60b962332e&aid=RECON_AndroidId_aec12058b1f04174948d4db5e23a07ba&attach=[{\"pkg\":\"com.discover\",\"sug\":-1,\"res\":100,\"des\":\"\"},{\"pkg\":\"com.games\",\"sug\":-1,\"res\":100,\"des\":\"\"},{\"pkg\":\"com.apps\",\"sug\":-1,\"res\":100,\"des\":\"\"},{\"pkg\":\"com.top\",\"sug\":-1,\"res\":100,\"des\":\"\"}]", 
        "referrer": "-", 
        "src_ip": "10.11.2.3", 
        "src_port": "45084", 
        "tk_flag": 0, 
        "ts": "1441698351.120043", 
        "uri": "/rp/", 
        "user_agent": "-"
    }, 
    "1441698351.302268,Cr8mEd4DbdMR9pV0l9": {
        "domain": "adkmob.com", 
        "dst_ip": "52.0.171.66", 
        "dst_port": "80", 
        "headers": {
            "CONNECTION": "Keep-Alive", 
            "CONTENT-LENGTH": "731", 
            "CONTENT-TYPE": "text/plain; charset=ISO-8859-1", 
            "HOST": "ssdk.adkmob.com"
        }, 
        "host": "ssdk.adkmob.com", 
        "is_host_ip": 0, 
        "label": 1, 
        "md5": null, 
        "method": "POST", 
        "package_name": "com.cleanmaster.mguard", 
        "pii_types": [
            "AdvertiserId", 
            "AndroidId"
        ], 
        "platform": "android", 
        "post_body": "v=15&ac=50&pos=6&mid=104&lan=en_&ext=&cmver=51052776&mcc=244&mnc=05&pl=2&channelid=200001&lp=0&gaid=RECON_AdvertiserId_e787388307d54cef8e072d10a7e2568d&aid=RECON_AndroidId_4da4a931869048fba0cc2c41d87130d8&attach=[{\"pkg\":\"com.mobilityware.solitaire\",\"sug\":-1,\"res\":80,\"des\":\"405_317_1183_1194_1306_1300_1302_1017|967b1bff7a02751d|2064434|0.1000|0||0.041123|50000|app_id=2064433|isad=1|app_seq=a2|pg=0|osl=22|net_type=1|from=1|ch=200001|cvr=0.070043|cvr1=0.070043|ecpm=2988766.48|ecpm1=2988766.48|cp=3|cost=100000|cp1=3|plan_id=2064425|bi=1|uid=666|agid=2064433|apn=com.mobilityware.solitaire|place=0|category_id=47|ay=1|pr=0|rtxt=0|ex=0|cft=0.000000|gpr=2.50|uit=|ufea=|uge=3|uag=5|mk=google|md=nexus_6|dt=1|mc2=5|ct=us_va_ashburn|ctno=19235|v2=15|cn=us|sspid=0|fv=2|uit2=|bh=\"}]", 
        "referrer": "-", 
        "src_ip": "10.11.2.3", 
        "src_port": "42951", 
        "tk_flag": 0, 
        "ts": "1441698351.302268", 
        "uri": "/rp/", 
        "user_agent": "-"
    }, 
    "1441698351.393953,C2Glhd3WpAOsmzJU67": {
        "domain": "adkmob.com", 
        "dst_ip": "54.192.195.217", 
        "dst_port": "80", 
        "headers": {
            "ACCEPT-ENCODING": "gzip", 
            "CONNECTION": "Keep-Alive", 
            "HOST": "cdn.adkmob.com", 
            "USER-AGENT": "Dalvik/2.1.0 (Linux; U; Android 5.1.1; Nexus 6 Build/LMY48I)"
        }, 
        "host": "cdn.adkmob.com", 
        "is_host_ip": 0, 
        "label": 0, 
        "md5": null, 
        "method": "GET", 
        "package_name": "com.cleanmaster.mguard", 
        "pii_types": null, 
        "platform": "android", 
        "post_body": "-", 
        "referrer": "-", 
        "src_ip": "10.11.2.3", 
        "src_port": "46530", 
        "tk_flag": 0, 
        "ts": "1441698351.393953", 
        "uri": "/logo/1415080431dkytyrobert300300_L.jpg", 
        "user_agent": "Dalvik/2.1.0 (Linux; U; Android 5.1.1; Nexus 6 Build/LMY48I)"
    }, 
    "1441698351.555309,C8TmGX3gt9cwWBJ2b7": {
        "domain": "ggpht.com", 
        "dst_ip": "173.194.121.11", 
        "dst_port": "80", 
        "headers": {
            "ACCEPT-ENCODING": "gzip", 
            "CONNECTION": "Keep-Alive", 
            "HOST": "lh3.ggpht.com", 
            "USER-AGENT": "Dalvik/2.1.0 (Linux; U; Android 5.1.1; Nexus 6 Build/LMY48I)"
        }, 
        "host": "lh3.ggpht.com", 
        "is_host_ip": 0, 
        "label": 0, 
        "md5": null, 
        "method": "GET", 
        "package_name": "com.cleanmaster.mguard", 
        "pii_types": null, 
        "platform": "android", 
        "post_body": "-", 
        "referrer": "-", 
        "src_ip": "10.11.2.3", 
        "src_port": "42632", 
        "tk_flag": 0, 
        "ts": "1441698351.555309", 
        "uri": "/U_pNKlDlP_Vih0fl3ZYuIhga0GQO7w_oiuitCiCvq9KPWm8PaegwNglPcKNnRw2FBg=w124", 
        "user_agent": "Dalvik/2.1.0 (Linux; U; Android 5.1.1; Nexus 6 Build/LMY48I)"
    }, 
    "1441698351.658290,CVaB6BL9tfmbqNdzj": {
        "domain": "ggpht.com", 
        "dst_ip": "173.194.121.10", 
        "dst_port": "80", 
        "headers": {
            "ACCEPT-ENCODING": "gzip", 
            "CONNECTION": "Keep-Alive", 
            "HOST": "lh5.ggpht.com", 
            "USER-AGENT": "Dalvik/2.1.0 (Linux; U; Android 5.1.1; Nexus 6 Build/LMY48I)"
        }, 
        "host": "lh5.ggpht.com", 
        "is_host_ip": 0, 
        "label": 0, 
        "md5": null, 
        "method": "GET", 
        "package_name": "com.cleanmaster.mguard", 
        "pii_types": null, 
        "platform": "android", 
        "post_body": "-", 
        "referrer": "-", 
        "src_ip": "10.11.2.3", 
        "src_port": "53134", 
        "tk_flag": 0, 
        "ts": "1441698351.658290", 
        "uri": "/FM1v3iFEKYM4-932owOWNTBOit-5iAEDzpp998Bj6Lmi_wGh2DyrlSQWmv-S70WdgKCv=w124", 
        "user_agent": "Dalvik/2.1.0 (Linux; U; Android 5.1.1; Nexus 6 Build/LMY48I)"
    }, 
    "1441698351.684800,Czj0uE2RABHA7RsCg2": {
        "domain": "ggpht.com", 
        "dst_ip": "173.194.121.10", 
        "dst_port": "80", 
        "headers": {
            "ACCEPT-ENCODING": "gzip", 
            "CONNECTION": "Keep-Alive", 
            "HOST": "lh5.ggpht.com", 
            "USER-AGENT": "Dalvik/2.1.0 (Linux; U; Android 5.1.1; Nexus 6 Build/LMY48I)"
        }, 
        "host": "lh5.ggpht.com", 
        "is_host_ip": 0, 
        "label": 0, 
        "md5": null, 
        "method": "GET", 
        "package_name": "com.cleanmaster.mguard", 
        "pii_types": null, 
        "platform": "android", 
        "post_body": "-", 
        "referrer": "-", 
        "src_ip": "10.11.2.3", 
        "src_port": "54906", 
        "tk_flag": 0, 
        "ts": "1441698351.684800", 
        "uri": "/IbeWC-njfwPnEttvnCp9vn5zzopF1tNr1tMaSzeO_yrO7xJO4UG8tGi6HCurZaRDkaGW=w124", 
        "user_agent": "Dalvik/2.1.0 (Linux; U; Android 5.1.1; Nexus 6 Build/LMY48I)"
    }, 
    "1441698352.094644,Clx5Gz49ZK2UnBn025": {
        "domain": "adkmob.com", 
        "dst_ip": "54.239.152.86", 
        "dst_port": "80", 
        "headers": {
            "ACCEPT-ENCODING": "gzip", 
            "CONNECTION": "Keep-Alive", 
            "HOST": "orionimg.adkmob.com", 
            "USER-AGENT": "Dalvik/2.1.0 (Linux; U; Android 5.1.1; Nexus 6 Build/LMY48I)"
        }, 
        "host": "orionimg.adkmob.com", 
        "is_host_ip": 0, 
        "label": 0, 
        "md5": null, 
        "method": "GET", 
        "package_name": "com.cleanmaster.mguard", 
        "pii_types": null, 
        "platform": "android", 
        "post_body": "-", 
        "referrer": "-", 
        "src_ip": "10.11.2.3", 
        "src_port": "38033", 
        "tk_flag": 0, 
        "ts": "1441698352.094644", 
        "uri": "/liehu/20150907/1441618294jkeq3_L.jpg", 
        "user_agent": "Dalvik/2.1.0 (Linux; U; Android 5.1.1; Nexus 6 Build/LMY48I)"
    }, 
    "1441698353.914966,CFzeDl1tNXMaQTuzKg": {
        "domain": "adkmob.com", 
        "dst_ip": "52.7.4.63", 
        "dst_port": "80", 
        "headers": {
            "CONNECTION": "Keep-Alive", 
            "CONTENT-LENGTH": "1203", 
            "CONTENT-TYPE": "text/plain; charset=ISO-8859-1", 
            "HOST": "ssdk.adkmob.com"
        }, 
        "host": "ssdk.adkmob.com", 
        "is_host_ip": 0, 
        "label": 1, 
        "md5": null, 
        "method": "POST", 
        "package_name": "com.cleanmaster.mguard", 
        "pii_types": [
            "AdvertiserId", 
            "AndroidId"
        ], 
        "platform": "android", 
        "post_body": "v=15&ac=50&pos=6&mid=104&lan=en_&ext=&cmver=51052776&mcc=244&mnc=05&pl=2&channelid=200001&lp=0&gaid=RECON_AdvertiserId_020a9ae0bbb54bb78344571f10ffc64d&aid=RECON_AndroidId_7a2ffb388d2f46d19ae77e9b6724d634&attach=[{\"pkg\":\"ksm.subject.cm.index.17010.usefultoolsforandroid\",\"sug\":90,\"res\":100,\"des\":\"405_317_1183_1194_1306_1300_1302_1017|967b1bff7a02751d|90936|0|1||0|1004|net_type=1|pg=0|k_des=0$0$-1$-1$0$$|plan_id=0|app_id=79117|isad=0|category_id=0\",\"seq\":1},{\"pkg\":\"com.bigbluebubble.singingmonsters.full\",\"sug\":-1,\"res\":80,\"des\":\"405_317_1183_1194_1306_1300_1302_1017|967b1bff7a02751d|2020540|0.1300|1||0.024471|50001|app_id=2020539|isad=1|pg=0|osl=22|net_type=1|from=1|ch=200001|cvr=0.064318|cvr1=0.064318|ecpm=2195133.15|ecpm1=2195133.15|cp=3|cost=130000|cp1=3|plan_id=2020535|bi=2|uid=486|agid=2020539|apn=com.bigbluebubble.singingmonster|place=0|category_id=43|ay=1|pr=0|rtxt=0|ex=0|cft=0.000000|gpr=2.00|uit=|ufea=|uge=3|uag=5|mk=google|md=nexus_6|dt=1|mc2=5|ct=us_va_ashburn|ctno=19235|v2=15|cn=us|sspid=0|fv=2|uit2=|bh=\",\"seq\":3},{\"pkg\":\"com.rhmsoft.fm\",\"sug\":90,\"res\":0,\"des\":\"405_317_1183_1194_1306_1300_1302_1017|967b1bff7a02751d|111530|0|1||0|0|net_type=1|pg=0|k_des=0$0$-1$-1$0$$|plan_id=0|app_id=98877|isad=0|category_id=14\",\"seq\":2}]", 
        "referrer": "-", 
        "src_ip": "10.11.2.3", 
        "src_port": "47469", 
        "tk_flag": 0, 
        "ts": "1441698353.914966", 
        "uri": "/rp/", 
        "user_agent": "-"
    }, 
    "1441698353.915594,CC421e30kt9u3JfoU9": {
        "domain": "adkmob.com", 
        "dst_ip": "52.7.4.63", 
        "dst_port": "80", 
        "headers": {
            "CONNECTION": "Keep-Alive", 
            "CONTENT-LENGTH": "350", 
            "CONTENT-TYPE": "text/plain; charset=ISO-8859-1", 
            "HOST": "ssdk.adkmob.com"
        }, 
        "host": "ssdk.adkmob.com", 
        "is_host_ip": 0, 
        "label": 1, 
        "md5": null, 
        "method": "POST", 
        "package_name": "com.cleanmaster.mguard", 
        "pii_types": [
            "AdvertiserId", 
            "AndroidId"
        ], 
        "platform": "android", 
        "post_body": "v=15&ac=50&pos=45&mid=104&lan=en_&ext=&cmver=51052776&mcc=244&mnc=05&pl=2&channelid=200001&lp=0&gaid=RECON_AdvertiserId_9c6fbba4684f4508af2574665b29ffc1&aid=RECON_AndroidId_47bd0f0649644e9081cac9e29e11acfa&attach=[{\"pkg\":\"com.cmplay.tiles2\",\"sug\":90,\"res\":0,\"des\":\"405_317|7c08aead0762bee3|111175|0|1||0|0|net_type=1|pg=0|k_des=0$0$-1$-1$0$$|plan_id=0|app_id=97547|isad=0|category_id=48\",\"seq\":1}]", 
        "referrer": "-", 
        "src_ip": "10.11.2.3", 
        "src_port": "38419", 
        "tk_flag": 0, 
        "ts": "1441698353.915594", 
        "uri": "/rp/", 
        "user_agent": "-"
    }, 
    "1441698360.676809,ClXiFA4SIWgeWLpsY4": {
        "domain": "-", 
        "dst_ip": "54.201.203.70", 
        "dst_port": "80", 
        "headers": {
            "-": "-"
        }, 
        "host": "-", 
        "is_host_ip": 0, 
        "label": 0, 
        "md5": null, 
        "method": "-", 
        "package_name": "com.cleanmaster.mguard", 
        "pii_types": null, 
        "platform": "android", 
        "post_body": "-", 
        "referrer": "-", 
        "src_ip": "10.11.2.3", 
        "src_port": "54671", 
        "tk_flag": 0, 
        "ts": "1441698360.676809", 
        "uri": "-", 
        "user_agent": "-"
    }, 
    "1441698360.731244,CVeuLn1kiXrsd7WBAg": {
        "domain": "-", 
        "dst_ip": "54.201.203.70", 
        "dst_port": "80", 
        "headers": {
            "-": "-"
        }, 
        "host": "-", 
        "is_host_ip": 0, 
        "label": 0, 
        "md5": null, 
        "method": "-", 
        "package_name": "com.cleanmaster.mguard", 
        "pii_types": null, 
        "platform": "android", 
        "post_body": "-", 
        "referrer": "-", 
        "src_ip": "10.11.2.3", 
        "src_port": "44746", 
        "tk_flag": 0, 
        "ts": "1441698360.731244", 
        "uri": "-", 
        "user_agent": "-"
    }, 
    "1441698361.567116,Ck64pD3udZi9AjHBu": {
        "domain": "ksmobile.com", 
        "dst_ip": "54.183.194.19", 
        "dst_port": "80", 
        "headers": {
            "ACCEPT-ENCODING": "gzip", 
            "CONNECTION": "Keep-Alive", 
            "HOST": "up.cm.ksmobile.com", 
            "USER-AGENT": "Dalvik/2.1.0 (Linux; U; Android 5.1.1; Nexus 6 Build/LMY48I)"
        }, 
        "host": "up.cm.ksmobile.com", 
        "is_host_ip": 0, 
        "label": 0, 
        "md5": null, 
        "method": "GET", 
        "package_name": "com.cleanmaster.mguard", 
        "pii_types": null, 
        "platform": "android", 
        "post_body": "-", 
        "referrer": "-", 
        "src_ip": "10.11.2.3", 
        "src_port": "48577", 
        "tk_flag": 0, 
        "ts": "1441698361.567116", 
        "uri": "/antiyscan/seevent.ini", 
        "user_agent": "Dalvik/2.1.0 (Linux; U; Android 5.1.1; Nexus 6 Build/LMY48I)"
    }, 
    "1441698361.986297,Capj4b2m6s8okap2Jl": {
        "domain": "ksmobile.com", 
        "dst_ip": "54.240.160.63", 
        "dst_port": "80", 
        "headers": {
            "ACCEPT-ENCODING": "gzip", 
            "CONNECTION": "Keep-Alive", 
            "HOST": "dl.cm.ksmobile.com", 
            "USER-AGENT": "Dalvik/2.1.0 (Linux; U; Android 5.1.1; Nexus 6 Build/LMY48I)"
        }, 
        "host": "dl.cm.ksmobile.com", 
        "is_host_ip": 0, 
        "label": 0, 
        "md5": null, 
        "method": "GET", 
        "package_name": "com.cleanmaster.mguard", 
        "pii_types": null, 
        "platform": "android", 
        "post_body": "-", 
        "referrer": "-", 
        "src_ip": "10.11.2.3", 
        "src_port": "33864", 
        "tk_flag": 0, 
        "ts": "1441698361.986297", 
        "uri": "/antiyscan/seevent/20150701_en.zip", 
        "user_agent": "Dalvik/2.1.0 (Linux; U; Android 5.1.1; Nexus 6 Build/LMY48I)"
    }, 
    "1441698362.088135,Cb0duB27VtIvrHRwE6": {
        "domain": "ksmobile.net", 
        "dst_ip": "54.201.203.70", 
        "dst_port": "80", 
        "headers": {
            "ACCEPT-ENCODING": "gzip", 
            "CHARSET": "UTF-8", 
            "CONNECTION": "Keep-Alive", 
            "CONTENT-LENGTH": "1113", 
            "CONTENT-TYPE": "multipart/form-data; boundary=----------------------------7d92221b604bc", 
            "HOST": "apkquery.ksmobile.net", 
            "USER-AGENT": "Dalvik/2.1.0 (Linux; U; Android 5.1.1; Nexus 6 Build/LMY48I)"
        }, 
        "host": "apkquery.ksmobile.net", 
        "is_host_ip": 0, 
        "label": 0, 
        "md5": null, 
        "method": "POST", 
        "package_name": "com.cleanmaster.mguard", 
        "pii_types": null, 
        "platform": "android", 
        "post_body": "-", 
        "referrer": "-", 
        "src_ip": "10.11.2.3", 
        "src_port": "42430", 
        "tk_flag": 0, 
        "ts": "1441698362.088135", 
        "uri": "/fqexpack", 
        "user_agent": "Dalvik/2.1.0 (Linux; U; Android 5.1.1; Nexus 6 Build/LMY48I)"
    }, 
    "1441698362.108688,C7GSI815gbzBXL3rxf": {
        "domain": "ksmobile.net", 
        "dst_ip": "54.201.203.70", 
        "dst_port": "80", 
        "headers": {
            "ACCEPT-ENCODING": "gzip", 
            "CHARSET": "UTF-8", 
            "CONNECTION": "Keep-Alive", 
            "CONTENT-LENGTH": "1113", 
            "CONTENT-TYPE": "multipart/form-data; boundary=----------------------------7d92221b604bc", 
            "HOST": "apkquery.ksmobile.net", 
            "USER-AGENT": "Dalvik/2.1.0 (Linux; U; Android 5.1.1; Nexus 6 Build/LMY48I)"
        }, 
        "host": "apkquery.ksmobile.net", 
        "is_host_ip": 0, 
        "label": 0, 
        "md5": null, 
        "method": "POST", 
        "package_name": "com.cleanmaster.mguard", 
        "pii_types": null, 
        "platform": "android", 
        "post_body": "-", 
        "referrer": "-", 
        "src_ip": "10.11.2.3", 
        "src_port": "35683", 
        "tk_flag": 0, 
        "ts": "1441698362.108688", 
        "uri": "/fqexpack", 
        "user_agent": "Dalvik/2.1.0 (Linux; U; Android 5.1.1; Nexus 6 Build/LMY48I)"
    }, 
    "1441698362.145776,Cg9yQE3AVyULMI7go": {
        "domain": "ksmobile.net", 
        "dst_ip": "54.201.203.70", 
        "dst_port": "80", 
        "headers": {
            "ACCEPT-ENCODING": "gzip", 
            "CHARSET": "UTF-8", 
            "CONNECTION": "Keep-Alive", 
            "CONTENT-LENGTH": "1113", 
            "CONTENT-TYPE": "multipart/form-data; boundary=----------------------------7d92221b604bc", 
            "HOST": "apkquery.ksmobile.net", 
            "USER-AGENT": "Dalvik/2.1.0 (Linux; U; Android 5.1.1; Nexus 6 Build/LMY48I)"
        }, 
        "host": "apkquery.ksmobile.net", 
        "is_host_ip": 0, 
        "label": 0, 
        "md5": null, 
        "method": "POST", 
        "package_name": "com.cleanmaster.mguard", 
        "pii_types": null, 
        "platform": "android", 
        "post_body": "-", 
        "referrer": "-", 
        "src_ip": "10.11.2.3", 
        "src_port": "40613", 
        "tk_flag": 0, 
        "ts": "1441698362.145776", 
        "uri": "/fqexpack", 
        "user_agent": "Dalvik/2.1.0 (Linux; U; Android 5.1.1; Nexus 6 Build/LMY48I)"
    }, 
    "1441698362.181450,CI3zWb2BWoeCBrXou4": {
        "domain": "ksmobile.net", 
        "dst_ip": "54.201.203.70", 
        "dst_port": "80", 
        "headers": {
            "ACCEPT-ENCODING": "gzip", 
            "CHARSET": "UTF-8", 
            "CONNECTION": "Keep-Alive", 
            "CONTENT-LENGTH": "1113", 
            "CONTENT-TYPE": "multipart/form-data; boundary=----------------------------7d92221b604bc", 
            "HOST": "apkquery.ksmobile.net", 
            "USER-AGENT": "Dalvik/2.1.0 (Linux; U; Android 5.1.1; Nexus 6 Build/LMY48I)"
        }, 
        "host": "apkquery.ksmobile.net", 
        "is_host_ip": 0, 
        "label": 0, 
        "md5": null, 
        "method": "POST", 
        "package_name": "com.cleanmaster.mguard", 
        "pii_types": null, 
        "platform": "android", 
        "post_body": "-", 
        "referrer": "-", 
        "src_ip": "10.11.2.3", 
        "src_port": "56120", 
        "tk_flag": 0, 
        "ts": "1441698362.181450", 
        "uri": "/fqexpack", 
        "user_agent": "Dalvik/2.1.0 (Linux; U; Android 5.1.1; Nexus 6 Build/LMY48I)"
    }, 
    "1441698363.444492,CYJBCv4c4L8qKCP5Ja": {
        "domain": "ksmobile.net", 
        "dst_ip": "54.187.199.127", 
        "dst_port": "80", 
        "headers": {
            "ACCEPT-ENCODING": "gzip", 
            "CONNECTION": "Keep-Alive", 
            "CONTENT-LENGTH": "6195", 
            "CONTENT-TYPE": "application/x-www-form-urlencoded", 
            "HOST": "urlauth.ksmobile.net", 
            "USER-AGENT": "Dalvik/2.1.0 (Linux; U; Android 5.1.1; Nexus 6 Build/LMY48I)"
        }, 
        "host": "urlauth.ksmobile.net", 
        "is_host_ip": 0, 
        "label": 0, 
        "md5": null, 
        "method": "POST", 
        "package_name": "com.cleanmaster.mguard", 
        "pii_types": null, 
        "platform": "android", 
        "post_body": "3\\x18\\xa7:\\xdc\\x1e\\x1a\\x008\\x03\\x03_Q\\x06\\x0a\\x1dE2\\x0e;\\R3\\x1b\\x0d\\x967jd70TwToX9\\xbbFan\\xa2\\xe0}\\xff\\xc8\\x112\\xc2\\xc8z\\x8c\\xff>Rz9b7jd#\\xcb\\xce\\xe7\\xb8\\xec\\xd3\\x03%x\\xd3d.Js\\xa7\\xc47ywToX9\\xd7N\\x0a\\x1b:8\\x97\\xf6\\x09\\xf3\\x7f\\xbc?\"\\xe9\\x8a\\xefSz9b7jdh\\x07H\\xcd\\xd2;{\\xech\\x0b_\\xf0\\x82Kk\\xbcU5ywToX9{\\xc4N\\xc0\\xf0Rr\\x01b\\xfbd\\x87\\x81\\xca\\xd79lQz9b7jd\\xd7\\xe66\\x8e\\xac.*\\xe1\\xf6\\xa8\\x087k\\x0c\\xb8\\x96N4ywToX9\\xaf\\x086wm\\xc7\\x06\\x8e\\x88\\xf8Rb\\xd6A\\xa7\\xb6Q^z9b7jd\\xc2\\xdf\"\\x18\\xb3\\x17m+\\xc4\\x15\\x03\\xb4<\\xa1tS\\xa4;ywToX9\\xc41\\xff\\x1b\\xc6v2\\xef$\\x98;\\xf9\\xf3\\xf7\\xb1\\x9bH_z9b7jd\\x0f:\\x03\\x05=\\x08 \\xd6r5\\xb1\\xbbXwlRg:ywToX9\\xb9~ \\xef4\\xee \\xf4a=\\x00-\\xcd\\xe1a\\xdd|\\z9b7jd\\xad |\\x9bp\\xd0\\xe5&\\xe6O8\\xa0\\x98\\xf4l\\x0b\\xf49ywToX9Y\\xddI~\\x04\\xeb\\xbe\\x0b\\xee\\xf8\\xc8\\x1f\\xd3\\xab\\x09\\xa6,]z9b7jd\\xfbj\\xfc\\xda]9\\xe5\\xf4\\x12rX\\x80\\xf4lH\\xd3\\x1c?ywToX9\\xb4\\xe6\\xe6\\xe4h\\xae^_>\\x1aJ\\xf8\\xf1\\x14\\xb9\\x8d1Zz9b7jd+]\\x7f\\x1f+\\x93\\xfb\\x0f\\xd4\\xb3n\\xc1\\x7f \\xb2\\xc7B?ywToX9`\\x95\\xfe\\x85\\xacq\\x9a\\x95\\xd5f:\\x0aZ\\xbb\\xa2\\x05y[z9b7jd\\xed\\xfe\\xf6W'\\x90\\x02\\xc8@-\\xae/r\"\\x10uI>ywToX9\\xad\\xc1\\xb3\\xf2 \\xa1z\\x1b\\xddI.\\xee\\x81\\x09\\x93\\x0a~Xz9b7jd\\xa3\\xa1\\x01l\\xfd&\\x96j\\xae\\xdbOp\\xfa\"\\x89\\xf8x=ywToX9\\xaf.\\xca\\x0f\\xbe\\x1es\\xa7!\\x06\\x9f= \\xd0\\xd2\\x09xYz9b7jd\\xb4\\xac,h\\xc3\\x891\\xe4\\xb8b\\xf1\\xe4\\xdb0\\xb9H\\xdc<ywToX9t5\\xe4\\xfca D\\x96\\xa5\\x99-\\x04D\\x0b\\xda\\xd4eFz9b7jd\\x97\\xee\\x06\\xa5\\xc4\\xbe\\xbd\\xab\\x93\\\\x12\\xd0hU\\xf5\\xa2\\xf8#ywToX9\\x18\\x11\\xfdi\\x9c\\xe9\\x0d]\\x9f\\xd4n\\xf8H\\x87V\\xa6\\x9aFz9b7jd\\xf8\\x8bs\\x9f\\xcc\\xf0i\\xd4\\xcf\\xe0\\xc0\\xed@O*\\x8b\\xf2\"ywToX9-m\\xe9w\\xdd0\\xfe\\x13\\xc2\\x0e\\xb8y:)\\xcdn\\x8fGz9b7jdk\\x83\\x11\\xa5\\x859\\xf1\\x91\\xaf\\xc1 \\xd0\\x9d\\x0b{\\xb60!ywToX9\\xaciA\\xd6[:\\xd579\\x1b\\xb3\\xf0\\x7f\\xfd\\x18\\x18!Dz9b7jdn\\x03\\x1ejT\\xf6\\xcf0\\\\x92$ T\\x19g\\x99l!ywToX9\\x81\\xdcGs\\xfb\\x8e\\xc5\\xcbC\\xb5\\x13\\xc2\\xa4\\x12r\\x14\\x97Dz9b7jd\\xc0\\xa99U\\xfa\\x0c\\xffU\\xbe1d\\x13\\xf4@\\xaf\\xcb8 ywToX9\\xecZ\\xdfhC\\x97\\xb8\\xb5\\xe0\\xb8\\x1d\\xc8\\x16\\x19kV\\x8fEz9b7jde[N}\\xeaL\\x8f\\\\x8b}-\\xa5\\xee\\x12\\x10 3'ywToX9EN\\xbd_rU\\xee\\xa6\\xbbD\\x90\\x97\\xf0\\xf8\\x96\\xfdCBz9b7jd\\xb0\\x87D\\xf5R\\\\xdd\\x94\\xbf<\\xb3\\x98S\\x90W|\\xc1'ywToX9#\\xc4s8\\xca\\xd6\\xd2\\x96U\\xd8\\xa1\\x18\\xc3\\x98\\xf1snCz9b7jdJ\\x1b*\\xc3+\\x00\\xd0\\x18\\x8c\\xb7U!O\\xaaz}\\x0c&ywToX9\\xd7N_\\xec\\x1a\\x97y\\xbb\\x89\\xb7b\\xc5\\xf2\\x88x \\x09Cz9b7jd\\xe9^\\x88\\x8e\\xf8\\x90G\\xca\\x1e\\x7f\\x01\\xa9G&\\x88\\xe2%%ywToX9\\x8e\\x0c0\\x99\\x15\\x84\\xa0Hm\\x08\\x88\\xa8\\xa7V\\x9f\\!@z9b7jdm\\xb5\\x8fPxq[\\x89\\x92\\x1a\\xbb|\\xbe\\xc9j!\\x93%ywToX9\\xe3d|\\xd4\\x10\\xcc>\\xef\\xd8\\xec0mH\\xd0\\xee\\x88gAz9b7jdA\"hy\\xb8\\x11[h:\\xb6y\\xe1\\x8a\\xdc\\x99\\x99^$ywToX9\\x18\\xed\\x8eW\\x8c\\x84\\x02w\\xc2\\x10{i\\x9e\\x07`Y\\x8eAz9b7jd\\xa33\\x11\\x03 \\x1f+\\x03Ly\\x0dN\\x15\\x19\\x0d\\x0bXT\\x15\\x12z\\x091\\x16\\x103\\x1bK\\x01_U\\x15\\x0aD\\x10\\x190\\x00/JHoO\\x09DX\\x1bY@Z\\x17\\x13;\\x18+\\x12ZcJ\\x1f\\x03F\\x19YT[\\x0b\\x189\\x0av\\x17Uo\\x13\\x0cU\\x19_T\\x03\\x03\\x13G>[~Z\\x0f?\\x1fW\\x16\\x0a\\x07\\x17\\x1aR\\x17\\x13&\\x001]N1\\x15V\\x05[\\x0fBD\\\\x0c\\x057\\x0a1]^5\\x12K\\x0dZ\\x0fIZ\\\\x1b\\x1e8\\x0a~\\\\x10&\\x0c\\x04S\\x11\\x03\\x01\\x0af-1yW\\xcf9\\x0b\"\\x0eI\\x11\\x0dEK@D\\x0eY3\\x007^\\x0f3T_\\x0b\\x18\\x19\\x01VA\\x1a\\x1fk\\x1eeL\\x01#\\x14M\\x17\\x1c\\x1e\\x0bBP\\x11Q;\\x1eeL\\x01#\\x14M\\x17\\x1c\\x1e\\x0bBP\\x11Q5\\x1e+\\x04\\x00>\\x08V\\x0fRDT\\x19\\x05@\\x1eaVv\\x01SbBSR]^BT_\\x10\\x12:\\x1beT\\x10{\\x1bW\\x06E\\x05\\x0dS\\x1e\\x1e\\x18;\\x084\\E%\\x15L\\x10T\\x0f\\x0dS\\x0e\\x1a\\x1f&\\x005\\N;\\x15[\\x0b[\\x0fBR@\\x09\\x01i^~P\\x06k/m$\\x1aR\\xb07[\\x0d\\x03$\\x1cb\\x16L!\\x0dNLP\\x05\\x0bP_\\x1cY2\\x06wJ\\x067\\x08Z\\x0a\\x08\\x1bYT\\\\x17\\x11=\\x08-K\\x0a8\\x1d\\x12\\x06Y\\x0bOVW\\x0a\\x1b\\x7f\\x091W\\x0f7\\x14]DX\\x1bYT\\\\x17\\x11=\\x08-K\\x0a8\\x1d\\x12\\x06Y\\x0bOVW\\x0a\\x1b\\x7f\\x091W\\x0f7\\x14]DV\\x1b\\x17\\x0aP\\x11\\x05;\\x02=\\x17M`CPW\\x00DU\\x06\\x06K@>_2\\x0dE5\\x16P\\x07Y\\x1eYZ@T\\x16:\\x0b*V\\x0a2W^\\x0dX\\x0d\\x08R\\x15\\x0a\\x18!\\x1d;\\\\x0a2GZ\\x0aE\\x05\\x09R\\x1e\\x14\\x186\\x064\\E3\\x09I\\x14\\x0a[B^VD\"\\x00)u\\x01@'GZ\\x0dY\\x0c\\x0dPF\\x0b\\x12\\x7f\\x0b6XH7\\x1eJ\\x0e\\x1c\\x0c\\x0dY_\\x18\\x190\\xc4XQ\\x17\"\\x0aJX\\x18E\\x13@DW\\x10;\\x00?U\\x06x\\x1cPMD\\x0f\\x05EP\\x11H%R(Q\\x0c8\\x1fJI@\\x03\\x10_\\x18\\x15\\x18#\\x0a+MH%\\x1bKDX\\x1bYG[\\x16\\x191\\x1csN\\x0a\"\\x12\\x12\\x0eX\\x1d\\x01DGR\\x045\\x1d~X\\x12%GZ\\x0aE\\x05\\x09R\\x1dWAm\\x06m\\x0eMgO\\x0aW\\x06\\x00T]\\x07_\\x148\\x06=W\\x17k\\x17JOV\\x04\\x00E\\\\x10\\x13y\\x087V\\x04:\\x1f\\x1f\\x11X\\x1f\\x16TV\\x10\\x13i\\x0c0K\\x0c;\\x1f\\x14\\x0fX\\x08\\x0d[V_\\x12'\\x1f.\\x04Rp\\x13\\_b>\"\\x1a\\x0b\\x11w<\\x1b,I\\x10lU\\x16\\x15@\\x1dJZ\\\\x0d\\x18&\\x004XM5\\x15TMB\\x19KZ\\\\x0d\\x189\\x0e3\\\\x11i\\x0aP\\x06\\x0a,(rk+Er\\x0e;M\\x0a9\\x14\\x04\\x06R\\x19\\x0dP]7\\x12#I5\\\\x0e9\\x08@_X\\x1a\\x10^\\\\x17:1\\x027K\\x1a{L\\x0dA^\\x04\\x10RA\\x10\\x18&@5\\\\x0e9\\x08@\\xd57\\x02\\x10CC\\x0aM{@/N\\x14x\\x1dV\\x0dP\\x06\\x01\\x19U\\x10X'\\x0a9K\\x00>EH_T\\x05\\x0aQZ\\x1e\\x02&\\x066^H2\\x14XIV\\x0e\\x17[\\x18\\x1f\\x1e:\\x039W\\x07p\\x15H_T\\x05\\x0aQZ\\x1e\\x02&\\x066^H2\\x14XIV\\x0e\\x17[\\x18\\x1f\\x1e:\\x039W\\x07p\\x1bH\\x11\\x0a\\x09\\x0cE\\\\x14\\x12zAn\\x00\\x0acM\\x17S\\x06_V\\x00YI\\x1d`I;U\\x0a3\\x14M_Z\\x19IV]\\x1d\\x05;\\x06<\\x14\\x049\\x15^\\x0eRL\\x17XF\\x0b\\x141\\x06<\\x04\\x00>\\x08V\\x0fRG\\x09XQ\\x10\\x1b1I=J\\x13 G\\x08D^\\x0fYbg?Zl0XQ\\x17\"\\x0aJX\\x18E\\x13@DW\\x1a;\\x1b7K\\x0c:\\x1b\\x17\\x01X\\x07KB@V\\x1a;\\x1b7T\\x02=\\x1fK]G\\x03\\x00\\x0au52\\x0c=j\\x1f\\x025\\x0eP\\x0dYW\\x00R@\\x10\\x10:!=NE;\\x1fT\\x0dE\\x13YXC\\x0d\\x1e;\\x01\\x15\\\\x0e9\\x08@O\\x01^GZV\\x14\\x18&\\x16\\xce9\\x0b\"\\x0eI\\x11\\x0dEK@D\\x0eY3\\x007^\\x0f3T_\\x0b\\x18\\x19\\x01VA\\x1a\\x1fk\\x1eeL\\x01#\\x14M\\x17\\x1c\\x1e\\x0bBP\\x11Q;\\x1eeL\\x01#\\x14M\\x17\\x1c\\x1e\\x0bBP\\x11Q5\\x1e+\\x04\\x00>\\x08V\\x0fRDJ\\x01\\x0a\\x10BcAl\\x0aWd\\x10\\x09\\x08\\x03L\\x07[Z\\x1c\\x19 R5JN7\\x14]\\x10X\\x03\\x00\\x1aT\\x16\\x183\\x03=\\x1f\\x109\\x0fK\\x01R\\x03\\x00\\x0aP\\x11\\x05;\\x02=\\x14\\x0e9\\x18P\\x0eRL\\x01DC\\x0fJeI1\\^\\x03.\\x7fO\\x0fId_G\\x0d\\x07n@wN\\x14!TL\\x00B\\x04\\x10B\\x1d\\x1a\\x189@(Q\\x0c8\\x1f\\x16\\x06R\\x1c\\x0dTV\\x0a\\xbaT\\x07,M\\x13%@\\x16M@\\x1d\\x13\\x19T\\x16\\x183\\x03=\\x17\\x05?UJ\\x07V\\x18\\x07_\\x0c\\x08J7\\x006_\\x0a1\\x0fK\\x0bY\\x0dOS]\\x18\\5\\x0b+UH0\\x13W\\x0eV\\x04\\x00\\x11\\\\x08J7\\x006_\\x0a1\\x0fK\\x0bY\\x0dOS]\\x18\\5\\x0b+UH0\\x13W\\x0eV\\x04\\x00\\x11R\\x08\\x04i\\x0c0K\\x0c;\\x1f\\x17L\\x01S\\x0d\\x02\\x04WFeZj\\x0e\\x09f\\x10\\x0dDT\\x06\\x0dR]\\x0dJ9\\x1cuX\\x0d2\\x08V\\x0bSG\\x03X\\\\x1e\\x1b1I+V\\x16$\\x19\\\\x0bSW\\x07_A\\x16\\x1a1B5V\\x01?\\x16\\DR\\x19\\x14A\\x0eHQ=\\x0ael7\\x10W\\x01AFW\\x00YRR\\x045\\x0e,X\\x15#\\x0fJ\\x09N\\x19\\x01[J\\xdbw<\\x1b,I\\x10lU\\x16\\x15@\\x1dJP\\\\x16\\x108\\x0av_\\x0ay\\x09\\\\x03E\\x09\\x0c\\x08BD\\x045\\x1dsO\\x02:\\x0f\\IR\\x1fOA@R\\x02'I7H^%\\x1bKIA\\x0b\\x08BVR\\x12!D.JH#\\x09\\x1f\\x03F\\x19YT[\\x0b\\x189\\x0av\\x17Uo\\x13\\x0cU\\x19R\\\\x03\\x0a\\x13G>[~Z\\x0f?\\x1fW\\x16\\x0a\\x07\\x17\\x1aR\\x17\\x13&\\x001]N1\\x15V\\x05[\\x0fBD\\\\x0c\\x057\\x0a1]^5\\x12K\\x0dZ\\x0fIZ\\\\x1b\\x1e8\\x0a~\\\\x10&\\x0c\\x04S\\x11\\x03\\x01\\x0af-1yW\\xd29\\x0b\"\\x0eI\\x11\\x0dEK@D\\x0eY3\\x007^\\x0f3T_\\x0b\\x18\\x19\\x01VA\\x1a\\x1fk\\x1eeT\\x0c\"\\x15\\x12\\x1a\\x11\\x05\\x15\\x0a^\\x16\\x03;D \\x1f\\x02'\\x09\\x04\\x01_\\x18\\x0bZVWYbV1\\x0cTxH\\x00S\\x0e\\x00T]\\x07_\\x148\\x06=W\\x17k\\x17JOV\\x04\\x00E\\\\x10\\x13y\\x087V\\x04:\\x1f\\x1f\\x11X\\x1f\\x16TV\\x10\\x13i\\x0c0K\\x0c;\\x1f\\x14\\x0fX\\x08\\x0d[V_\\x12'\\x1f.\\x04Rp\\x13\\_b>\"\\x1a\\x0b\\xa3w<\\x1b,I\\x10lU\\x16\\x15@\\x1dJP\\\\x16\\x108\\x0av_\\x0ay\\x09\\\\x03E\\x09\\x0c\\x08BD\\x14;\\x01>P\\x04#\\x08P\\x0cPA\\x00YRR\\x160\\x1c4\\x12\\x05?\\x14U\\x03Y\\x0eBXBD\\x14;\\x01>P\\x04#\\x08P\\x0cPA\\x00YRR\\x160\\x1c4\\x12\\x05?\\x14U\\x03Y\\x0eBVB\\x0aJ7\\x07*V\\x0e3T\\x17T\\x0e\\x03Q\\x00\\x1dHFa]oSS<N\\x1f\\x01[\\x03\\x01YGD\\x1a'B9W\\x07$\\x15P\\x06\\x1a\\x0d\\x0bXT\\x15\\x12r\\x1c7L\\x115\\x1fP\\x06\\x0a\\x09\\x0cE\\\\x14\\x12y\\x027[\\x0a:\\x1f\\x1f\\x07D\\x1a\\x12\\x0a\\x02_\\x1e1R\\x0dm%{B\\x1a\\x13\\x0a\\x0e\\x0aV\\x18\\x15\\x165\\x059R\\x02?\\x09M\\x03\\x1c\\x19\\x05VG\\x18\\x01!\\x1a+\\x12\\x087\\x08M\\x16VOd_G\\x0d\\x07n@wK\\x065\\x15WLZ\\x0f\\x00S_\\x1cY9\\x00:PL7\\x14]\\x10X\\x03\\x00\\x19[\\x0d\\x1a8NXQ\\x17\"\\x0a\\x03M\\x18\\x18\\x01T\\\\x17Y9\\x0a<]\\x0f3TT\\x0dU\\x03K^|*Y<\\x1b5U\\xc0V\\x12M\\x16G\\x19^\\x18\\x1c\\x0e\\x00#A?V\\x0c1\\x16\\LQ\\x03KDV\\x18\\x057\\x07gH^!\\x13W\\x06X\\x1d\\x17\\x1c\\x0aLGr\\x00)\\x04\\x14?\\x14]\\x0d@\\x19O\\x0e\\x06IQ5\\x1e+\\x04\\x00>\\x08V\\x0fRDJ\\x01\\x0a\\x10BcAm\\x09Wf\\x10\\x09\\x08\\x03L\\x07[Z\\x1c\\x19 R5JN7\\x14]\\x10X\\x03\\x00\\x1aT\\x16\\x183\\x03=\\x1f\\x109\\x0fK\\x01R\\x03\\x00\\x0aP\\x11\\x05;\\x02=\\x14\\x0e9\\x18P\\x0eRL\\x01DC\\x0fJeI1\\^\\x03.\\x7fO\\x0fI\\x15\\x0a]\\x1c\\x0f!\\x1cs\\x0cHdJ\\x08WUj\\x0cCG\\x09\\x04n@wN\\x14!TT\\x0dC\\x05\\x16X_\\x18Y7\\x005\\x16\\x16%UT\\x0dC\\x05\\x09VX\\x1c\\x05k\\x1f1]^\\x106|:eXBVP\\x0d\\x1e;\\x01e]\\x06%\\x13^\\x0cy\\x0f\\x13\\x11^\\x1c\\x1a;\\x1d!\\x04\\x0c&\\x0eP\\x0dY'\\x01Z\\\\x0b\\x0eyYl\\x1a\\x017\\x19R\\x12[\\x0b\\x10R\\xaey\\x1f \\x1b(\\x03Ly\\x0dN\\x15\\x19\\x1a\\x07VW\\x0f\\x1e'\\x00*\\x17\\x009TL\\x09\\x18\\x04\\x01@\\x1e\\x09\\x05;\\x0b-Z\\x17y\\x17V\\x00^\\x06\\x01\\x1aC\\x11\\x18:\\x0awW\\x06!WW\\x07O\\x1f\\x17\\x1a\\x06TEd^m\\x14\\x13>\\x15W\\x07\\x1a\\x1f\\x0f\\x1aA\\x1c\\x1b1\\x0e+\\N2\\x1bM\\x07\\x1a\\x1a\\x16^P\\x1cZ'\\x1f=Z\\x0a0\\x13Z\\x03C\\x03\\x0bY\\x1e\\x0b\\x029\\x00-K\\x10{\\x12L\\x03@\\x0f\\x0d\\x1a_\\x1eZ$\\x077W\\x06%WI\\x0aX\\x1e\\x0b\\x1aA\\x1c\\x190\\x0a*\\x14P`K\\x09[\\x04RK\\x073\\x11\\x03 \\x1f+\\x03Ly\\x0dN\\x15\\x19\\x07\\x0bC\\\\x0b\\x188\\x0evZ\\x0c;UL\\x11\\x18\\x07\\x0bC\\\\x14\\x16?\\x0a*\\x06\\x13?\\x1e\\x04${/<e\\x01\\xb3w<\\x1b,I\\x10lU\\x16\\x15@\\x1dJP\\\\x16\\x108\\x0av_\\x0ay\\x09\\\\x03E\\x09\\x0c\\x08BD\\x14;\\x01>P\\x04#\\x08P\\x0cPA\\x00YRR\\x160\\x1c4\\x12\\x05?\\x14U\\x03Y\\x0eBXBD\\x14;\\x01>P\\x04#\\x08P\\x0cPA\\x00YRR\\x160\\x1c4\\x12\\x05?\\x14U\\x03Y\\x0eBVB\\x0aJ7\\x07*V\\x0e3T\\x17T\\x0e\\x03Q\\x00\\x1dHFa]oSS<N\\x1f\\x01[\\x03\\x01YGD\\x1a'B9W\\x07$\\x15P\\x06\\x1a\\x0d\\x0bXT\\x15\\x12r\\x1c7L\\x115\\x1fP\\x06\\x0a\\x09\\x0cE\\\\x14\\x12y\\x027[\\x0a:\\x1f\\x1f\\x07D\\x1a\\x12\\x0a\\x02_\\x1e1R\\x0dm%{B\\x1a\\x13\\x0a\\x0e\\x0aV\\x13\\x18\\x13'\\x03xT\\x0c2\\x1f\\\\x0f^\\xa4d_G\\x0d\\x07'Uw\\x16\\x14!\\x0d\\x17\\x05X\\x05\\x03[VW\\x11=@+\\\\x02$\\x19Q]FW\\x07X]\\x1f\\x1e3\\x1a*P\\x0d1Q]\\x0cVA\\x05S@\\x15\\2\\x066U\\x028\\x1e\\x1f\\x0dFW\\x07X]\\x1f\\x1e3\\x1a*P\\x0d1Q]\\x0cVA\\x05S@\\x15\\2\\x066U\\x028\\x1e\\x1f\\x03F\\x19YT[\\x0b\\x189\\x0av\\x17Uo\\x13\\x0cU\\x19[U\\x02\\x01N\\x1dd\\x05l\\x1f\\x00:\\x13\\\\x0cCW\\x09D\\x1e\\x18\\x190\\x1d7P\\x07{\\x1dV\\x0dP\\x06\\x01\\x11@\\x16\\x02&\\x0c=P\\x07k\\x19Q\\x10X\\x07\\x01\\x1a^\\x16\\x15=\\x03=\\x1f\\x06%\\x0aO_\\x06L\\x0dR\\x0e,#\\x12B`\\x1a\\x12k\\x1eW\\x03\\x1c\\x0b\\x00D_R\\x148\\x0e+\\x12\\x0c>\\x16J\\x0dYsd_G\\x0d\\x07n@wW\\x06!\\x09\\x17\\x05X\\x05\\x03[VW\\x14;A1WL\\x91zQ\\x16C\\x1a\\x17\\x0d\\x1cV\\x00#\\x18v^\\x0c9\\x1dU\\x07\\x19\\x0c\\x0d\\x18@\\x1c\\x16&\\x0c0\\x06\\x12k\\x19V\\x0cQ\\x03\\x03BA\\x10\\x193D<W\\x02}\\x1b]\\x11[A\\x02^]\\x15\\x16:\\x0b~V\\x12k\\x19V\\x0cQ\\x03\\x03BA\\x10\\x193D<W\\x02}\\x1b]\\x11[A\\x02^]\\x15\\x16:\\x0b~X\\x12%GZ\\x0aE\\x05\\x09R\\x1dWAm\\x06m\\x0eMgK\\x0cP\\x00\\x00T]\\x07_\\x148\\x06=W\\x17k\\x17JOV\\x04\\x00E\\\\x10\\x13y\\x087V\\x04:\\x1f\\x1f\\x11X\\x1f\\x16TV\\x10\\x13i\\x0c0K\\x0c;\\x1f\\x14\\x0fX\\x08\\x0d[V_\\x12'\\x1f.\\x04Rp\\x13\\_b>\"\\x1a\\x0bZ\\x06i\\x0b6XH=\\x0fL\\x0eB\\x1c\\x11B@Qw<\\x1b,IYyUJ\\x16X\\x18\\x01\\x19Q\\x08Y7\\x005\\x16\\x04:UL\\x00B\\x04\\x10B\\x1e\\x1c\\x13=\\x1b1V\\x0d{\\x1f\\x0c\\xa87\\x02\\x10CC\\x0aM{@/N\\x14x\\x1dV\\x0dP\\x06\\x01\\x19U\\x10X'\\x0a9K\\x00>EH_T\\x05\\x0aQZ\\x1e\\x02&\\x066^H2\\x14XIV\\x0e\\x17[\\x18\\x1f\\x1e:\\x039W\\x07p\\x15H_T\\x05\\x0aQZ\\x1e\\x02&\\x066^H2\\x14XIV\\x0e\\x17[\\x18\\x1f\\x1e:\\x039W\\x07p\\x1bH\\x11\\x0a\\x09\\x0cE\\\\x14\\x12zAn\\x00\\x0acM\\x17S\\x06_V\\x00YI\\x1d`I;U\\x0a3\\x14M_Z\\x19IV]\\x1d\\x05;\\x06<\\x14\\x049\\x15^\\x0eRL\\x17XF\\x0b\\x141\\x06<\\x04\\x00>\\x08V\\x0fRG\\x09XQ\\x10\\x1b1I=J\\x13 G\\x08D^\\x0fYbg?ZlL)\\x04\\x078\\x1b\\x12\\x03S\\x19\\x08\\x1c^\\x16\\x131\\x0a5PFV\\x12M\\x16GPK\\x18T\\x18\\x1a1\\x0c1K\\x00#\\x09\\x17\\x01X\\x07KCV\\x0b\\x1a'\\x00>J\\x06$\\x0cP\\x01RE}7[\\x0d\\x03$Uw\\x16\\x113\\x19V\\x0c\\x19\\x07\\x01SW\\x15\\x12z\\x027[\\x0ayC9\\x0aC\\x1e\\x14\\x0d\\x1cV\\x00#\\x18vZ\\x0d3\\x0e\\x17\\x01X\\x07KGZ\\x1a\\x03!\\x1d=JL:\\x15N\\x07D\\x1eITV\\x15\\x1by\\x1f0V\\x0d3WK\\x03S\\x03\\x05CZ\\x16\\x19{xXQ\\x17\"\\x0a\\x03M\\x18\\x19\\x10XA\\x1cY6\\x1evZ\\x0c;U^\\x0e\\x18\\xfdd_G\\x0d\\x07'Uw\\x16\\x14!\\x0d\\x17\\x05X\\x05\\x03[VW\\x11=@+\\\\x02$\\x19Q]FW\\x11UF\\x17\\x03!D,V\\x165\\x12\\x1f\\x0dFW\\x11UF\\x17\\x03!D,V\\x165\\x12\\x1f\\x03F\\x19YT[\\x0b\\x189\\x0av\\x09M`CPW\\x0eDQ\\x07\\x01O\\x1dd\\x05l\\x1f\\x00:\\x13\\\\x0cCW\\x09D\\x1e\\x18\\x190\\x1d7P\\x07{\\x1dV\\x0dP\\x06\\x01\\x11@\\x16\\x02&\\x0c=P\\x07k\\x19Q\\x10X\\x07\\x01\\x1a^\\x16\\x15=\\x03=\\x1f\\x06%\\x0aO_\\x06L\\x0dR\\x0e,#\\x12B` c>\\x0eM\\x12\\x0dEK@D\\x0eY2\\x06*J\\x17&\\x15J\\x16\\x19\\x09\\x0bZ\\x1c\\xa2w<\\x1b,I\\x10lU\\x16\\x15@\\x1dJP\\\\x16\\x108\\x0av_\\x0ay\\x09\\\\x03E\\x09\\x0c\\x08BD\\x14;\\x01>P\\x04#\\x08P\\x0cPA\\x00YRR\\x160\\x1c4\\x12\\x05?\\x14U\\x03Y\\x0eBXBD\\x14;\\x01>P\\x04#\\x08P\\x0cPA\\x00YRR\\x160\\x1c4\\x12\\x05?\\x14U\\x03Y\\x0eBVB\\x0aJ7\\x07*V\\x0e3T\\x17T\\x0e\\x03Q\\x00\\x1dHFa]oSS<N\\x1f\\x01[\\x03\\x01YGD\\x1a'B9W\\x07$\\x15P\\x06\\x1a\\x0d\\x0bXT\\x15\\x12r\\x1c7L\\x115\\x1fP\\x06\\x0a\\x09\\x0cE\\\\x14\\x12y\\x027[\\x0a:\\x1f\\x1f\\x07D\\x1a\\x12\\x0a\\x02_\\x1e1R\\x0dm%{B\\x1a\\x13\\x0a\\x0e\\x0aV\\x18\\x18\\x13'\\x03sT\\x0c2\\x1f\\\\x0f^L\\x14E^\\x1dJ=\\x19~J\\x177\\x08M_\\x06Zr7[\\x0d\\x03$Uw\\x16\\x00%TQ\\x07[\\x19\\x0dYX\\x10Y2\\x06w#c>\\x0eM\\x12\\x0dEK@D\\x0eY7\\x1cvQ\\x06:\\x09P\\x0c\\\\x03JQZV\\xa3T\\x07,M\\x13%@\\x16M@\\x1d\\x13\\x19T\\x16\\x183\\x03=\\x17\\x05?UJ\\x07V\\x18\\x07_\\x0c\\x08J7\\x006_\\x0a1\\x0fK\\x0bY\\x0dOS]\\x18\\5\\x0b+UH0\\x13W\\x0eV\\x04\\x00\\x11\\\\x08J7\\x006_\\x0a1\\x0fK\\x0bY\\x0dOS]\\x18\\5\\x0b+UH0\\x13W\\x0eV\\x04\\x00\\x11R\\x08\\x04i\\x0c0K\\x0c;\\x1f\\x17L\\x01S\\x0d\\x02\\x04WFeZj\\x0e\\x09f\\x10\\x0dDT\\x06\\x0dR]\\x0dJ9\\x1cuX\\x0d2\\x08V\\x0bSG\\x03X\\\\x1e\\x1b1I+V\\x16$\\x19\\\\x0bSW\\x07_A\\x16\\x1a1B5V\\x01?\\x16\\DR\\x19\\x14A\\x0eHQ=\\x0ael7\\x10W\\x01AFW\\x00YRR\\x160\\x1c4\\x12\\x0e9\\x1e\\\\x07Z\\x03OV@\\x1c\\x03!\\x04+\\\\x17CzQ\\x16C\\x1a^\\x18\\x1c\\x1f\\x1e&\\x1c,I\\x0c%\\x0e\\x17\\x01X\\x07K\\x1b3\\x11\\x03 \\x1fb\\x16L;T^\\x11Z\\x0b\\x16R]\\x18Y7\\x005\\x16\\x04:\\x15J\\x11V\\x18\\x1d\\x19C\\x11\\x07gP,\\\\x11;GJ\\x03EGd_G\\x0d\\x07'Uw\\x16\\x068TTL@\\x03\\x0f^C\\x1c\\x13=\\x0evV\\x111UN\\x0b\\\\x03Kt\\\\x1d\\x12\\x0b\\x1f9^\\x06\\x09C\\x0cR\\x91j\\x0cCG\\x09\\x04n@wJ\\x0c#\\x14]\\x01[\\x05\\x11S\\x1d\\x1a\\x189@;V\\x0d8\\x1fZ\\x16\\x08\\x09YCA\\x0c\\x12r\\x071^\\x0b:\\x13^\\x0aCW\\x17^T\\x17\\x02$I;U\\x0a3\\x14M=^\\x0eY\\x03\\x03\\x1a\\x142\\x0a=\\x0f[f\\x1b\\x01V\\x03]\\\\x07RMF2\\x0d=\\x0bP3\\x1b\\x01[\\x0eYP\\x11A\\x1c\\x13=\\x1d=Z\\x17\\x09\\x0fK\\x0b\\x0a\\x19\\x0bB]\\x1d\\x148\\x00-]YyUX\\x17C\\x02BEV\\x0a\\x07;\\x01+\\<\"\\x03I\\x07\\x0a\\x09\\x0bSV_\\x047\\x00(\\^8\\x15WOR\\x12\\x14^A\\x10\\x193AXQ\\x17\"\\x0a\\x03M\\x18\\x1d\\x13@\\x1d\\x1e\\x049\\x0e*\\\\x0d7TZ\\x0dZE\\x03[\\\\x0a\\x045\\x1d!\\x17\\x13>\\x0a\\x0a]C\\x0f\\x16Z\\x0e\\x0a\\x16&\\x0fXQ\\x17\"\\x0aJX\\x18E\\x13@DW\\x1a;\\x1b7K\\x0c:\\x1b\\x17\\x01X\\x07KB@V\\x1a;\\x1b7T\\x02=\\x1fK]G\\x03\\x00\\x0au52\\x0c=j\\x1f\\x025\\x0eP\\x0dYW\\x00R@\\x10\\x10:!=NE;\\x1fT\\x0dE\\x13YXC\\x0d\\x1e;\\x01\\x15\\\\x0e9\\x08@O\\x01^GVP\\x1a\\x12:\\x1b+gc>\\x0eM\\x12DPK\\x18D\\x0e\\x00z\\x027M\\x0c$\\x15U\\x03\\x19\\x09\\x0bZ\\x1c\\x0c\\x04{\\x027M\\x0c;\\x1bR\\x07EU\\x14^WD1\\x18*\\x00kQp\\x1bZ\\x16^\\x05\\x0a\\x0aW\\x1c\\x04=\\x086w\\x06!\\T\\x07Z\\x05\\x16N\\x0e\\x16\\x07 \\x067W.3\\x17V\\x10NGR\\x03\\x10\\x1a\\x16'\\x0a+Zc>\\x0eM\\x12DPK\\x18D\\x0e\\x00z\\x027M\\x0c$\\x15U\\x03\\x19\\x09\\x0bZ\\x1c\\x0c\\x04{\\x027M\\x0c;\\x1bR\\x07EU\\x14^WD1\\x18*\\x00kQp\\x1bZ\\x16^\\x05\\x0a\\x0aW\\x1c\\x04=\\x086w\\x06!\\T\\x07Z\\x05\\x16N\\x0e\\x16\\x07 \\x067W.3\\x17V\\x10NGR\\x03\\x10\\x1f\\x05;\\x01,I\\x0f7\\x0e\\\\xe07\\x02\\x10CCCX{\\x160M\\x06?\\x09VLR\\x06\\x0dDRW\\x11=@,\\x0cL\\x13\\x16P\\x11VG2^Z\\x11\\x131B\\x01U\\x06?\\x14\\\\x0c\\x1a\\x01\\x01DX\\x0c\\x04 \\x0a4LL\\x04\\x1fI\\x0eV\\x09\\x0dYTT3\\x1a.ux'\\x056\\x14\\x15^\\x1e\\x0c\\x1av\\x15\\x1e'\\x0euZ\\x024\\x16\\Oa\\x03\\x0d_W\\x1cZ=\\x0b=XN%\\x0eV\\x10NG\\x16RE\\x10\\x12#@,]N&U\\x08S\\x05SRs3\\x11\\x03 \\x1fb\\x16L!\\x0dNLU\\x1bJT\\\\x14X3\\x0dwX\\x12#\\x1bK\\x0bDG\\x01\\x02\\x1e\\x0c\\x15!\\x01,LN3\\x1eP\\x16^\\x05\\x0a\\x14`\\x09\\x127\\x06>P\\x007\\x0eP\\x0dY\\x19![V\\x14\\x12:\\x1b", 
        "referrer": "-", 
        "src_ip": "10.11.2.3", 
        "src_port": "45424", 
        "tk_flag": 0, 
        "ts": "1441698363.444492", 
        "uri": "/spp_query/", 
        "user_agent": "Dalvik/2.1.0 (Linux; U; Android 5.1.1; Nexus 6 Build/LMY48I)"
    }, 
    "1441698363.895994,CYJBCv4c4L8qKCP5Ja": {
        "domain": "ksmobile.net", 
        "dst_ip": "54.187.199.127", 
        "dst_port": "80", 
        "headers": {
            "ACCEPT-ENCODING": "gzip", 
            "CONNECTION": "Keep-Alive", 
            "CONTENT-LENGTH": "393", 
            "CONTENT-TYPE": "application/x-www-form-urlencoded", 
            "HOST": "urlauth.ksmobile.net", 
            "USER-AGENT": "Dalvik/2.1.0 (Linux; U; Android 5.1.1; Nexus 6 Build/LMY48I)"
        }, 
        "host": "urlauth.ksmobile.net", 
        "is_host_ip": 0, 
        "label": 0, 
        "md5": null, 
        "method": "POST", 
        "package_name": "com.cleanmaster.mguard", 
        "pii_types": null, 
        "platform": "android", 
        "post_body": "\\x89\\x01\\x99x\\x94\\xf8\\x1a\\x008\\x03\\x03_Q\\x06\\x0a\\x1dE2\\x0e;\\R3\\x1b\\x0d\\x967jd70\\x7fwToX9x\\xe1\\xbeD\\xdd\\xe2\\xc9\\xf0Y>b\\xfc\\x97\\xed\\x0c\\x06\\xd6Vz9b7jd\\x0b\\xf0XC\\T\\xae\\x88\\x8f\\xac\\xfc\\xca+\\xf5\\xbdq\\xf93ywToX9\\x10\\xc6\\xbb!F\\xcf\\x7f\\x1a\\x00+\\x94\\xfe9\\x0e\\x83V\\x89Vz9b7jd\\x8d\\x01c{\\xf6\\xec\\xe6\\x89\\xf7\\xade\\x89\\xf2^^\\xb1\\x192ywToX9\\x88F\\x80z\\xbc\\xb0\\x10\\xddQ(e\\x9a\\xf04)\"(Wz9b7jdI\\xcd\\x08\\xf5\\x11\\x1e\\x12\\x0d\\x87\\x9b\\x83\\xad\\x85\\xf51\\xedS2ywToX9tV\\x12M\\x16GPK\\x18E\\x09\\x19z\\x02=]\\x07:\\x1f\\x17\\x0fX\\x08\\x0d\\x18)y\\x1f \\x1b(JYyUN\\x15@D\\x02VZ\\x0b\\x07<\\x006\\M5\\x15TMuj\\x0cCG\\x09M{@/N\\x14x\\x1fA\\x12V\\x1eIQZ\\x17\\x1b5\\x01<\\x17\\x009\\x17\\x16\\x16R\\x06\\x01T\\\\x14\\x1a!\\x011Z\\x02\"\\x13V\\x0cD5\\x05YW&\\x1a1\\x0b1XL?\\x09IL_\\x1e\\x09[(y\\x1f \\x1b(\\x03Ly\\x0dN\\x15\\x19\\x1f\\x06B]\\x0d\\x02z\\x0c7TL&\\x12V\\x0cR}d_G\\x0d\\x07n@wTM0\\x13K\\x11C\\x1a\\x0bDGW\\x14;\\x02w\\x1ac>\\x0eM\\x12\\x0dEKAC\\x17Y9\\x0a<]\\x0f3TT\\x0dU\\x03KV]\\x1d\\x05;\\x06<\\x17\\x0b\"\\x17U", 
        "referrer": "-", 
        "src_ip": "10.11.2.3", 
        "src_port": "45424", 
        "tk_flag": 0, 
        "ts": "1441698363.895994", 
        "uri": "/spp_query/", 
        "user_agent": "Dalvik/2.1.0 (Linux; U; Android 5.1.1; Nexus 6 Build/LMY48I)"
    }, 
    "1441698365.121459,Ck64pD3udZi9AjHBu": {
        "domain": "ksmobile.com", 
        "dst_ip": "54.183.194.19", 
        "dst_port": "80", 
        "headers": {
            "ACCEPT-ENCODING": "gzip", 
            "CONNECTION": "Keep-Alive", 
            "HOST": "up.cm.ksmobile.com", 
            "USER-AGENT": "Dalvik/2.1.0 (Linux; U; Android 5.1.1; Nexus 6 Build/LMY48I)"
        }, 
        "host": "up.cm.ksmobile.com", 
        "is_host_ip": 0, 
        "label": 0, 
        "md5": null, 
        "method": "GET", 
        "package_name": "com.cleanmaster.mguard", 
        "pii_types": null, 
        "platform": "android", 
        "post_body": "-", 
        "referrer": "-", 
        "src_ip": "10.11.2.3", 
        "src_port": "48577", 
        "tk_flag": 0, 
        "ts": "1441698365.121459", 
        "uri": "/static/timewall/en_top100.json", 
        "user_agent": "Dalvik/2.1.0 (Linux; U; Android 5.1.1; Nexus 6 Build/LMY48I)"
    }, 
    "1441698365.372706,Capj4b2m6s8okap2Jl": {
        "domain": "ksmobile.com", 
        "dst_ip": "54.240.160.63", 
        "dst_port": "80", 
        "headers": {
            "ACCEPT-ENCODING": "gzip", 
            "CONNECTION": "Keep-Alive", 
            "HOST": "dl.cm.ksmobile.com", 
            "USER-AGENT": "Dalvik/2.1.0 (Linux; U; Android 5.1.1; Nexus 6 Build/LMY48I)"
        }, 
        "host": "dl.cm.ksmobile.com", 
        "is_host_ip": 0, 
        "label": 0, 
        "md5": null, 
        "method": "GET", 
        "package_name": "com.cleanmaster.mguard", 
        "pii_types": null, 
        "platform": "android", 
        "post_body": "-", 
        "referrer": "-", 
        "src_ip": "10.11.2.3", 
        "src_port": "33864", 
        "tk_flag": 0, 
        "ts": "1441698365.372706", 
        "uri": "/static/res/51/a6/LaggyPhone.jpg", 
        "user_agent": "Dalvik/2.1.0 (Linux; U; Android 5.1.1; Nexus 6 Build/LMY48I)"
    }, 
    "1441698365.472604,Cb0duB27VtIvrHRwE6": {
        "domain": "-", 
        "dst_ip": "54.201.203.70", 
        "dst_port": "80", 
        "headers": {
            "-": "-"
        }, 
        "host": "-", 
        "is_host_ip": 0, 
        "label": 0, 
        "md5": null, 
        "method": "-", 
        "package_name": "com.cleanmaster.mguard", 
        "pii_types": null, 
        "platform": "android", 
        "post_body": "-", 
        "referrer": "-", 
        "src_ip": "10.11.2.3", 
        "src_port": "42430", 
        "tk_flag": 0, 
        "ts": "1441698365.472604", 
        "uri": "-", 
        "user_agent": "-"
    }, 
    "1441698365.519583,CePnbTqXSgN2Xc8Wk": {
        "domain": "ksmobile.com", 
        "dst_ip": "54.240.160.63", 
        "dst_port": "80", 
        "headers": {
            "ACCEPT-ENCODING": "gzip", 
            "CONNECTION": "Keep-Alive", 
            "HOST": "dl.cm.ksmobile.com", 
            "USER-AGENT": "Dalvik/2.1.0 (Linux; U; Android 5.1.1; Nexus 6 Build/LMY48I)"
        }, 
        "host": "dl.cm.ksmobile.com", 
        "is_host_ip": 0, 
        "label": 0, 
        "md5": null, 
        "method": "GET", 
        "package_name": "com.cleanmaster.mguard", 
        "pii_types": null, 
        "platform": "android", 
        "post_body": "-", 
        "referrer": "-", 
        "src_ip": "10.11.2.3", 
        "src_port": "37987", 
        "tk_flag": 0, 
        "ts": "1441698365.519583", 
        "uri": "/static/res/fb/14/quanxian514en.jpg", 
        "user_agent": "Dalvik/2.1.0 (Linux; U; Android 5.1.1; Nexus 6 Build/LMY48I)"
    }, 
    "1441698367.440914,CdVuNV2hqX3QRodOw8": {
        "domain": "ksmobile.com", 
        "dst_ip": "54.215.186.241", 
        "dst_port": "80", 
        "headers": {
            "ACCEPT-ENCODING": "gzip", 
            "ACCEPT-LANGUAGE": "en_US", 
            "APPID": "792143", 
            "CONNECTION": "close", 
            "CONTENT-DISPOSITION": "form-data; name=\"ver\"", 
            "CONTENT-TYPE": "multipart/form-data; boundary=3i2ndDfv2rTHiSisAbouNdArYfORhtTPEefj3q2f", 
            "HOST": "uc.cm.ksmobile.com", 
            "SID": "F79FE641E241188E1438178512E45492", 
            "SIG": "00hYbVEopQf2A6oo1kG2jTP9izQ", 
            "TRANSFER-ENCODING": "chunked", 
            "USER-AGENT": "FBAndroidSDK.0.0.1"
        }, 
        "host": "uc.cm.ksmobile.com", 
        "is_host_ip": 0, 
        "label": 0, 
        "md5": null, 
        "method": "POST", 
        "package_name": "com.cleanmaster.mguard", 
        "pii_types": null, 
        "platform": "android", 
        "post_body": "1441698362935\\x0d\\x0a90420a06145f93683a104177924599e2\\x0d\\x0asecurityreport\\x0d\\x0a0d02f761a30729d584174c78a93510e0\\x0d\\x0a1441698363\\x0d\\x0acm\\x0d\\x0a1\\x0d\\x0a", 
        "referrer": "-", 
        "src_ip": "10.11.2.3", 
        "src_port": "59978", 
        "tk_flag": 0, 
        "ts": "1441698367.440914", 
        "uri": "/count/index", 
        "user_agent": "FBAndroidSDK.0.0.1"
    }, 
    "1441698367.815356,CdVuNV2hqX3QRodOw8": {
        "domain": "-", 
        "dst_ip": "54.215.186.241", 
        "dst_port": "80", 
        "headers": {
            "-": "-"
        }, 
        "host": "-", 
        "is_host_ip": 0, 
        "label": 0, 
        "md5": null, 
        "method": "-", 
        "package_name": "com.cleanmaster.mguard", 
        "pii_types": null, 
        "platform": "android", 
        "post_body": "-", 
        "referrer": "-", 
        "src_ip": "10.11.2.3", 
        "src_port": "59978", 
        "tk_flag": 0, 
        "ts": "1441698367.815356", 
        "uri": "-", 
        "user_agent": "-"
    }, 
    "1441698369.454398,C7GSI815gbzBXL3rxf": {
        "domain": "-", 
        "dst_ip": "54.201.203.70", 
        "dst_port": "80", 
        "headers": {
            "-": "-"
        }, 
        "host": "-", 
        "is_host_ip": 0, 
        "label": 0, 
        "md5": null, 
        "method": "-", 
        "package_name": "com.cleanmaster.mguard", 
        "pii_types": null, 
        "platform": "android", 
        "post_body": "-", 
        "referrer": "-", 
        "src_ip": "10.11.2.3", 
        "src_port": "35683", 
        "tk_flag": 0, 
        "ts": "1441698369.454398", 
        "uri": "-", 
        "user_agent": "-"
    }, 
    "1441698371.477288,Cg9yQE3AVyULMI7go": {
        "domain": "-", 
        "dst_ip": "54.201.203.70", 
        "dst_port": "80", 
        "headers": {
            "-": "-"
        }, 
        "host": "-", 
        "is_host_ip": 0, 
        "label": 0, 
        "md5": null, 
        "method": "-", 
        "package_name": "com.cleanmaster.mguard", 
        "pii_types": null, 
        "platform": "android", 
        "post_body": "-", 
        "referrer": "-", 
        "src_ip": "10.11.2.3", 
        "src_port": "40613", 
        "tk_flag": 0, 
        "ts": "1441698371.477288", 
        "uri": "-", 
        "user_agent": "-"
    }, 
    "1441698380.129820,Capj4b2m6s8okap2Jl": {
        "domain": "ksmobile.com", 
        "dst_ip": "54.240.160.63", 
        "dst_port": "80", 
        "headers": {
            "ACCEPT-ENCODING": "gzip", 
            "CONNECTION": "Keep-Alive", 
            "HOST": "dl.cm.ksmobile.com", 
            "USER-AGENT": "Dalvik/2.1.0 (Linux; U; Android 5.1.1; Nexus 6 Build/LMY48I)"
        }, 
        "host": "dl.cm.ksmobile.com", 
        "is_host_ip": 0, 
        "label": 0, 
        "md5": null, 
        "method": "GET", 
        "package_name": "com.cleanmaster.mguard", 
        "pii_types": null, 
        "platform": "android", 
        "post_body": "-", 
        "referrer": "-", 
        "src_ip": "10.11.2.3", 
        "src_port": "33864", 
        "tk_flag": 0, 
        "ts": "1441698380.129820", 
        "uri": "/static/res/12/e2/mobilepayments3facts.jpg", 
        "user_agent": "Dalvik/2.1.0 (Linux; U; Android 5.1.1; Nexus 6 Build/LMY48I)"
    }, 
    "1441698381.568884,C7dwLV3jf8DlOByRS1": {
        "domain": "adkmob.com", 
        "dst_ip": "54.84.150.128", 
        "dst_port": "80", 
        "headers": {
            "CONNECTION": "Keep-Alive", 
            "CONTENT-LENGTH": "228", 
            "CONTENT-TYPE": "text/plain; charset=ISO-8859-1", 
            "HOST": "profile.adkmob.com"
        }, 
        "host": "profile.adkmob.com", 
        "is_host_ip": 0, 
        "label": 1, 
        "md5": null, 
        "method": "POST", 
        "package_name": "com.cleanmaster.mguard", 
        "pii_types": [
            "AdvertiserId", 
            "AndroidId"
        ], 
        "platform": "android", 
        "post_body": "v=15&ac=50&pos=30500&mid=104&lan=en_&ext=&cmver=51052776&mcc=244&mnc=05&pl=2&channelid=200001&lp=0&gaid=RECON_AdvertiserId_0bf2d2b1554d425ca1df635e150e1981&aid=RECON_AndroidId_6fdea6fee97a4607bede2dbcf339dfd3&attach=[{\"pkg\":\"com.security.timewall\",\"sug\":-1,\"res\":0,\"des\":\"\"}]", 
        "referrer": "-", 
        "src_ip": "10.11.2.3", 
        "src_port": "35891", 
        "tk_flag": 0, 
        "ts": "1441698381.568884", 
        "uri": "/ud/", 
        "user_agent": "-"
    }, 
    "1441698391.291864,CAtosT2sYeWyM6IB08": {
        "domain": "adkmob.com", 
        "dst_ip": "107.23.191.225", 
        "dst_port": "80", 
        "headers": {
            "CONNECTION": "Keep-Alive", 
            "CONTENT-LENGTH": "192", 
            "HOST": "cm.adkmob.com"
        }, 
        "host": "cm.adkmob.com", 
        "is_host_ip": 0, 
        "label": 1, 
        "md5": null, 
        "method": "POST", 
        "package_name": "com.cleanmaster.mguard", 
        "pii_types": [
            "AndroidId"
        ], 
        "platform": "android", 
        "post_body": "\\x80\\x1a\\x91,\\x0f_\\xd1\\x9c\\x1d\\x8bd\\xa83O\\x08\\xeb\\xb4\\x94(\\xb5\\xe1K'7\\x16K\\xeb\\x99\\x11\\xc8\\x875\\xa5kc\\x87;_\\xdb\\x0b\\x12g@\\xd2\\x87\\x85&\\xfd\\x16\\x14\\xf4\\xaa\\xba\\xc6\\xcb\\xaa=\\x08FW%\\xed&\\xd3/\\xdeU\\xb7\\xb8\\xb0\\x9f\\xc80\\xf1\\x89\\xfa!jn\\xe6\\x9b\\xd85\\xd4\\xdc\\x1c\\x01\\x94\\xa2\\x9f>;\\xed\\x87\\x91\\xf3\\xfd\\xc2\\xd3\\x90-2\\xb0\\xf3\\x8cR\\xf4`\\x05\\xd5\\xf0\\xfa\\xf0a\\xe5\\x1e%\\xa3\\xcf2\\x19\\xa9\\xcd%4\\xd9 T\\xa3\\xd1#p\\xb4\\xd6\\xeaX\\x16\\xb8\\x12f\\xddZ\\xd1\\xd2\\xbfa\\x16\\x84\\xfa\\x14L+\\xde{\\x0b\\xef\\xfa \\xafx\\xeb\\x1e~\\xb0\\x86\\xdb\\xde\\xd3u\\xfa\\x9a\\xe2\\xa8\\xf9\\x0a\\xa6\\xc6t\\xe3V\\xe9P\\x95\\xe4[\\xc2Pv\\xf0\\xf96\\x86", 
        "referrer": "-", 
        "src_ip": "10.11.2.3", 
        "src_port": "45375", 
        "tk_flag": 0, 
        "ts": "1441698391.291864", 
        "uri": "/getCatalog/?android_id=RECON_AndroidId_c83344e36f6649fa8c135659b6196f2c&cver=51052776&mcc=244&model=Nexus+6&brand=google&os_version=22&lan=en&country=us&ch=200001&resolution=2392x1440&net=1&k=1", 
        "user_agent": "-"
    }, 
    "1441698399.720535,CePnbTqXSgN2Xc8Wk": {
        "domain": "ksmobile.com", 
        "dst_ip": "54.240.160.63", 
        "dst_port": "80", 
        "headers": {
            "ACCEPT-ENCODING": "gzip", 
            "CONNECTION": "Keep-Alive", 
            "HOST": "dl.cm.ksmobile.com", 
            "USER-AGENT": "Dalvik/2.1.0 (Linux; U; Android 5.1.1; Nexus 6 Build/LMY48I)"
        }, 
        "host": "dl.cm.ksmobile.com", 
        "is_host_ip": 0, 
        "label": 0, 
        "md5": null, 
        "method": "GET", 
        "package_name": "com.cleanmaster.mguard", 
        "pii_types": null, 
        "platform": "android", 
        "post_body": "-", 
        "referrer": "-", 
        "src_ip": "10.11.2.3", 
        "src_port": "37987", 
        "tk_flag": 0, 
        "ts": "1441698399.720535", 
        "uri": "/static/res/4a/47/1.png", 
        "user_agent": "Dalvik/2.1.0 (Linux; U; Android 5.1.1; Nexus 6 Build/LMY48I)"
    }, 
    "1441698408.633971,CLK5AT1nUnbXQe40Q7": {
        "domain": "adkmob.com", 
        "dst_ip": "52.7.4.63", 
        "dst_port": "80", 
        "headers": {
            "ACCEPT-ENCODING": "gzip", 
            "CONNECTION": "Keep-Alive", 
            "HOST": "ssdk.adkmob.com", 
            "USER-AGENT": "Mozilla/5.0 (Linux; Android 5.1.1; Nexus 6 Build/LMY48I; wv) AppleWebKit/537.36 (KHTML\\x2c like Gecko) Version/4.0 Chrome/44.0.2403.117 Mobile Safari/537.36"
        }, 
        "host": "ssdk.adkmob.com", 
        "is_host_ip": 0, 
        "label": 1, 
        "md5": null, 
        "method": "GET", 
        "package_name": "com.cleanmaster.mguard", 
        "pii_types": [
            "AdvertiserId", 
            "AndroidId"
        ], 
        "platform": "android", 
        "post_body": "-", 
        "referrer": "-", 
        "src_ip": "10.11.2.3", 
        "src_port": "51493", 
        "tk_flag": 0, 
        "ts": "1441698408.633971", 
        "uri": "/b/?v=15&mid=104&sdkt=1&lan=en_&brand=google&model=Nexus+6&cver=51052776&mcc=244&mnc=05&ov=22&nt=1&ch=200001&resolution=2392*1440&dpi=3.5&pl=2&tz=+0300&mem_size=2970&gaid=RECON_AdvertiserId_2c988757d77a40e3a43e912ce71b9eb3&androidid=RECON_AndroidId_50d9cf5b9dcb40b69c62ad95277419b0&posid=11&pg=0&offset=0&adn=20", 
        "user_agent": "Mozilla/5.0 (Linux; Android 5.1.1; Nexus 6 Build/LMY48I; wv) AppleWebKit/537.36 (KHTML, like Gecko) Version/4.0 Chrome/44.0.2403.117 Mobile Safari/537.36"
    }, 
    "1441698409.428967,CwAXWJutPRn9fAack": {
        "domain": "adkmob.com", 
        "dst_ip": "52.7.4.63", 
        "dst_port": "80", 
        "headers": {
            "CONNECTION": "Keep-Alive", 
            "CONTENT-LENGTH": "361", 
            "CONTENT-TYPE": "text/plain; charset=ISO-8859-1", 
            "HOST": "ssdk.adkmob.com"
        }, 
        "host": "ssdk.adkmob.com", 
        "is_host_ip": 0, 
        "label": 1, 
        "md5": null, 
        "method": "POST", 
        "package_name": "com.cleanmaster.mguard", 
        "pii_types": [
            "AdvertiserId", 
            "AndroidId"
        ], 
        "platform": "android", 
        "post_body": "v=15&ac=50&pos=9999&mid=300&lan=en_&ext=&cmver=51052776&mcc=244&mnc=05&pl=2&channelid=200001&lp=0&gaid=RECON_AdvertiserId_8cc5136eaa50459c94b77f9c890c9fb1&aid=RECON_AndroidId_fbc7c1d5dbd84e03abaf3c5ca5811097&attach=[{\"pkg\":\"com.discover\",\"sug\":-1,\"res\":100,\"des\":\"\"},{\"pkg\":\"com.games\",\"sug\":-1,\"res\":100,\"des\":\"\"},{\"pkg\":\"com.apps\",\"sug\":-1,\"res\":100,\"des\":\"\"},{\"pkg\":\"com.top\",\"sug\":-1,\"res\":100,\"des\":\"\"}]", 
        "referrer": "-", 
        "src_ip": "10.11.2.3", 
        "src_port": "51715", 
        "tk_flag": 0, 
        "ts": "1441698409.428967", 
        "uri": "/rp/", 
        "user_agent": "-"
    }, 
    "1441698409.498338,CoDR1O2svFxYze6bI1": {
        "domain": "adkmob.com", 
        "dst_ip": "52.7.4.63", 
        "dst_port": "80", 
        "headers": {
            "CONNECTION": "Keep-Alive", 
            "CONTENT-LENGTH": "1132", 
            "CONTENT-TYPE": "text/plain; charset=ISO-8859-1", 
            "HOST": "ssdk.adkmob.com"
        }, 
        "host": "ssdk.adkmob.com", 
        "is_host_ip": 0, 
        "label": 1, 
        "md5": null, 
        "method": "POST", 
        "package_name": "com.cleanmaster.mguard", 
        "pii_types": [
            "AdvertiserId", 
            "AndroidId"
        ], 
        "platform": "android", 
        "post_body": "v=15&ac=50&pos=11&mid=104&lan=en_&ext=&cmver=51052776&mcc=244&mnc=05&pl=2&channelid=200001&lp=0&gaid=RECON_AdvertiserId_03579472e7c14fc49d9d4232ca6b94f4&aid=RECON_AndroidId_e7889b976cf54647ad9302fd64910d18&attach=[{\"pkg\":\"com.sri.mobilenumberlocator\",\"sug\":90,\"res\":0,\"des\":\"405_317_1183_1194_1306_1300_1302_1017|173ea5b71a3f4abb|88380|0|1||0|0|net_type=1|pg=0|k_des=0$0$-1$-1$0$$|plan_id=0|app_id=76720|isad=0|category_id=14|src_appid=76719\",\"seq\":1},{\"pkg\":\"com.gonext.gonextupgrade\",\"sug\":90,\"res\":0,\"des\":\"405_317_1183_1194_1306_1300_1302_1017|173ea5b71a3f4abb|35748|0|1||0|0|net_type=1|pg=0|k_des=0$0$-1$-1$0$$|plan_id=0|app_id=28354|isad=0|category_id=14|src_appid=76719\",\"seq\":1},{\"pkg\":\"com.atejapps.androidxtremeoptimizerpro\",\"sug\":90,\"res\":0,\"des\":\"405_317_1183_1194_1306_1300_1302_1017|173ea5b71a3f4abb|14502|0|1||0|0|net_type=1|pg=0|k_des=0$0$-1$-1$0$$|plan_id=0|app_id=14252|isad=0|category_id=14|src_appid=76719\",\"seq\":1},{\"pkg\":\"com.androidlord.optimizationbox\",\"sug\":90,\"res\":0,\"des\":\"405_317_1183_1194_1306_1300_1302_1017|173ea5b71a3f4abb|100603|0|1||0|0|net_type=1|pg=0|k_des=0$0$-1$-1$0$$|plan_id=0|app_id=88706|isad=0|category_id=16|src_appid=76719\",\"seq\":1}]", 
        "referrer": "-", 
        "src_ip": "10.11.2.3", 
        "src_port": "43285", 
        "tk_flag": 0, 
        "ts": "1441698409.498338", 
        "uri": "/rp/", 
        "user_agent": "-"
    }, 
    "1441698409.545233,CpzOSL1tUbwy3UDm2e": {
        "domain": "adkmob.com", 
        "dst_ip": "52.7.4.63", 
        "dst_port": "80", 
        "headers": {
            "CONNECTION": "Keep-Alive", 
            "CONTENT-LENGTH": "1114", 
            "CONTENT-TYPE": "text/plain; charset=ISO-8859-1", 
            "HOST": "ssdk.adkmob.com"
        }, 
        "host": "ssdk.adkmob.com", 
        "is_host_ip": 0, 
        "label": 1, 
        "md5": null, 
        "method": "POST", 
        "package_name": "com.cleanmaster.mguard", 
        "pii_types": [
            "AdvertiserId", 
            "AndroidId"
        ], 
        "platform": "android", 
        "post_body": "v=15&ac=50&pos=11&mid=104&lan=en_&ext=&cmver=51052776&mcc=244&mnc=05&pl=2&channelid=200001&lp=0&gaid=RECON_AdvertiserId_84f0cbe3183d41b1a7dd622099d4f66e&aid=RECON_AndroidId_fdbae10c9d7345df8769f7ab98bf1e3a&attach=[{\"pkg\":\"com.alinaduva.fingerprint.scanner\",\"sug\":90,\"res\":0,\"des\":\"405_317_1183_1194_1306_1300_1302_1017|173ea5b71a3f4abb|100358|0|1||0|0|net_type=1|pg=0|k_des=0$0$-1$-1$0$$|plan_id=0|app_id=88469|isad=0|category_id=35|src_appid=87951\",\"seq\":2},{\"pkg\":\"com.cleanmaster.security.heartbleed\",\"sug\":90,\"res\":0,\"des\":\"405_317_1183_1194_1306_1300_1302_1017|173ea5b71a3f4abb|100052|0|1||0|0|net_type=1|pg=0|k_des=0$0$-1$-1$0$$|plan_id=0|app_id=88175|isad=0|category_id=14|src_appid=87951\",\"seq\":2},{\"pkg\":\"tool.scanner\",\"sug\":90,\"res\":0,\"des\":\"405_317_1183_1194_1306_1300_1302_1017|173ea5b71a3f4abb|99723|0|1||0|0|net_type=1|pg=0|k_des=0$0$-1$-1$0$$|plan_id=0|app_id=87856|isad=0|category_id=14|src_appid=87951\",\"seq\":2},{\"pkg\":\"com.intsig.camscanner\",\"sug\":90,\"res\":0,\"des\":\"405_317_1183_1194_1306_1300_1302_1017|173ea5b71a3f4abb|99721|0|1||0|0|net_type=1|pg=0|k_des=0$0$-1$-1$0$$|plan_id=0|app_id=87854|isad=0|category_id=16|src_appid=87951\",\"seq\":2}]", 
        "referrer": "-", 
        "src_ip": "10.11.2.3", 
        "src_port": "35217", 
        "tk_flag": 0, 
        "ts": "1441698409.545233", 
        "uri": "/rp/", 
        "user_agent": "-"
    }, 
    "1441698409.582591,CZzCYO3JhF5gVXzdW3": {
        "domain": "ggpht.com", 
        "dst_ip": "74.125.228.202", 
        "dst_port": "80", 
        "headers": {
            "ACCEPT-ENCODING": "gzip", 
            "CONNECTION": "Keep-Alive", 
            "HOST": "lh3.ggpht.com", 
            "USER-AGENT": "Dalvik/2.1.0 (Linux; U; Android 5.1.1; Nexus 6 Build/LMY48I)"
        }, 
        "host": "lh3.ggpht.com", 
        "is_host_ip": 0, 
        "label": 0, 
        "md5": null, 
        "method": "GET", 
        "package_name": "com.cleanmaster.mguard", 
        "pii_types": null, 
        "platform": "android", 
        "post_body": "-", 
        "referrer": "-", 
        "src_ip": "10.11.2.3", 
        "src_port": "33168", 
        "tk_flag": 0, 
        "ts": "1441698409.582591", 
        "uri": "/JBi0hFTzcqdTn7wAHennTDUtVOs9MSDt_IahzHexJT8zSGLD1CNm5kAMVf9faAhb9A8=w124", 
        "user_agent": "Dalvik/2.1.0 (Linux; U; Android 5.1.1; Nexus 6 Build/LMY48I)"
    }, 
    "1441698409.584174,CwnEFJ1AOTFV4wMIwd": {
        "domain": "ggpht.com", 
        "dst_ip": "74.125.228.203", 
        "dst_port": "80", 
        "headers": {
            "ACCEPT-ENCODING": "gzip", 
            "CONNECTION": "Keep-Alive", 
            "HOST": "lh3.ggpht.com", 
            "USER-AGENT": "Dalvik/2.1.0 (Linux; U; Android 5.1.1; Nexus 6 Build/LMY48I)"
        }, 
        "host": "lh3.ggpht.com", 
        "is_host_ip": 0, 
        "label": 0, 
        "md5": null, 
        "method": "GET", 
        "package_name": "com.cleanmaster.mguard", 
        "pii_types": null, 
        "platform": "android", 
        "post_body": "-", 
        "referrer": "-", 
        "src_ip": "10.11.2.3", 
        "src_port": "57775", 
        "tk_flag": 0, 
        "ts": "1441698409.584174", 
        "uri": "/tx6o9fkDJiUm0dpwGmYhB2-K2n46N9kjw1OyomVDxPSrKOpLXrmV53Y_wKsh2xX5K2U=w124", 
        "user_agent": "Dalvik/2.1.0 (Linux; U; Android 5.1.1; Nexus 6 Build/LMY48I)"
    }, 
    "1441698409.587938,C2auXm4OHKaRtJbDA8": {
        "domain": "ggpht.com", 
        "dst_ip": "74.125.228.203", 
        "dst_port": "80", 
        "headers": {
            "ACCEPT-ENCODING": "gzip", 
            "CONNECTION": "Keep-Alive", 
            "HOST": "lh4.ggpht.com", 
            "USER-AGENT": "Dalvik/2.1.0 (Linux; U; Android 5.1.1; Nexus 6 Build/LMY48I)"
        }, 
        "host": "lh4.ggpht.com", 
        "is_host_ip": 0, 
        "label": 0, 
        "md5": null, 
        "method": "GET", 
        "package_name": "com.cleanmaster.mguard", 
        "pii_types": null, 
        "platform": "android", 
        "post_body": "-", 
        "referrer": "-", 
        "src_ip": "10.11.2.3", 
        "src_port": "59119", 
        "tk_flag": 0, 
        "ts": "1441698409.587938", 
        "uri": "/ieXDn4sd9EhgMufdoX7TJhGz684dKs3FqI3CeBx63iFx53p0QTqZ7ELWMZA1cn4_SPo=w124", 
        "user_agent": "Dalvik/2.1.0 (Linux; U; Android 5.1.1; Nexus 6 Build/LMY48I)"
    }, 
    "1441698409.587948,CNNvhqZv6UamUjtei": {
        "domain": "ggpht.com", 
        "dst_ip": "74.125.228.204", 
        "dst_port": "80", 
        "headers": {
            "ACCEPT-ENCODING": "gzip", 
            "CONNECTION": "Keep-Alive", 
            "HOST": "lh4.ggpht.com", 
            "USER-AGENT": "Dalvik/2.1.0 (Linux; U; Android 5.1.1; Nexus 6 Build/LMY48I)"
        }, 
        "host": "lh4.ggpht.com", 
        "is_host_ip": 0, 
        "label": 0, 
        "md5": null, 
        "method": "GET", 
        "package_name": "com.cleanmaster.mguard", 
        "pii_types": null, 
        "platform": "android", 
        "post_body": "-", 
        "referrer": "-", 
        "src_ip": "10.11.2.3", 
        "src_port": "33833", 
        "tk_flag": 0, 
        "ts": "1441698409.587948", 
        "uri": "/hpWx0RXvOH_kuM5m6I26e7sdnIvOgoA5Kv9WvR_bxuBTNSLuce6nlLRlGVmTs4do6w=w124", 
        "user_agent": "Dalvik/2.1.0 (Linux; U; Android 5.1.1; Nexus 6 Build/LMY48I)"
    }, 
    "1441698409.686799,CV1CZ33X1lrejnQRP3": {
        "domain": "adkmob.com", 
        "dst_ip": "52.7.4.63", 
        "dst_port": "80", 
        "headers": {
            "CONNECTION": "Keep-Alive", 
            "CONTENT-LENGTH": "732", 
            "CONTENT-TYPE": "text/plain; charset=ISO-8859-1", 
            "HOST": "ssdk.adkmob.com"
        }, 
        "host": "ssdk.adkmob.com", 
        "is_host_ip": 0, 
        "label": 1, 
        "md5": null, 
        "method": "POST", 
        "package_name": "com.cleanmaster.mguard", 
        "pii_types": [
            "AdvertiserId", 
            "AndroidId"
        ], 
        "platform": "android", 
        "post_body": "v=15&ac=50&pos=11&mid=104&lan=en_&ext=&cmver=51052776&mcc=244&mnc=05&pl=2&channelid=200001&lp=0&gaid=RECON_AdvertiserId_d25fe123e7d64253b936662dba845ceb&aid=RECON_AndroidId_3461543fbdb84ad083d8522a544bc486&attach=[{\"pkg\":\"com.mobilityware.solitaire\",\"sug\":-1,\"res\":80,\"des\":\"405_317_1183_1194_1306_1300_1302_1017|173ea5b71a3f4abb|2064434|0.1000|0||0.019889|50000|app_id=2064433|isad=1|app_seq=a2|pg=0|osl=22|net_type=1|from=1|ch=200001|cvr=0.105185|cvr1=0.105185|ecpm=1344233.66|ecpm1=1344233.66|cp=3|cost=100000|cp1=3|plan_id=2064425|bi=1|uid=666|agid=2064433|apn=com.mobilityware.solitaire|place=0|category_id=47|ay=1|pr=0|rtxt=0|ex=0|cft=0.000000|gpr=2.50|uit=|ufea=|uge=3|uag=5|mk=google|md=nexus_6|dt=1|mc2=5|ct=us_va_ashburn|ctno=19235|v2=15|cn=us|sspid=0|fv=2|uit2=|bh=\"}]", 
        "referrer": "-", 
        "src_ip": "10.11.2.3", 
        "src_port": "45103", 
        "tk_flag": 0, 
        "ts": "1441698409.686799", 
        "uri": "/rp/", 
        "user_agent": "-"
    }, 
    "1441698409.955666,CZzCYO3JhF5gVXzdW3": {
        "domain": "ggpht.com", 
        "dst_ip": "74.125.228.202", 
        "dst_port": "80", 
        "headers": {
            "ACCEPT-ENCODING": "gzip", 
            "CONNECTION": "Keep-Alive", 
            "HOST": "lh3.ggpht.com", 
            "USER-AGENT": "Dalvik/2.1.0 (Linux; U; Android 5.1.1; Nexus 6 Build/LMY48I)"
        }, 
        "host": "lh3.ggpht.com", 
        "is_host_ip": 0, 
        "label": 0, 
        "md5": null, 
        "method": "GET", 
        "package_name": "com.cleanmaster.mguard", 
        "pii_types": null, 
        "platform": "android", 
        "post_body": "-", 
        "referrer": "-", 
        "src_ip": "10.11.2.3", 
        "src_port": "33168", 
        "tk_flag": 0, 
        "ts": "1441698409.955666", 
        "uri": "/trDG4TypralYIJKNpCQBdCDtJqBddjVTCPf1003YnKvG13vIL9RTjqhiZsups1CVwB0=w124", 
        "user_agent": "Dalvik/2.1.0 (Linux; U; Android 5.1.1; Nexus 6 Build/LMY48I)"
    }, 
    "1441698410.126377,CbldspBIe6xIRKLii": {
        "domain": "ggpht.com", 
        "dst_ip": "74.125.228.202", 
        "dst_port": "80", 
        "headers": {
            "ACCEPT-ENCODING": "gzip", 
            "CONNECTION": "Keep-Alive", 
            "HOST": "lh5.ggpht.com", 
            "USER-AGENT": "Dalvik/2.1.0 (Linux; U; Android 5.1.1; Nexus 6 Build/LMY48I)"
        }, 
        "host": "lh5.ggpht.com", 
        "is_host_ip": 0, 
        "label": 0, 
        "md5": null, 
        "method": "GET", 
        "package_name": "com.cleanmaster.mguard", 
        "pii_types": null, 
        "platform": "android", 
        "post_body": "-", 
        "referrer": "-", 
        "src_ip": "10.11.2.3", 
        "src_port": "43689", 
        "tk_flag": 0, 
        "ts": "1441698410.126377", 
        "uri": "/ykBVajH8-zaDKoTJOAibbtHn3FbBKWosylkpztoernVySDuG-hx-03UMPYt1b_uI0IQ=w124", 
        "user_agent": "Dalvik/2.1.0 (Linux; U; Android 5.1.1; Nexus 6 Build/LMY48I)"
    }, 
    "1441698410.158571,CVa5B23NTScS5KlE6l": {
        "domain": "ggpht.com", 
        "dst_ip": "74.125.228.204", 
        "dst_port": "80", 
        "headers": {
            "ACCEPT-ENCODING": "gzip", 
            "CONNECTION": "Keep-Alive", 
            "HOST": "lh6.ggpht.com", 
            "USER-AGENT": "Dalvik/2.1.0 (Linux; U; Android 5.1.1; Nexus 6 Build/LMY48I)"
        }, 
        "host": "lh6.ggpht.com", 
        "is_host_ip": 0, 
        "label": 0, 
        "md5": null, 
        "method": "GET", 
        "package_name": "com.cleanmaster.mguard", 
        "pii_types": null, 
        "platform": "android", 
        "post_body": "-", 
        "referrer": "-", 
        "src_ip": "10.11.2.3", 
        "src_port": "59556", 
        "tk_flag": 0, 
        "ts": "1441698410.158571", 
        "uri": "/5lbAw7OytpQcvITqcqshDqdVkgc687hvoHxxxcD8BRWpEbG1dfqUOxJwBg5KTXBBUw=w124", 
        "user_agent": "Dalvik/2.1.0 (Linux; U; Android 5.1.1; Nexus 6 Build/LMY48I)"
    }, 
    "1441698410.249373,CwnEFJ1AOTFV4wMIwd": {
        "domain": "ggpht.com", 
        "dst_ip": "74.125.228.203", 
        "dst_port": "80", 
        "headers": {
            "ACCEPT-ENCODING": "gzip", 
            "CONNECTION": "Keep-Alive", 
            "HOST": "lh3.ggpht.com", 
            "USER-AGENT": "Dalvik/2.1.0 (Linux; U; Android 5.1.1; Nexus 6 Build/LMY48I)"
        }, 
        "host": "lh3.ggpht.com", 
        "is_host_ip": 0, 
        "label": 0, 
        "md5": null, 
        "method": "GET", 
        "package_name": "com.cleanmaster.mguard", 
        "pii_types": null, 
        "platform": "android", 
        "post_body": "-", 
        "referrer": "-", 
        "src_ip": "10.11.2.3", 
        "src_port": "57775", 
        "tk_flag": 0, 
        "ts": "1441698410.249373", 
        "uri": "/7LsMGnKXP2LzSUAC1zCO9425eu0-jUCcgin4ZWKVmEKS5dikXOxFqOaMQar10B47EJpZ=w124", 
        "user_agent": "Dalvik/2.1.0 (Linux; U; Android 5.1.1; Nexus 6 Build/LMY48I)"
    }, 
    "1441698412.448421,CHimGk2F0s2QbUCXZk": {
        "domain": "adkmob.com", 
        "dst_ip": "54.175.131.125", 
        "dst_port": "80", 
        "headers": {
            "CONNECTION": "Keep-Alive", 
            "CONTENT-LENGTH": "641", 
            "CONTENT-TYPE": "text/plain; charset=ISO-8859-1", 
            "HOST": "ssdk.adkmob.com"
        }, 
        "host": "ssdk.adkmob.com", 
        "is_host_ip": 0, 
        "label": 1, 
        "md5": null, 
        "method": "POST", 
        "package_name": "com.cleanmaster.mguard", 
        "pii_types": [
            "AdvertiserId", 
            "AndroidId"
        ], 
        "platform": "android", 
        "post_body": "v=15&ac=50&pos=11&mid=104&lan=en_&ext=&cmver=51052776&mcc=244&mnc=05&pl=2&channelid=200001&lp=0&gaid=RECON_AdvertiserId_e8ff6b0f660c427abd0357d2ab23c3d2&aid=RECON_AndroidId_af67d975c4894a3ab4664926281497ca&attach=[{\"pkg\":\"ksm.subject.cm.index.523.optimizeyourandroid\",\"sug\":90,\"res\":100,\"des\":\"405_317_1183_1194_1306_1300_1302_1017|173ea5b71a3f4abb|88379|0|1||0|1001|net_type=1|pg=0|k_des=0$0$-1$-1$0$$|plan_id=0|app_id=76719|isad=0|category_id=0\",\"seq\":1},{\"pkg\":\"ksm.subject.cm.index.556.scanner\",\"sug\":90,\"res\":100,\"des\":\"405_317_1183_1194_1306_1300_1302_1017|173ea5b71a3f4abb|99821|0|1||0|1001|net_type=1|pg=0|k_des=0$0$-1$-1$0$$|plan_id=0|app_id=87951|isad=0|category_id=0\",\"seq\":2}]", 
        "referrer": "-", 
        "src_ip": "10.11.2.3", 
        "src_port": "41530", 
        "tk_flag": 0, 
        "ts": "1441698412.448421", 
        "uri": "/rp/", 
        "user_agent": "-"
    }, 
    "1441698412.538094,CwIZZt2eaAOrMZcMU5": {
        "domain": "adkmob.com", 
        "dst_ip": "54.173.61.166", 
        "dst_port": "80", 
        "headers": {
            "CONNECTION": "Keep-Alive", 
            "CONTENT-LENGTH": "350", 
            "CONTENT-TYPE": "text/plain; charset=ISO-8859-1", 
            "HOST": "ssdk.adkmob.com"
        }, 
        "host": "ssdk.adkmob.com", 
        "is_host_ip": 0, 
        "label": 1, 
        "md5": null, 
        "method": "POST", 
        "package_name": "com.cleanmaster.mguard", 
        "pii_types": [
            "AdvertiserId", 
            "AndroidId"
        ], 
        "platform": "android", 
        "post_body": "v=15&ac=50&pos=45&mid=104&lan=en_&ext=&cmver=51052776&mcc=244&mnc=05&pl=2&channelid=200001&lp=0&gaid=RECON_AdvertiserId_c0754b57c664460e9c4aa1162b4e8afd&aid=RECON_AndroidId_9008ba7536c84e39b819852f6ea657f0&attach=[{\"pkg\":\"com.cmplay.tiles2\",\"sug\":90,\"res\":0,\"des\":\"405_317|7c08aead0762bee3|111175|0|1||0|0|net_type=1|pg=0|k_des=0$0$-1$-1$0$$|plan_id=0|app_id=97547|isad=0|category_id=48\",\"seq\":1}]", 
        "referrer": "-", 
        "src_ip": "10.11.2.3", 
        "src_port": "47751", 
        "tk_flag": 0, 
        "ts": "1441698412.538094", 
        "uri": "/rp/", 
        "user_agent": "-"
    }, 
    "1441698412.688652,C2LBn11onqnqciOagg": {
        "domain": "adkmob.com", 
        "dst_ip": "54.84.150.128", 
        "dst_port": "80", 
        "headers": {
            "CONNECTION": "Keep-Alive", 
            "CONTENT-LENGTH": "223", 
            "CONTENT-TYPE": "text/plain; charset=ISO-8859-1", 
            "HOST": "profile.adkmob.com"
        }, 
        "host": "profile.adkmob.com", 
        "is_host_ip": 0, 
        "label": 1, 
        "md5": null, 
        "method": "POST", 
        "package_name": "com.cleanmaster.mguard", 
        "pii_types": [
            "AdvertiserId", 
            "AndroidId"
        ], 
        "platform": "android", 
        "post_body": "v=15&ac=50&pos=30600&mid=104&lan=en_&ext=&cmver=51052776&mcc=244&mnc=05&pl=2&channelid=200001&lp=0&gaid=RECON_AdvertiserId_165d01e71cf8426fa43a4c9355862576&aid=RECON_AndroidId_fe0df8e4a2a34a688a21dc9a4067cbf4&attach=[{\"pkg\":\"com.uninstall.ad\",\"sug\":-1,\"res\":0,\"des\":\"\"}]", 
        "referrer": "-", 
        "src_ip": "10.11.2.3", 
        "src_port": "47542", 
        "tk_flag": 0, 
        "ts": "1441698412.688652", 
        "uri": "/ud/", 
        "user_agent": "-"
    }, 
    "1441698422.422780,CMGLSa16V6t5GkdZnh": {
        "domain": "adkmob.com", 
        "dst_ip": "54.84.150.128", 
        "dst_port": "80", 
        "headers": {
            "CONNECTION": "Keep-Alive", 
            "CONTENT-LENGTH": "228", 
            "CONTENT-TYPE": "text/plain; charset=ISO-8859-1", 
            "HOST": "profile.adkmob.com"
        }, 
        "host": "profile.adkmob.com", 
        "is_host_ip": 0, 
        "label": 1, 
        "md5": null, 
        "method": "POST", 
        "package_name": "com.cleanmaster.mguard", 
        "pii_types": [
            "AdvertiserId", 
            "AndroidId"
        ], 
        "platform": "android", 
        "post_body": "v=15&ac=50&pos=30500&mid=104&lan=en_&ext=&cmver=51052776&mcc=244&mnc=05&pl=2&channelid=200001&lp=0&gaid=RECON_AdvertiserId_fa983f7c72464a299a57ffb209a62d84&aid=RECON_AndroidId_90a6a4ea14364fcdb00cc57a322bb835&attach=[{\"pkg\":\"com.security.timewall\",\"sug\":-1,\"res\":0,\"des\":\"\"}]", 
        "referrer": "-", 
        "src_ip": "10.11.2.3", 
        "src_port": "37747", 
        "tk_flag": 0, 
        "ts": "1441698422.422780", 
        "uri": "/ud/", 
        "user_agent": "-"
    }, 
    "1441698425.353224,C3nP4bZuVKCqnoebb": {
        "domain": "ksmobile.com", 
        "dst_ip": "54.239.152.90", 
        "dst_port": "80", 
        "headers": {
            "ACCEPT-ENCODING": "gzip", 
            "CONNECTION": "Keep-Alive", 
            "HOST": "dl.cm.ksmobile.com", 
            "USER-AGENT": "Dalvik/2.1.0 (Linux; U; Android 5.1.1; Nexus 6 Build/LMY48I)"
        }, 
        "host": "dl.cm.ksmobile.com", 
        "is_host_ip": 0, 
        "label": 0, 
        "md5": null, 
        "method": "GET", 
        "package_name": "com.cleanmaster.mguard", 
        "pii_types": null, 
        "platform": "android", 
        "post_body": "-", 
        "referrer": "-", 
        "src_ip": "10.11.2.3", 
        "src_port": "46448", 
        "tk_flag": 0, 
        "ts": "1441698425.353224", 
        "uri": "/static/res/c5/9f/cmlockerrecommand.png", 
        "user_agent": "Dalvik/2.1.0 (Linux; U; Android 5.1.1; Nexus 6 Build/LMY48I)"
    }, 
    "1441698426.100850,C3nP4bZuVKCqnoebb": {
        "domain": "ksmobile.com", 
        "dst_ip": "54.239.152.90", 
        "dst_port": "80", 
        "headers": {
            "ACCEPT-ENCODING": "gzip", 
            "CONNECTION": "Keep-Alive", 
            "HOST": "dl.cm.ksmobile.com", 
            "USER-AGENT": "Dalvik/2.1.0 (Linux; U; Android 5.1.1; Nexus 6 Build/LMY48I)"
        }, 
        "host": "dl.cm.ksmobile.com", 
        "is_host_ip": 0, 
        "label": 0, 
        "md5": null, 
        "method": "GET", 
        "package_name": "com.cleanmaster.mguard", 
        "pii_types": null, 
        "platform": "android", 
        "post_body": "-", 
        "referrer": "-", 
        "src_ip": "10.11.2.3", 
        "src_port": "46448", 
        "tk_flag": 0, 
        "ts": "1441698426.100850", 
        "uri": "/static/res/93/8c/CPUDetection.png", 
        "user_agent": "Dalvik/2.1.0 (Linux; U; Android 5.1.1; Nexus 6 Build/LMY48I)"
    }, 
    "1441698431.385858,C3nP4bZuVKCqnoebb": {
        "domain": "ksmobile.com", 
        "dst_ip": "54.239.152.90", 
        "dst_port": "80", 
        "headers": {
            "ACCEPT-ENCODING": "gzip", 
            "CONNECTION": "Keep-Alive", 
            "HOST": "dl.cm.ksmobile.com", 
            "USER-AGENT": "Dalvik/2.1.0 (Linux; U; Android 5.1.1; Nexus 6 Build/LMY48I)"
        }, 
        "host": "dl.cm.ksmobile.com", 
        "is_host_ip": 0, 
        "label": 0, 
        "md5": null, 
        "method": "GET", 
        "package_name": "com.cleanmaster.mguard", 
        "pii_types": null, 
        "platform": "android", 
        "post_body": "-", 
        "referrer": "-", 
        "src_ip": "10.11.2.3", 
        "src_port": "46448", 
        "tk_flag": 0, 
        "ts": "1441698431.385858", 
        "uri": "/static/res/e3/08/AdvancedCleaning.png", 
        "user_agent": "Dalvik/2.1.0 (Linux; U; Android 5.1.1; Nexus 6 Build/LMY48I)"
    }
}
