{
    "1441700726.098472,Cjf7hX2O9Z7yOtX3T3": {
        "domain": "google.com", 
        "dst_ip": "216.58.217.142", 
        "dst_port": "80", 
        "headers": {
            "ACCEPT-ENCODING": "gzip", 
            "CONNECTION": "Keep-Alive", 
            "HOST": "clients3.google.com", 
            "USER-AGENT": "Dalvik/2.1.0 (Linux; U; Android 5.1.1; Nexus 6 Build/LMY48I)"
        }, 
        "host": "clients3.google.com", 
        "is_host_ip": 0, 
        "label": 0, 
        "md5": null, 
        "method": "GET", 
        "package_name": "com.mss.coinparty.pharaoh.dozer.slot.google", 
        "pii_types": null, 
        "platform": "android", 
        "post_body": "-", 
        "referrer": "-", 
        "src_ip": "10.11.2.3", 
        "src_port": "39626", 
        "tk_flag": 1, 
        "ts": "1441700726.098472", 
        "uri": "/generate_204", 
        "user_agent": "Dalvik/2.1.0 (Linux; U; Android 5.1.1; Nexus 6 Build/LMY48I)"
    }, 
    "1441700740.917293,ChZoyx1aPATTAX9vEe": {
        "domain": "chartboost.com", 
        "dst_ip": "23.235.39.113", 
        "dst_port": "80", 
        "headers": {
            "ACCEPT-ENCODING": "gzip", 
            "CONNECTION": "Keep-Alive", 
            "HOST": "v.chartboost.com", 
            "USER-AGENT": "Dalvik/2.1.0 (Linux; U; Android 5.1.1; Nexus 6 Build/LMY48I)"
        }, 
        "host": "v.chartboost.com", 
        "is_host_ip": 0, 
        "label": 0, 
        "md5": null, 
        "method": "GET", 
        "package_name": "com.mss.coinparty.pharaoh.dozer.slot.google", 
        "pii_types": null, 
        "platform": "android", 
        "post_body": "-", 
        "referrer": "-", 
        "src_ip": "10.11.2.3", 
        "src_port": "32784", 
        "tk_flag": 1, 
        "ts": "1441700740.917293", 
        "uri": "/videoads/54f0652943150f60d3708fee_568-1425040687.mp4", 
        "user_agent": "Dalvik/2.1.0 (Linux; U; Android 5.1.1; Nexus 6 Build/LMY48I)"
    }, 
    "1441700740.922039,CS7dMH6benpF52Qn1": {
        "domain": "chartboost.com", 
        "dst_ip": "23.235.39.113", 
        "dst_port": "80", 
        "headers": {
            "ACCEPT-ENCODING": "gzip", 
            "CONNECTION": "Keep-Alive", 
            "HOST": "v.chartboost.com", 
            "USER-AGENT": "Dalvik/2.1.0 (Linux; U; Android 5.1.1; Nexus 6 Build/LMY48I)"
        }, 
        "host": "v.chartboost.com", 
        "is_host_ip": 0, 
        "label": 0, 
        "md5": null, 
        "method": "GET", 
        "package_name": "com.mss.coinparty.pharaoh.dozer.slot.google", 
        "pii_types": null, 
        "platform": "android", 
        "post_body": "-", 
        "referrer": "-", 
        "src_ip": "10.11.2.3", 
        "src_port": "37527", 
        "tk_flag": 1, 
        "ts": "1441700740.922039", 
        "uri": "/videoads/55e6e21ac909a609d15598eb_568-1441195225.mp4", 
        "user_agent": "Dalvik/2.1.0 (Linux; U; Android 5.1.1; Nexus 6 Build/LMY48I)"
    }, 
    "1441700740.925441,CQrdUG1AZ8BhLqwFSh": {
        "domain": "chartboost.com", 
        "dst_ip": "23.235.39.113", 
        "dst_port": "80", 
        "headers": {
            "ACCEPT-ENCODING": "gzip", 
            "CONNECTION": "Keep-Alive", 
            "HOST": "v.chartboost.com", 
            "USER-AGENT": "Dalvik/2.1.0 (Linux; U; Android 5.1.1; Nexus 6 Build/LMY48I)"
        }, 
        "host": "v.chartboost.com", 
        "is_host_ip": 0, 
        "label": 0, 
        "md5": null, 
        "method": "GET", 
        "package_name": "com.mss.coinparty.pharaoh.dozer.slot.google", 
        "pii_types": null, 
        "platform": "android", 
        "post_body": "-", 
        "referrer": "-", 
        "src_ip": "10.11.2.3", 
        "src_port": "56563", 
        "tk_flag": 1, 
        "ts": "1441700740.925441", 
        "uri": "/videoads/55b11952c909a6429f02c450_568-1437669754.mp4", 
        "user_agent": "Dalvik/2.1.0 (Linux; U; Android 5.1.1; Nexus 6 Build/LMY48I)"
    }, 
    "1441700741.041593,CeYfXm47SKrlIuPWL4": {
        "domain": "chartboost.com", 
        "dst_ip": "23.235.39.113", 
        "dst_port": "80", 
        "headers": {
            "ACCEPT-ENCODING": "gzip", 
            "CONNECTION": "Keep-Alive", 
            "HOST": "v.chartboost.com", 
            "USER-AGENT": "Dalvik/2.1.0 (Linux; U; Android 5.1.1; Nexus 6 Build/LMY48I)"
        }, 
        "host": "v.chartboost.com", 
        "is_host_ip": 0, 
        "label": 0, 
        "md5": null, 
        "method": "GET", 
        "package_name": "com.mss.coinparty.pharaoh.dozer.slot.google", 
        "pii_types": null, 
        "platform": "android", 
        "post_body": "-", 
        "referrer": "-", 
        "src_ip": "10.11.2.3", 
        "src_port": "48090", 
        "tk_flag": 1, 
        "ts": "1441700741.041593", 
        "uri": "/videoads/55a4351243150f1b7a855f62_568-1436824896.mp4", 
        "user_agent": "Dalvik/2.1.0 (Linux; U; Android 5.1.1; Nexus 6 Build/LMY48I)"
    }, 
    "1441700741.245468,CilBlG3BHs0zabZdm9": {
        "domain": "applovin.com", 
        "dst_ip": "104.95.51.23", 
        "dst_port": "80", 
        "headers": {
            "ACCEPT-ENCODING": "gzip", 
            "CONNECTION": "Keep-Alive", 
            "CONTENT-LENGTH": "435", 
            "CONTENT-TYPE": "application/json; charset=utf-8", 
            "HOST": "d.applovin.com", 
            "USER-AGENT": "Dalvik/2.1.0 (Linux; U; Android 5.1.1; Nexus 6 Build/LMY48I)"
        }, 
        "host": "d.applovin.com", 
        "is_host_ip": 0, 
        "label": 1, 
        "md5": null, 
        "method": "POST", 
        "package_name": "com.mss.coinparty.pharaoh.dozer.slot.google", 
        "pii_types": [
            "AdvertiserId"
        ], 
        "platform": "android", 
        "post_body": "{\"device_info\":{\"model\":\"Nexus 6\",\"os\":\"5.1.1\",\"brand\":\"motorola\",\"sdk_version\":22,\"revision\":\"shamu\",\"country_code\":\"FI\",\"carrier\":\"elisa\",\"type\":\"android\",\"idfa\":\"RECON_AdvertiserId_2bb05fcdee6d4805b4706e45f2013a7c\",\"locale\":\"en_US\"},\"app_info\":{\"package_name\":\"com.mss.coinparty.pharaoh.dozer.slot.google\",\"app_name\":\"Pharaoh's Party\",\"app_version\":\"1.1.0\",\"created_at\":1441700719,\"applovin_sdk_version\":\"5.4.3\",\"first_install\":\"true\"},\"stats\":{}}", 
        "referrer": "-", 
        "src_ip": "10.11.2.3", 
        "src_port": "35043", 
        "tk_flag": 1, 
        "ts": "1441700741.245468", 
        "uri": "/device?api_key=GQ9W-_varDc36Q7hpqb_AX6dG9UqOVAewJ9uJ3T8G4CNUJ4H8fHJCNySXQGwwRZqlki2nAB2ENPkhU_q8G8Ke4", 
        "user_agent": "Dalvik/2.1.0 (Linux; U; Android 5.1.1; Nexus 6 Build/LMY48I)"
    }, 
    "1441700741.664533,CazBXr368L3WIrpe94": {
        "domain": "a.applovin.com", 
        "dst_ip": "104.95.51.23", 
        "dst_port": "80", 
        "headers": {
            "ACCEPT-ENCODING": "gzip", 
            "CONNECTION": "Keep-Alive", 
            "HOST": "a.applovin.com", 
            "USER-AGENT": "Dalvik/2.1.0 (Linux; U; Android 5.1.1; Nexus 6 Build/LMY48I)"
        }, 
        "host": "a.applovin.com", 
        "is_host_ip": 0, 
        "label": 1, 
        "md5": null, 
        "method": "GET", 
        "package_name": "com.mss.coinparty.pharaoh.dozer.slot.google", 
        "pii_types": [
            "AdvertiserId"
        ], 
        "platform": "android", 
        "post_body": "-", 
        "referrer": "-", 
        "src_ip": "10.11.2.3", 
        "src_port": "41722", 
        "tk_flag": 1, 
        "ts": "1441700741.664533", 
        "uri": "/2.0/ad?accept=custom_size,launch_app,video&api_did=&size=INTER&carrier=elisa&dx=1440&preloading=false&locale=en_US&revision=shamu&idfa=RECON_AdvertiserId_951d199d0ce4406787d8bf69aa9bb4f0&li=1&dy=2392&format=json&os=5.1.1&plugin_version=unity-3.1.1&require=VIDEOA&network=wifi&platform=android&sdk_key=GQ9W-_varDc36Q7hpqb_AX6dG9UqOVAewJ9uJ3T8G4CNUJ4H8fHJCNySXQGwwRZqlki2nAB2ENPkhU_q8G8Ke4&brand=motorola&sdk_version=5.4.3&vz=57b7e0f3bac1d76e&si=1&model=Nexus+6", 
        "user_agent": "Dalvik/2.1.0 (Linux; U; Android 5.1.1; Nexus 6 Build/LMY48I)"
    }, 
    "1441700741.665901,CKuTuD3PdAHRnRWIO4": {
        "domain": "a.applovin.com", 
        "dst_ip": "104.95.51.23", 
        "dst_port": "80", 
        "headers": {
            "ACCEPT-ENCODING": "gzip", 
            "CONNECTION": "Keep-Alive", 
            "HOST": "a.applovin.com", 
            "USER-AGENT": "Dalvik/2.1.0 (Linux; U; Android 5.1.1; Nexus 6 Build/LMY48I)"
        }, 
        "host": "a.applovin.com", 
        "is_host_ip": 0, 
        "label": 1, 
        "md5": null, 
        "method": "GET", 
        "package_name": "com.mss.coinparty.pharaoh.dozer.slot.google", 
        "pii_types": [
            "AdvertiserId"
        ], 
        "platform": "android", 
        "post_body": "-", 
        "referrer": "-", 
        "src_ip": "10.11.2.3", 
        "src_port": "60483", 
        "tk_flag": 1, 
        "ts": "1441700741.665901", 
        "uri": "/2.0/ad?accept=custom_size,launch_app,video&api_did=10c7d0eecf7b84b93b&size=INTER&carrier=elisa&dx=1440&preloading=true&locale=en_US&revision=shamu&idfa=RECON_AdvertiserId_96699bafac8c49189cc7320020042253&li=1&dy=2392&format=json&os=5.1.1&plugin_version=unity-3.1.1&require=VIDEOA&network=wifi&platform=android&sdk_key=GQ9W-_varDc36Q7hpqb_AX6dG9UqOVAewJ9uJ3T8G4CNUJ4H8fHJCNySXQGwwRZqlki2nAB2ENPkhU_q8G8Ke4&brand=motorola&sdk_version=5.4.3&vz=57b7e0f3bac1d76e&si=1&model=Nexus+6", 
        "user_agent": "Dalvik/2.1.0 (Linux; U; Android 5.1.1; Nexus 6 Build/LMY48I)"
    }, 
    "1441700742.242163,CjibTg287df7WPZbbe": {
        "domain": "applovin.com", 
        "dst_ip": "172.232.9.110", 
        "dst_port": "80", 
        "headers": {
            "ACCEPT-ENCODING": "gzip", 
            "CONNECTION": "Keep-Alive", 
            "HOST": "pdn.applovin.com", 
            "USER-AGENT": "Dalvik/2.1.0 (Linux; U; Android 5.1.1; Nexus 6 Build/LMY48I)"
        }, 
        "host": "pdn.applovin.com", 
        "is_host_ip": 0, 
        "label": 0, 
        "md5": null, 
        "method": "GET", 
        "package_name": "com.mss.coinparty.pharaoh.dozer.slot.google", 
        "pii_types": null, 
        "platform": "android", 
        "post_body": "-", 
        "referrer": "-", 
        "src_ip": "10.11.2.3", 
        "src_port": "40825", 
        "tk_flag": 1, 
        "ts": "1441700742.242163", 
        "uri": "/closeOptOut.png", 
        "user_agent": "Dalvik/2.1.0 (Linux; U; Android 5.1.1; Nexus 6 Build/LMY48I)"
    }, 
    "1441700742.732821,CTSCZvMeIWlEYDwsj": {
        "domain": "applovin.com", 
        "dst_ip": "172.232.9.110", 
        "dst_port": "80", 
        "headers": {
            "ACCEPT-ENCODING": "gzip", 
            "CONNECTION": "Keep-Alive", 
            "HOST": "img.applovin.com", 
            "USER-AGENT": "Dalvik/2.1.0 (Linux; U; Android 5.1.1; Nexus 6 Build/LMY48I)"
        }, 
        "host": "img.applovin.com", 
        "is_host_ip": 0, 
        "label": 0, 
        "md5": null, 
        "method": "GET", 
        "package_name": "com.mss.coinparty.pharaoh.dozer.slot.google", 
        "pii_types": null, 
        "platform": "android", 
        "post_body": "-", 
        "referrer": "-", 
        "src_ip": "10.11.2.3", 
        "src_port": "56525", 
        "tk_flag": 1, 
        "ts": "1441700742.732821", 
        "uri": "/jquery-1.9.1.min.js", 
        "user_agent": "Dalvik/2.1.0 (Linux; U; Android 5.1.1; Nexus 6 Build/LMY48I)"
    }, 
    "1441700742.832421,C0Zm8nw9RnDhuLt4d": {
        "domain": "everyplay.com", 
        "dst_ip": "93.184.215.113", 
        "dst_port": "80", 
        "headers": {
            "ACCEPT-ENCODING": "gzip", 
            "CONNECTION": "Keep-Alive", 
            "HOST": "static.everyplay.com", 
            "USER-AGENT": "Dalvik/2.1.0 (Linux; U; Android 5.1.1; Nexus 6 Build/LMY48I)"
        }, 
        "host": "static.everyplay.com", 
        "is_host_ip": 0, 
        "label": 0, 
        "md5": null, 
        "method": "GET", 
        "package_name": "com.mss.coinparty.pharaoh.dozer.slot.google", 
        "pii_types": null, 
        "platform": "android", 
        "post_body": "-", 
        "referrer": "-", 
        "src_ip": "10.11.2.3", 
        "src_port": "59869", 
        "tk_flag": 0, 
        "ts": "1441700742.832421", 
        "uri": "/impact/videos/11202/a8b1ff954893129e/moonlight-monsters/b30-600.mp4", 
        "user_agent": "Dalvik/2.1.0 (Linux; U; Android 5.1.1; Nexus 6 Build/LMY48I)"
    }, 
    "1441700742.930236,ChZoyx1aPATTAX9vEe": {
        "domain": "chartboost.com", 
        "dst_ip": "23.235.39.113", 
        "dst_port": "80", 
        "headers": {
            "ACCEPT-ENCODING": "gzip", 
            "CONNECTION": "Keep-Alive", 
            "HOST": "v.chartboost.com", 
            "USER-AGENT": "Dalvik/2.1.0 (Linux; U; Android 5.1.1; Nexus 6 Build/LMY48I)"
        }, 
        "host": "v.chartboost.com", 
        "is_host_ip": 0, 
        "label": 0, 
        "md5": null, 
        "method": "GET", 
        "package_name": "com.mss.coinparty.pharaoh.dozer.slot.google", 
        "pii_types": null, 
        "platform": "android", 
        "post_body": "-", 
        "referrer": "-", 
        "src_ip": "10.11.2.3", 
        "src_port": "32784", 
        "tk_flag": 1, 
        "ts": "1441700742.930236", 
        "uri": "/videoads/55dd9a2643150f56b52c6aaf_568-1440586299.mp4", 
        "user_agent": "Dalvik/2.1.0 (Linux; U; Android 5.1.1; Nexus 6 Build/LMY48I)"
    }, 
    "1441700743.085734,CqFQv12gKL3n8Qbcz7": {
        "domain": "everyplay.com", 
        "dst_ip": "93.184.215.113", 
        "dst_port": "80", 
        "headers": {
            "ACCEPT-ENCODING": "gzip", 
            "CONNECTION": "Keep-Alive", 
            "HOST": "static.everyplay.com", 
            "USER-AGENT": "Dalvik/2.1.0 (Linux; U; Android 5.1.1; Nexus 6 Build/LMY48I)"
        }, 
        "host": "static.everyplay.com", 
        "is_host_ip": 0, 
        "label": 0, 
        "md5": null, 
        "method": "GET", 
        "package_name": "com.mss.coinparty.pharaoh.dozer.slot.google", 
        "pii_types": null, 
        "platform": "android", 
        "post_body": "-", 
        "referrer": "-", 
        "src_ip": "10.11.2.3", 
        "src_port": "40257", 
        "tk_flag": 0, 
        "ts": "1441700743.085734", 
        "uri": "/impact/videos/11202/a8b1ff954893129e/moonlight-monsters/b30-600.mp4", 
        "user_agent": "Dalvik/2.1.0 (Linux; U; Android 5.1.1; Nexus 6 Build/LMY48I)"
    }, 
    "1441700743.101149,CTSCZvMeIWlEYDwsj": {
        "domain": "applovin.com", 
        "dst_ip": "172.232.9.110", 
        "dst_port": "80", 
        "headers": {
            "ACCEPT-ENCODING": "gzip", 
            "CONNECTION": "Keep-Alive", 
            "HOST": "img.applovin.com", 
            "USER-AGENT": "Dalvik/2.1.0 (Linux; U; Android 5.1.1; Nexus 6 Build/LMY48I)"
        }, 
        "host": "img.applovin.com", 
        "is_host_ip": 0, 
        "label": 0, 
        "md5": null, 
        "method": "GET", 
        "package_name": "com.mss.coinparty.pharaoh.dozer.slot.google", 
        "pii_types": null, 
        "platform": "android", 
        "post_body": "-", 
        "referrer": "-", 
        "src_ip": "10.11.2.3", 
        "src_port": "56525", 
        "tk_flag": 1, 
        "ts": "1441700743.101149", 
        "uri": "/jquery.knob.js", 
        "user_agent": "Dalvik/2.1.0 (Linux; U; Android 5.1.1; Nexus 6 Build/LMY48I)"
    }, 
    "1441700743.229154,CTSCZvMeIWlEYDwsj": {
        "domain": "applovin.com", 
        "dst_ip": "172.232.9.110", 
        "dst_port": "80", 
        "headers": {
            "ACCEPT-ENCODING": "gzip", 
            "CONNECTION": "Keep-Alive", 
            "HOST": "img.applovin.com", 
            "USER-AGENT": "Dalvik/2.1.0 (Linux; U; Android 5.1.1; Nexus 6 Build/LMY48I)"
        }, 
        "host": "img.applovin.com", 
        "is_host_ip": 0, 
        "label": 0, 
        "md5": null, 
        "method": "GET", 
        "package_name": "com.mss.coinparty.pharaoh.dozer.slot.google", 
        "pii_types": null, 
        "platform": "android", 
        "post_body": "-", 
        "referrer": "-", 
        "src_ip": "10.11.2.3", 
        "src_port": "56525", 
        "tk_flag": 1, 
        "ts": "1441700743.229154", 
        "uri": "/1380229154.js", 
        "user_agent": "Dalvik/2.1.0 (Linux; U; Android 5.1.1; Nexus 6 Build/LMY48I)"
    }, 
    "1441700743.564942,CTSCZvMeIWlEYDwsj": {
        "domain": "applovin.com", 
        "dst_ip": "172.232.9.110", 
        "dst_port": "80", 
        "headers": {
            "ACCEPT-ENCODING": "gzip", 
            "CONNECTION": "Keep-Alive", 
            "HOST": "img.applovin.com", 
            "USER-AGENT": "Dalvik/2.1.0 (Linux; U; Android 5.1.1; Nexus 6 Build/LMY48I)"
        }, 
        "host": "img.applovin.com", 
        "is_host_ip": 0, 
        "label": 0, 
        "md5": null, 
        "method": "GET", 
        "package_name": "com.mss.coinparty.pharaoh.dozer.slot.google", 
        "pii_types": null, 
        "platform": "android", 
        "post_body": "-", 
        "referrer": "-", 
        "src_ip": "10.11.2.3", 
        "src_port": "56525", 
        "tk_flag": 1, 
        "ts": "1441700743.564942", 
        "uri": "/1426108126_768x1024.jpeg", 
        "user_agent": "Dalvik/2.1.0 (Linux; U; Android 5.1.1; Nexus 6 Build/LMY48I)"
    }, 
    "1441700745.139225,CTSCZvMeIWlEYDwsj": {
        "domain": "applovin.com", 
        "dst_ip": "172.232.9.110", 
        "dst_port": "80", 
        "headers": {
            "ACCEPT-ENCODING": "gzip", 
            "CONNECTION": "Keep-Alive", 
            "HOST": "img.applovin.com", 
            "USER-AGENT": "Dalvik/2.1.0 (Linux; U; Android 5.1.1; Nexus 6 Build/LMY48I)"
        }, 
        "host": "img.applovin.com", 
        "is_host_ip": 0, 
        "label": 0, 
        "md5": null, 
        "method": "GET", 
        "package_name": "com.mss.coinparty.pharaoh.dozer.slot.google", 
        "pii_types": null, 
        "platform": "android", 
        "post_body": "-", 
        "referrer": "-", 
        "src_ip": "10.11.2.3", 
        "src_port": "56525", 
        "tk_flag": 1, 
        "ts": "1441700745.139225", 
        "uri": "/1426108099_1024x768.jpeg", 
        "user_agent": "Dalvik/2.1.0 (Linux; U; Android 5.1.1; Nexus 6 Build/LMY48I)"
    }, 
    "1441700745.167734,CK9zI42kKq4cktUIlc": {
        "domain": "gameanalytics.com", 
        "dst_ip": "23.23.206.122", 
        "dst_port": "80", 
        "headers": {
            "ACCEPT-ENCODING": "gzip", 
            "CONNECTION": "Keep-Alive", 
            "HOST": "api.gameanalytics.com", 
            "USER-AGENT": "Dalvik/2.1.0 (Linux; U; Android 5.1.1; Nexus 6 Build/LMY48I)", 
            "X-UNITY-VERSION": "4.6.7f1"
        }, 
        "host": "api.gameanalytics.com", 
        "is_host_ip": 0, 
        "label": 0, 
        "md5": null, 
        "method": "GET", 
        "package_name": "com.mss.coinparty.pharaoh.dozer.slot.google", 
        "pii_types": null, 
        "platform": "android", 
        "post_body": "-", 
        "referrer": "-", 
        "src_ip": "10.11.2.3", 
        "src_port": "33436", 
        "tk_flag": 0, 
        "ts": "1441700745.167734", 
        "uri": "/1/ping", 
        "user_agent": "Dalvik/2.1.0 (Linux; U; Android 5.1.1; Nexus 6 Build/LMY48I)"
    }, 
    "1441700745.377913,CK9zI42kKq4cktUIlc": {
        "domain": "gameanalytics.com", 
        "dst_ip": "23.23.206.122", 
        "dst_port": "80", 
        "headers": {
            "ACCEPT-ENCODING": "gzip", 
            "AUTHORIZATION": "688696fcbd1bdc35f337be51cdd56a7b", 
            "CONNECTION": "Keep-Alive", 
            "CONTENT-LENGTH": "299", 
            "CONTENT-TYPE": "application/x-www-form-urlencoded", 
            "HOST": "api.gameanalytics.com", 
            "USER-AGENT": "Dalvik/2.1.0 (Linux; U; Android 5.1.1; Nexus 6 Build/LMY48I)", 
            "X-UNITY-VERSION": "4.6.7f1"
        }, 
        "host": "api.gameanalytics.com", 
        "is_host_ip": 0, 
        "label": 1, 
        "md5": null, 
        "method": "POST", 
        "package_name": "com.mss.coinparty.pharaoh.dozer.slot.google", 
        "pii_types": [
            "AdvertiserId"
        ], 
        "platform": "android", 
        "post_body": "[{\"sdk_version\":\"GA Unity SDK 0.6.9\",\"os_major\":\"Android 5.1\",\"user_id\":\"RECON_AdvertiserId_5794811420e24596855857cead31ef92\",\"os_minor\":\"Android 5.1.1\",\"session_id\":\"a28912b5-f836-4194-908e-995a1a9d819f\",\"platform\":\"ANDROID\",\"device\":\"Android\",\"google_aid\":\"RECON_AdvertiserId_5794811420e24596855857cead31ef92\",\"build\":\"1.1.0\"}]", 
        "referrer": "-", 
        "src_ip": "10.11.2.3", 
        "src_port": "33436", 
        "tk_flag": 0, 
        "ts": "1441700745.377913", 
        "uri": "/1/1502c54993510f939dccf45cd9c0feba/user", 
        "user_agent": "Dalvik/2.1.0 (Linux; U; Android 5.1.1; Nexus 6 Build/LMY48I)"
    }, 
    "1441700745.475481,C5oiaFxXfwAqOlNC1": {
        "domain": "amazonaws.com", 
        "dst_ip": "23.21.157.243", 
        "dst_port": "80", 
        "headers": {
            "ACCEPT-ENCODING": "gzip", 
            "CONNECTION": "Keep-Alive", 
            "CONTENT-LENGTH": "252", 
            "CONTENT-TYPE": "application/x-www-form-urlencoded", 
            "HOST": "lbcoinparty-603039482.us-east-1.elb.amazonaws.com", 
            "USER-AGENT": "Dalvik/2.1.0 (Linux; U; Android 5.1.1; Nexus 6 Build/LMY48I)", 
            "X-UNITY-VERSION": "4.6.7f1"
        }, 
        "host": "lbcoinparty-603039482.us-east-1.elb.amazonaws.com", 
        "is_host_ip": 0, 
        "label": 0, 
        "md5": null, 
        "method": "POST", 
        "package_name": "com.mss.coinparty.pharaoh.dozer.slot.google", 
        "pii_types": null, 
        "platform": "android", 
        "post_body": "device_token=APA91bElgY9Lp74nkL8jm3x-MEnzwfuc0LVWtbYSs9ObiWdmtwweqKEBPhysN1l5CtBX7pI8ggaGPh-qpau5CM_1Fvr_yEZ3AR_fSEEUvnXTfv2MajWJtYM-AuFJieMZUUE1w1ZIqNC9TPDc8kNjgKOTAuQR60hCSg&fb_id=&game_version=1.1.0&platform=Google&old_device_token=0&app_id=CP_Egypt", 
        "referrer": "-", 
        "src_ip": "10.11.2.3", 
        "src_port": "49109", 
        "tk_flag": 1, 
        "ts": "1441700745.475481", 
        "uri": "/cp_v3/cp_gs/index.php/notificationsetting/save_device_token", 
        "user_agent": "Dalvik/2.1.0 (Linux; U; Android 5.1.1; Nexus 6 Build/LMY48I)"
    }, 
    "1441700746.041190,CK9zI42kKq4cktUIlc": {
        "domain": "gameanalytics.com", 
        "dst_ip": "23.23.206.122", 
        "dst_port": "80", 
        "headers": {
            "ACCEPT-ENCODING": "gzip", 
            "AUTHORIZATION": "5e0f54c0d9259fef136e7af62e874c1f", 
            "CONNECTION": "Keep-Alive", 
            "CONTENT-LENGTH": "187", 
            "CONTENT-TYPE": "application/x-www-form-urlencoded", 
            "HOST": "api.gameanalytics.com", 
            "USER-AGENT": "Dalvik/2.1.0 (Linux; U; Android 5.1.1; Nexus 6 Build/LMY48I)", 
            "X-UNITY-VERSION": "4.6.7f1"
        }, 
        "host": "api.gameanalytics.com", 
        "is_host_ip": 0, 
        "label": 1, 
        "md5": null, 
        "method": "POST", 
        "package_name": "com.mss.coinparty.pharaoh.dozer.slot.google", 
        "pii_types": [
            "AdvertiserId"
        ], 
        "platform": "android", 
        "post_body": "[{\"value\":\"1\",\"event_id\":\"PlayArea:Start:Level\",\"area\":\"SceneJungle\",\"session_id\":\"a28912b5-f836-4194-908e-995a1a9d819f\",\"user_id\":\"RECON_AdvertiserId_755ce32bb78b4d6ebcf3b7e7a7db349b\",\"build\":\"1.1.0\"}]", 
        "referrer": "-", 
        "src_ip": "10.11.2.3", 
        "src_port": "33436", 
        "tk_flag": 0, 
        "ts": "1441700746.041190", 
        "uri": "/1/1502c54993510f939dccf45cd9c0feba/design", 
        "user_agent": "Dalvik/2.1.0 (Linux; U; Android 5.1.1; Nexus 6 Build/LMY48I)"
    }, 
    "1441700748.431447,CTSCZvMeIWlEYDwsj": {
        "domain": "applovin.com", 
        "dst_ip": "172.232.9.110", 
        "dst_port": "80", 
        "headers": {
            "ACCEPT-ENCODING": "gzip", 
            "CONNECTION": "Keep-Alive", 
            "HOST": "img.applovin.com", 
            "USER-AGENT": "Dalvik/2.1.0 (Linux; U; Android 5.1.1; Nexus 6 Build/LMY48I)"
        }, 
        "host": "img.applovin.com", 
        "is_host_ip": 0, 
        "label": 0, 
        "md5": null, 
        "method": "GET", 
        "package_name": "com.mss.coinparty.pharaoh.dozer.slot.google", 
        "pii_types": null, 
        "platform": "android", 
        "post_body": "-", 
        "referrer": "-", 
        "src_ip": "10.11.2.3", 
        "src_port": "56525", 
        "tk_flag": 1, 
        "ts": "1441700748.431447", 
        "uri": "/1381250003_28x28.png", 
        "user_agent": "Dalvik/2.1.0 (Linux; U; Android 5.1.1; Nexus 6 Build/LMY48I)"
    }, 
    "1441700748.936539,CFzjH03WhVl3LBh7La": {
        "domain": "applovin.com", 
        "dst_ip": "172.232.9.110", 
        "dst_port": "80", 
        "headers": {
            "ACCEPT-ENCODING": "gzip", 
            "CONNECTION": "Keep-Alive", 
            "HOST": "vid.applovin.com", 
            "USER-AGENT": "Dalvik/2.1.0 (Linux; U; Android 5.1.1; Nexus 6 Build/LMY48I)"
        }, 
        "host": "vid.applovin.com", 
        "is_host_ip": 0, 
        "label": 0, 
        "md5": null, 
        "method": "GET", 
        "package_name": "com.mss.coinparty.pharaoh.dozer.slot.google", 
        "pii_types": null, 
        "platform": "android", 
        "post_body": "-", 
        "referrer": "-", 
        "src_ip": "10.11.2.3", 
        "src_port": "40468", 
        "tk_flag": 1, 
        "ts": "1441700748.936539", 
        "uri": "/1428697083_x.mp4", 
        "user_agent": "Dalvik/2.1.0 (Linux; U; Android 5.1.1; Nexus 6 Build/LMY48I)"
    }, 
    "1441700749.401526,C3ysKN2KKpCPxM0zO1": {
        "domain": "edgecastcdn.net", 
        "dst_ip": "72.21.81.131", 
        "dst_port": "80", 
        "headers": {
            "ACCEPT-ENCODING": "gzip", 
            "CONNECTION": "Keep-Alive", 
            "HOST": "wpc.250f.edgecastcdn.net", 
            "USER-AGENT": "Dalvik/2.1.0 (Linux; U; Android 5.1.1; Nexus 6 Build/LMY48I)"
        }, 
        "host": "wpc.250f.edgecastcdn.net", 
        "is_host_ip": 0, 
        "label": 0, 
        "md5": null, 
        "method": "GET", 
        "package_name": "com.mss.coinparty.pharaoh.dozer.slot.google", 
        "pii_types": null, 
        "platform": "android", 
        "post_body": "-", 
        "referrer": "-", 
        "src_ip": "10.11.2.3", 
        "src_port": "49699", 
        "tk_flag": 1, 
        "ts": "1441700749.401526", 
        "uri": "/80250F/s3videos/output/videos/standard_wide_23137.m4v", 
        "user_agent": "Dalvik/2.1.0 (Linux; U; Android 5.1.1; Nexus 6 Build/LMY48I)"
    }, 
    "1441700749.468162,Cp2LMa49egyn7iNww2": {
        "domain": "edgecastcdn.net", 
        "dst_ip": "72.21.81.131", 
        "dst_port": "80", 
        "headers": {
            "ACCEPT-ENCODING": "gzip", 
            "CONNECTION": "Keep-Alive", 
            "HOST": "wpc.250f.edgecastcdn.net", 
            "USER-AGENT": "Dalvik/2.1.0 (Linux; U; Android 5.1.1; Nexus 6 Build/LMY48I)"
        }, 
        "host": "wpc.250f.edgecastcdn.net", 
        "is_host_ip": 0, 
        "label": 0, 
        "md5": null, 
        "method": "GET", 
        "package_name": "com.mss.coinparty.pharaoh.dozer.slot.google", 
        "pii_types": null, 
        "platform": "android", 
        "post_body": "-", 
        "referrer": "-", 
        "src_ip": "10.11.2.3", 
        "src_port": "46519", 
        "tk_flag": 1, 
        "ts": "1441700749.468162", 
        "uri": "/80250F/s3videos/output/videos/standard_wide_17488.m4v", 
        "user_agent": "Dalvik/2.1.0 (Linux; U; Android 5.1.1; Nexus 6 Build/LMY48I)"
    }, 
    "1441700749.468566,CwKqxj4BlqQD7FMZS8": {
        "domain": "edgecastcdn.net", 
        "dst_ip": "72.21.81.131", 
        "dst_port": "80", 
        "headers": {
            "ACCEPT-ENCODING": "gzip", 
            "CONNECTION": "Keep-Alive", 
            "HOST": "wpc.250f.edgecastcdn.net", 
            "USER-AGENT": "Dalvik/2.1.0 (Linux; U; Android 5.1.1; Nexus 6 Build/LMY48I)"
        }, 
        "host": "wpc.250f.edgecastcdn.net", 
        "is_host_ip": 0, 
        "label": 0, 
        "md5": null, 
        "method": "GET", 
        "package_name": "com.mss.coinparty.pharaoh.dozer.slot.google", 
        "pii_types": null, 
        "platform": "android", 
        "post_body": "-", 
        "referrer": "-", 
        "src_ip": "10.11.2.3", 
        "src_port": "50754", 
        "tk_flag": 1, 
        "ts": "1441700749.468566", 
        "uri": "/80250F/s3videos/output/videos/standard_wide_24589.m4v", 
        "user_agent": "Dalvik/2.1.0 (Linux; U; Android 5.1.1; Nexus 6 Build/LMY48I)"
    }, 
    "1441700753.878795,ChZoyx1aPATTAX9vEe": {
        "domain": "chartboost.com", 
        "dst_ip": "23.235.39.113", 
        "dst_port": "80", 
        "headers": {
            "ACCEPT-ENCODING": "gzip", 
            "CONNECTION": "Keep-Alive", 
            "HOST": "v.chartboost.com", 
            "USER-AGENT": "Dalvik/2.1.0 (Linux; U; Android 5.1.1; Nexus 6 Build/LMY48I)"
        }, 
        "host": "v.chartboost.com", 
        "is_host_ip": 0, 
        "label": 0, 
        "md5": null, 
        "method": "GET", 
        "package_name": "com.mss.coinparty.pharaoh.dozer.slot.google", 
        "pii_types": null, 
        "platform": "android", 
        "post_body": "-", 
        "referrer": "-", 
        "src_ip": "10.11.2.3", 
        "src_port": "32784", 
        "tk_flag": 1, 
        "ts": "1441700753.878795", 
        "uri": "/videoads/55e9a6b85b14530198aadb1f_568-1441375952.mp4", 
        "user_agent": "Dalvik/2.1.0 (Linux; U; Android 5.1.1; Nexus 6 Build/LMY48I)"
    }, 
    "1441700754.352266,CoXsJJ3SXuCPuNxSv5": {
        "domain": "cb-cdn.com", 
        "dst_ip": "199.27.76.249", 
        "dst_port": "80", 
        "headers": {
            "CONNECTION": "Keep-Alive", 
            "HOST": "ads.cb-cdn.com", 
            "USER-AGENT": "com.mss.coinparty.pharaoh.dozer.slot.google/1.1.0 (Linux; U; Android 5.1.1; en_US; shamu) Apache-HttpClient/UNAVAILABLE (java 1.4)"
        }, 
        "host": "ads.cb-cdn.com", 
        "is_host_ip": 0, 
        "label": 0, 
        "md5": null, 
        "method": "GET", 
        "package_name": "com.mss.coinparty.pharaoh.dozer.slot.google", 
        "pii_types": null, 
        "platform": "android", 
        "post_body": "-", 
        "referrer": "-", 
        "src_ip": "10.11.2.3", 
        "src_port": "41067", 
        "tk_flag": 0, 
        "ts": "1441700754.352266", 
        "uri": "/static-assets/interstitials-v2/close-buttons/video-60x60.png", 
        "user_agent": "com.mss.coinparty.pharaoh.dozer.slot.google/1.1.0 (Linux; U; Android 5.1.1; en_US; shamu) Apache-HttpClient/UNAVAILABLE (java 1.4)"
    }, 
    "1441700754.360151,C4U2Jl3O2h18lH6i1b": {
        "domain": "cb-cdn.com", 
        "dst_ip": "199.27.76.249", 
        "dst_port": "80", 
        "headers": {
            "CONNECTION": "Keep-Alive", 
            "HOST": "ads.cb-cdn.com", 
            "USER-AGENT": "com.mss.coinparty.pharaoh.dozer.slot.google/1.1.0 (Linux; U; Android 5.1.1; en_US; shamu) Apache-HttpClient/UNAVAILABLE (java 1.4)"
        }, 
        "host": "ads.cb-cdn.com", 
        "is_host_ip": 0, 
        "label": 0, 
        "md5": null, 
        "method": "GET", 
        "package_name": "com.mss.coinparty.pharaoh.dozer.slot.google", 
        "pii_types": null, 
        "platform": "android", 
        "post_body": "-", 
        "referrer": "-", 
        "src_ip": "10.11.2.3", 
        "src_port": "47235", 
        "tk_flag": 0, 
        "ts": "1441700754.360151", 
        "uri": "/creatives/51c975b817ba478d3b000007/11d6cd7d51c8d146f44786c9857d12700caca0ac.jpeg", 
        "user_agent": "com.mss.coinparty.pharaoh.dozer.slot.google/1.1.0 (Linux; U; Android 5.1.1; en_US; shamu) Apache-HttpClient/UNAVAILABLE (java 1.4)"
    }, 
    "1441700754.501844,CoXsJJ3SXuCPuNxSv5": {
        "domain": "cb-cdn.com", 
        "dst_ip": "199.27.76.249", 
        "dst_port": "80", 
        "headers": {
            "CONNECTION": "Keep-Alive", 
            "HOST": "ads.cb-cdn.com", 
            "USER-AGENT": "com.mss.coinparty.pharaoh.dozer.slot.google/1.1.0 (Linux; U; Android 5.1.1; en_US; shamu) Apache-HttpClient/UNAVAILABLE (java 1.4)"
        }, 
        "host": "ads.cb-cdn.com", 
        "is_host_ip": 0, 
        "label": 0, 
        "md5": null, 
        "method": "GET", 
        "package_name": "com.mss.coinparty.pharaoh.dozer.slot.google", 
        "pii_types": null, 
        "platform": "android", 
        "post_body": "-", 
        "referrer": "-", 
        "src_ip": "10.11.2.3", 
        "src_port": "41067", 
        "tk_flag": 0, 
        "ts": "1441700754.501844", 
        "uri": "/video/default_assets/replay_transparent.png", 
        "user_agent": "com.mss.coinparty.pharaoh.dozer.slot.google/1.1.0 (Linux; U; Android 5.1.1; en_US; shamu) Apache-HttpClient/UNAVAILABLE (java 1.4)"
    }, 
    "1441700754.711169,CoXsJJ3SXuCPuNxSv5": {
        "domain": "cb-cdn.com", 
        "dst_ip": "199.27.76.249", 
        "dst_port": "80", 
        "headers": {
            "CONNECTION": "Keep-Alive", 
            "HOST": "ads.cb-cdn.com", 
            "USER-AGENT": "com.mss.coinparty.pharaoh.dozer.slot.google/1.1.0 (Linux; U; Android 5.1.1; en_US; shamu) Apache-HttpClient/UNAVAILABLE (java 1.4)"
        }, 
        "host": "ads.cb-cdn.com", 
        "is_host_ip": 0, 
        "label": 0, 
        "md5": null, 
        "method": "GET", 
        "package_name": "com.mss.coinparty.pharaoh.dozer.slot.google", 
        "pii_types": null, 
        "platform": "android", 
        "post_body": "-", 
        "referrer": "-", 
        "src_ip": "10.11.2.3", 
        "src_port": "41067", 
        "tk_flag": 0, 
        "ts": "1441700754.711169", 
        "uri": "/video/default_assets/download.png", 
        "user_agent": "com.mss.coinparty.pharaoh.dozer.slot.google/1.1.0 (Linux; U; Android 5.1.1; en_US; shamu) Apache-HttpClient/UNAVAILABLE (java 1.4)"
    }, 
    "1441700754.863009,CoXsJJ3SXuCPuNxSv5": {
        "domain": "cb-cdn.com", 
        "dst_ip": "199.27.76.249", 
        "dst_port": "80", 
        "headers": {
            "CONNECTION": "Keep-Alive", 
            "HOST": "ads.cb-cdn.com", 
            "USER-AGENT": "com.mss.coinparty.pharaoh.dozer.slot.google/1.1.0 (Linux; U; Android 5.1.1; en_US; shamu) Apache-HttpClient/UNAVAILABLE (java 1.4)"
        }, 
        "host": "ads.cb-cdn.com", 
        "is_host_ip": 0, 
        "label": 0, 
        "md5": null, 
        "method": "GET", 
        "package_name": "com.mss.coinparty.pharaoh.dozer.slot.google", 
        "pii_types": null, 
        "platform": "android", 
        "post_body": "-", 
        "referrer": "-", 
        "src_ip": "10.11.2.3", 
        "src_port": "41067", 
        "tk_flag": 0, 
        "ts": "1441700754.863009", 
        "uri": "/static-assets/interstitials-v2/frames/9-16/video-1152x2048.png", 
        "user_agent": "com.mss.coinparty.pharaoh.dozer.slot.google/1.1.0 (Linux; U; Android 5.1.1; en_US; shamu) Apache-HttpClient/UNAVAILABLE (java 1.4)"
    }, 
    "1441700755.132006,CoXsJJ3SXuCPuNxSv5": {
        "domain": "cb-cdn.com", 
        "dst_ip": "199.27.76.249", 
        "dst_port": "80", 
        "headers": {
            "CONNECTION": "Keep-Alive", 
            "HOST": "ads.cb-cdn.com", 
            "USER-AGENT": "com.mss.coinparty.pharaoh.dozer.slot.google/1.1.0 (Linux; U; Android 5.1.1; en_US; shamu) Apache-HttpClient/UNAVAILABLE (java 1.4)"
        }, 
        "host": "ads.cb-cdn.com", 
        "is_host_ip": 0, 
        "label": 0, 
        "md5": null, 
        "method": "GET", 
        "package_name": "com.mss.coinparty.pharaoh.dozer.slot.google", 
        "pii_types": null, 
        "platform": "android", 
        "post_body": "-", 
        "referrer": "-", 
        "src_ip": "10.11.2.3", 
        "src_port": "41067", 
        "tk_flag": 0, 
        "ts": "1441700755.132006", 
        "uri": "/video/default_assets/playfree.png", 
        "user_agent": "com.mss.coinparty.pharaoh.dozer.slot.google/1.1.0 (Linux; U; Android 5.1.1; en_US; shamu) Apache-HttpClient/UNAVAILABLE (java 1.4)"
    }, 
    "1441700755.271491,CoXsJJ3SXuCPuNxSv5": {
        "domain": "cb-cdn.com", 
        "dst_ip": "199.27.76.249", 
        "dst_port": "80", 
        "headers": {
            "CONNECTION": "Keep-Alive", 
            "HOST": "ads.cb-cdn.com", 
            "USER-AGENT": "com.mss.coinparty.pharaoh.dozer.slot.google/1.1.0 (Linux; U; Android 5.1.1; en_US; shamu) Apache-HttpClient/UNAVAILABLE (java 1.4)"
        }, 
        "host": "ads.cb-cdn.com", 
        "is_host_ip": 0, 
        "label": 0, 
        "md5": null, 
        "method": "GET", 
        "package_name": "com.mss.coinparty.pharaoh.dozer.slot.google", 
        "pii_types": null, 
        "platform": "android", 
        "post_body": "-", 
        "referrer": "-", 
        "src_ip": "10.11.2.3", 
        "src_port": "41067", 
        "tk_flag": 0, 
        "ts": "1441700755.271491", 
        "uri": "/video/default_assets/watch_button.png", 
        "user_agent": "com.mss.coinparty.pharaoh.dozer.slot.google/1.1.0 (Linux; U; Android 5.1.1; en_US; shamu) Apache-HttpClient/UNAVAILABLE (java 1.4)"
    }, 
    "1441700756.696519,CwKqxj4BlqQD7FMZS8": {
        "domain": "edgecastcdn.net", 
        "dst_ip": "72.21.81.131", 
        "dst_port": "80", 
        "headers": {
            "ACCEPT-ENCODING": "gzip", 
            "CONNECTION": "Keep-Alive", 
            "HOST": "wpc.250f.edgecastcdn.net", 
            "USER-AGENT": "Dalvik/2.1.0 (Linux; U; Android 5.1.1; Nexus 6 Build/LMY48I)"
        }, 
        "host": "wpc.250f.edgecastcdn.net", 
        "is_host_ip": 0, 
        "label": 0, 
        "md5": null, 
        "method": "GET", 
        "package_name": "com.mss.coinparty.pharaoh.dozer.slot.google", 
        "pii_types": null, 
        "platform": "android", 
        "post_body": "-", 
        "referrer": "-", 
        "src_ip": "10.11.2.3", 
        "src_port": "50754", 
        "tk_flag": 1, 
        "ts": "1441700756.696519", 
        "uri": "/80250F/s3videos/output/videos/standard_wide_29941.m4v", 
        "user_agent": "Dalvik/2.1.0 (Linux; U; Android 5.1.1; Nexus 6 Build/LMY48I)"
    }, 
    "1441700760.270140,CQrdUG1AZ8BhLqwFSh": {
        "domain": "chartboost.com", 
        "dst_ip": "23.235.39.113", 
        "dst_port": "80", 
        "headers": {
            "ACCEPT-ENCODING": "gzip", 
            "CONNECTION": "Keep-Alive", 
            "HOST": "v.chartboost.com", 
            "USER-AGENT": "Dalvik/2.1.0 (Linux; U; Android 5.1.1; Nexus 6 Build/LMY48I)"
        }, 
        "host": "v.chartboost.com", 
        "is_host_ip": 0, 
        "label": 0, 
        "md5": null, 
        "method": "GET", 
        "package_name": "com.mss.coinparty.pharaoh.dozer.slot.google", 
        "pii_types": null, 
        "platform": "android", 
        "post_body": "-", 
        "referrer": "-", 
        "src_ip": "10.11.2.3", 
        "src_port": "56563", 
        "tk_flag": 1, 
        "ts": "1441700760.270140", 
        "uri": "/videoads/55a4351243150f1b7a855f62_568-1436824896.mp4", 
        "user_agent": "Dalvik/2.1.0 (Linux; U; Android 5.1.1; Nexus 6 Build/LMY48I)"
    }, 
    "1441700763.506489,Crrxau1ZVX9H4S2IYi": {
        "domain": "applovin.com", 
        "dst_ip": "172.232.9.110", 
        "dst_port": "80", 
        "headers": {
            "ACCEPT-ENCODING": "gzip", 
            "CONNECTION": "Keep-Alive", 
            "HOST": "img.applovin.com", 
            "USER-AGENT": "Dalvik/2.1.0 (Linux; U; Android 5.1.1; Nexus 6 Build/LMY48I)"
        }, 
        "host": "img.applovin.com", 
        "is_host_ip": 0, 
        "label": 0, 
        "md5": null, 
        "method": "GET", 
        "package_name": "com.mss.coinparty.pharaoh.dozer.slot.google", 
        "pii_types": null, 
        "platform": "android", 
        "post_body": "-", 
        "referrer": "-", 
        "src_ip": "10.11.2.3", 
        "src_port": "59638", 
        "tk_flag": 1, 
        "ts": "1441700763.506489", 
        "uri": "/1435267322_768x1024.gif", 
        "user_agent": "Dalvik/2.1.0 (Linux; U; Android 5.1.1; Nexus 6 Build/LMY48I)"
    }, 
    "1441700769.415660,Crrxau1ZVX9H4S2IYi": {
        "domain": "applovin.com", 
        "dst_ip": "172.232.9.110", 
        "dst_port": "80", 
        "headers": {
            "ACCEPT-ENCODING": "gzip", 
            "CONNECTION": "Keep-Alive", 
            "HOST": "img.applovin.com", 
            "USER-AGENT": "Dalvik/2.1.0 (Linux; U; Android 5.1.1; Nexus 6 Build/LMY48I)"
        }, 
        "host": "img.applovin.com", 
        "is_host_ip": 0, 
        "label": 0, 
        "md5": null, 
        "method": "GET", 
        "package_name": "com.mss.coinparty.pharaoh.dozer.slot.google", 
        "pii_types": null, 
        "platform": "android", 
        "post_body": "-", 
        "referrer": "-", 
        "src_ip": "10.11.2.3", 
        "src_port": "59638", 
        "tk_flag": 1, 
        "ts": "1441700769.415660", 
        "uri": "/1435267336_1024x768.gif", 
        "user_agent": "Dalvik/2.1.0 (Linux; U; Android 5.1.1; Nexus 6 Build/LMY48I)"
    }, 
    "1441700773.844594,CFzjH03WhVl3LBh7La": {
        "domain": "applovin.com", 
        "dst_ip": "172.232.9.110", 
        "dst_port": "80", 
        "headers": {
            "ACCEPT-ENCODING": "gzip", 
            "CONNECTION": "Keep-Alive", 
            "HOST": "vid.applovin.com", 
            "USER-AGENT": "Dalvik/2.1.0 (Linux; U; Android 5.1.1; Nexus 6 Build/LMY48I)"
        }, 
        "host": "vid.applovin.com", 
        "is_host_ip": 0, 
        "label": 0, 
        "md5": null, 
        "method": "GET", 
        "package_name": "com.mss.coinparty.pharaoh.dozer.slot.google", 
        "pii_types": null, 
        "platform": "android", 
        "post_body": "-", 
        "referrer": "-", 
        "src_ip": "10.11.2.3", 
        "src_port": "40468", 
        "tk_flag": 1, 
        "ts": "1441700773.844594", 
        "uri": "/1424395688_100x100.mp4", 
        "user_agent": "Dalvik/2.1.0 (Linux; U; Android 5.1.1; Nexus 6 Build/LMY48I)"
    }, 
    "1441700796.222893,CfSmIe3aHa47XKu9e5": {
        "domain": "gameanalytics.com", 
        "dst_ip": "23.23.206.122", 
        "dst_port": "80", 
        "headers": {
            "ACCEPT-ENCODING": "gzip", 
            "AUTHORIZATION": "9d5db904e088df855b1a2af9177b599d", 
            "CONNECTION": "Keep-Alive", 
            "CONTENT-LENGTH": "173", 
            "CONTENT-TYPE": "application/x-www-form-urlencoded", 
            "HOST": "api.gameanalytics.com", 
            "USER-AGENT": "Dalvik/2.1.0 (Linux; U; Android 5.1.1; Nexus 6 Build/LMY48I)", 
            "X-UNITY-VERSION": "4.6.7f1"
        }, 
        "host": "api.gameanalytics.com", 
        "is_host_ip": 0, 
        "label": 1, 
        "md5": null, 
        "method": "POST", 
        "package_name": "com.mss.coinparty.pharaoh.dozer.slot.google", 
        "pii_types": [
            "AdvertiserId"
        ], 
        "platform": "android", 
        "post_body": "[{\"build\":\"1.1.0\",\"event_id\":\"PlayArea:Prize:9_1\",\"area\":\"SceneJungle\",\"session_id\":\"a28912b5-f836-4194-908e-995a1a9d819f\",\"user_id\":\"RECON_AdvertiserId_d94440a29af14cb28a228e08fdc8da5c\"}]", 
        "referrer": "-", 
        "src_ip": "10.11.2.3", 
        "src_port": "38164", 
        "tk_flag": 0, 
        "ts": "1441700796.222893", 
        "uri": "/1/1502c54993510f939dccf45cd9c0feba/design", 
        "user_agent": "Dalvik/2.1.0 (Linux; U; Android 5.1.1; Nexus 6 Build/LMY48I)"
    }, 
    "1441700907.113875,CfSmIe3aHa47XKu9e5": {
        "domain": "gameanalytics.com", 
        "dst_ip": "23.23.206.122", 
        "dst_port": "80", 
        "headers": {
            "ACCEPT-ENCODING": "gzip", 
            "AUTHORIZATION": "c9bc147d8eaaf9877b0161022853821b", 
            "CONNECTION": "Keep-Alive", 
            "CONTENT-LENGTH": "378", 
            "CONTENT-TYPE": "application/x-www-form-urlencoded", 
            "HOST": "api.gameanalytics.com", 
            "USER-AGENT": "Dalvik/2.1.0 (Linux; U; Android 5.1.1; Nexus 6 Build/LMY48I)", 
            "X-UNITY-VERSION": "4.6.7f1"
        }, 
        "host": "api.gameanalytics.com", 
        "is_host_ip": 0, 
        "label": 1, 
        "md5": null, 
        "method": "POST", 
        "package_name": "com.mss.coinparty.pharaoh.dozer.slot.google", 
        "pii_types": [
            "AdvertiserId"
        ], 
        "platform": "android", 
        "post_body": "[{\"value\":\"35\",\"event_id\":\"PlayArea:End:1:Bank_Rate\",\"area\":\"SceneJungle\",\"session_id\":\"37fab261-f2ec-4d5c-84a4-31bf6729e7e0\",\"user_id\":\"RECON_AdvertiserId_558e1972195a44dcbcea2baa2a289802\",\"build\":\"1.1.0\"},{\"value\":\"1\",\"event_id\":\"PlayArea:Start:Level\",\"area\":\"SceneJungle\",\"session_id\":\"37fab261-f2ec-4d5c-84a4-31bf6729e7e0\",\"user_id\":\"RECON_AdvertiserId_558e1972195a44dcbcea2baa2a289802\",\"build\":\"1.1.0\"}]", 
        "referrer": "-", 
        "src_ip": "10.11.2.3", 
        "src_port": "38164", 
        "tk_flag": 0, 
        "ts": "1441700907.113875", 
        "uri": "/1/1502c54993510f939dccf45cd9c0feba/design", 
        "user_agent": "Dalvik/2.1.0 (Linux; U; Android 5.1.1; Nexus 6 Build/LMY48I)"
    }, 
    "1441700917.119791,CfSmIe3aHa47XKu9e5": {
        "domain": "gameanalytics.com", 
        "dst_ip": "23.23.206.122", 
        "dst_port": "80", 
        "headers": {
            "ACCEPT-ENCODING": "gzip", 
            "AUTHORIZATION": "821f8f7e678317d12361a0978098522b", 
            "CONNECTION": "Keep-Alive", 
            "CONTENT-LENGTH": "173", 
            "CONTENT-TYPE": "application/x-www-form-urlencoded", 
            "HOST": "api.gameanalytics.com", 
            "USER-AGENT": "Dalvik/2.1.0 (Linux; U; Android 5.1.1; Nexus 6 Build/LMY48I)", 
            "X-UNITY-VERSION": "4.6.7f1"
        }, 
        "host": "api.gameanalytics.com", 
        "is_host_ip": 0, 
        "label": 1, 
        "md5": null, 
        "method": "POST", 
        "package_name": "com.mss.coinparty.pharaoh.dozer.slot.google", 
        "pii_types": [
            "AdvertiserId"
        ], 
        "platform": "android", 
        "post_body": "[{\"build\":\"1.1.0\",\"event_id\":\"PlayArea:Prize:8_1\",\"area\":\"SceneJungle\",\"session_id\":\"37fab261-f2ec-4d5c-84a4-31bf6729e7e0\",\"user_id\":\"RECON_AdvertiserId_010a2dccdbfb400fae2896e29ad5e42a\"}]", 
        "referrer": "-", 
        "src_ip": "10.11.2.3", 
        "src_port": "38164", 
        "tk_flag": 0, 
        "ts": "1441700917.119791", 
        "uri": "/1/1502c54993510f939dccf45cd9c0feba/design", 
        "user_agent": "Dalvik/2.1.0 (Linux; U; Android 5.1.1; Nexus 6 Build/LMY48I)"
    }, 
    "1441700947.149768,CfSmIe3aHa47XKu9e5": {
        "domain": "gameanalytics.com", 
        "dst_ip": "23.23.206.122", 
        "dst_port": "80", 
        "headers": {
            "ACCEPT-ENCODING": "gzip", 
            "AUTHORIZATION": "e63ca065f6d2fbfebb93ba9546b2d71f", 
            "CONNECTION": "Keep-Alive", 
            "CONTENT-LENGTH": "570", 
            "CONTENT-TYPE": "application/x-www-form-urlencoded", 
            "HOST": "api.gameanalytics.com", 
            "USER-AGENT": "Dalvik/2.1.0 (Linux; U; Android 5.1.1; Nexus 6 Build/LMY48I)", 
            "X-UNITY-VERSION": "4.6.7f1"
        }, 
        "host": "api.gameanalytics.com", 
        "is_host_ip": 0, 
        "label": 1, 
        "md5": null, 
        "method": "POST", 
        "package_name": "com.mss.coinparty.pharaoh.dozer.slot.google", 
        "pii_types": [
            "AdvertiserId"
        ], 
        "platform": "android", 
        "post_body": "[{\"value\":\"30\",\"event_id\":\"PlayArea:LevelUp:2_GB\",\"area\":\"SceneJungle\",\"session_id\":\"37fab261-f2ec-4d5c-84a4-31bf6729e7e0\",\"user_id\":\"RECON_AdvertiserId_0077d87fa9ac46fcb9c04e4fa5897be7\",\"build\":\"1.1.0\"},{\"value\":\"12\",\"event_id\":\"PlayArea:LevelUp:2_Bucks\",\"area\":\"SceneJungle\",\"session_id\":\"37fab261-f2ec-4d5c-84a4-31bf6729e7e0\",\"user_id\":\"RECON_AdvertiserId_0077d87fa9ac46fcb9c04e4fa5897be7\",\"build\":\"1.1.0\"},{\"value\":\"1\",\"event_id\":\"Currency:Earned:GoldBars\",\"area\":\"SceneJungle\",\"session_id\":\"37fab261-f2ec-4d5c-84a4-31bf6729e7e0\",\"user_id\":\"RECON_AdvertiserId_0077d87fa9ac46fcb9c04e4fa5897be7\",\"build\":\"1.1.0\"}]", 
        "referrer": "-", 
        "src_ip": "10.11.2.3", 
        "src_port": "38164", 
        "tk_flag": 0, 
        "ts": "1441700947.149768", 
        "uri": "/1/1502c54993510f939dccf45cd9c0feba/design", 
        "user_agent": "Dalvik/2.1.0 (Linux; U; Android 5.1.1; Nexus 6 Build/LMY48I)"
    }, 
    "1441700987.155346,CfSmIe3aHa47XKu9e5": {
        "domain": "gameanalytics.com", 
        "dst_ip": "23.23.206.122", 
        "dst_port": "80", 
        "headers": {
            "ACCEPT-ENCODING": "gzip", 
            "AUTHORIZATION": "9167547be40141ca05ce1ac059df806b", 
            "CONNECTION": "Keep-Alive", 
            "CONTENT-LENGTH": "734", 
            "CONTENT-TYPE": "application/x-www-form-urlencoded", 
            "HOST": "api.gameanalytics.com", 
            "USER-AGENT": "Dalvik/2.1.0 (Linux; U; Android 5.1.1; Nexus 6 Build/LMY48I)", 
            "X-UNITY-VERSION": "4.6.7f1"
        }, 
        "host": "api.gameanalytics.com", 
        "is_host_ip": 0, 
        "label": 1, 
        "md5": null, 
        "method": "POST", 
        "package_name": "com.mss.coinparty.pharaoh.dozer.slot.google", 
        "pii_types": [
            "AdvertiserId"
        ], 
        "platform": "android", 
        "post_body": "[{\"value\":\"47\",\"event_id\":\"PlayArea:Karma:Try\",\"area\":\"SceneJungle\",\"session_id\":\"37fab261-f2ec-4d5c-84a4-31bf6729e7e0\",\"user_id\":\"RECON_AdvertiserId_ade0747481d54b879e8d2429d4668db7\",\"build\":\"1.1.0\"},{\"build\":\"1.1.0\",\"event_id\":\"PlayArea:Prize:6_2\",\"area\":\"SceneJungle\",\"session_id\":\"37fab261-f2ec-4d5c-84a4-31bf6729e7e0\",\"user_id\":\"RECON_AdvertiserId_ade0747481d54b879e8d2429d4668db7\"},{\"value\":\"1\",\"event_id\":\"Currency:Consumed:InstantKarma\",\"area\":\"SceneJungle\",\"session_id\":\"37fab261-f2ec-4d5c-84a4-31bf6729e7e0\",\"user_id\":\"RECON_AdvertiserId_ade0747481d54b879e8d2429d4668db7\",\"build\":\"1.1.0\"},{\"build\":\"1.1.0\",\"event_id\":\"PlayArea:Karma:Monkey Drum\",\"area\":\"SceneJungle\",\"session_id\":\"37fab261-f2ec-4d5c-84a4-31bf6729e7e0\",\"user_id\":\"RECON_AdvertiserId_ade0747481d54b879e8d2429d4668db7\"}]", 
        "referrer": "-", 
        "src_ip": "10.11.2.3", 
        "src_port": "38164", 
        "tk_flag": 0, 
        "ts": "1441700987.155346", 
        "uri": "/1/1502c54993510f939dccf45cd9c0feba/design", 
        "user_agent": "Dalvik/2.1.0 (Linux; U; Android 5.1.1; Nexus 6 Build/LMY48I)"
    }, 
    "1441700997.490428,CfSmIe3aHa47XKu9e5": {
        "domain": "gameanalytics.com", 
        "dst_ip": "23.23.206.122", 
        "dst_port": "80", 
        "headers": {
            "ACCEPT-ENCODING": "gzip", 
            "AUTHORIZATION": "38dc0d21c2d58dddac08c77c741f583a", 
            "CONNECTION": "Keep-Alive", 
            "CONTENT-LENGTH": "724", 
            "CONTENT-TYPE": "application/x-www-form-urlencoded", 
            "HOST": "api.gameanalytics.com", 
            "USER-AGENT": "Dalvik/2.1.0 (Linux; U; Android 5.1.1; Nexus 6 Build/LMY48I)", 
            "X-UNITY-VERSION": "4.6.7f1"
        }, 
        "host": "api.gameanalytics.com", 
        "is_host_ip": 0, 
        "label": 1, 
        "md5": null, 
        "method": "POST", 
        "package_name": "com.mss.coinparty.pharaoh.dozer.slot.google", 
        "pii_types": [
            "AdvertiserId"
        ], 
        "platform": "android", 
        "post_body": "[{\"build\":\"1.1.0\",\"event_id\":\"PlayArea:NextPrize:Open\",\"area\":\"SceneJungle\",\"session_id\":\"37fab261-f2ec-4d5c-84a4-31bf6729e7e0\",\"user_id\":\"RECON_AdvertiserId_8ddd869abd914be5b975634e31f4bb82\"},{\"value\":\"49\",\"event_id\":\"PlayArea:Menu\",\"area\":\"SceneJungle\",\"session_id\":\"37fab261-f2ec-4d5c-84a4-31bf6729e7e0\",\"user_id\":\"RECON_AdvertiserId_8ddd869abd914be5b975634e31f4bb82\",\"build\":\"1.1.0\"},{\"value\":\"45\",\"event_id\":\"PlayArea:End:2:Bank_Rate\",\"area\":\"SceneJungle\",\"session_id\":\"37fab261-f2ec-4d5c-84a4-31bf6729e7e0\",\"user_id\":\"RECON_AdvertiserId_8ddd869abd914be5b975634e31f4bb82\",\"build\":\"1.1.0\"},{\"build\":\"1.1.0\",\"event_id\":\"Menu:Selected:Options\",\"area\":\"SceneJungle\",\"session_id\":\"37fab261-f2ec-4d5c-84a4-31bf6729e7e0\",\"user_id\":\"RECON_AdvertiserId_8ddd869abd914be5b975634e31f4bb82\"}]", 
        "referrer": "-", 
        "src_ip": "10.11.2.3", 
        "src_port": "38164", 
        "tk_flag": 0, 
        "ts": "1441700997.490428", 
        "uri": "/1/1502c54993510f939dccf45cd9c0feba/design", 
        "user_agent": "Dalvik/2.1.0 (Linux; U; Android 5.1.1; Nexus 6 Build/LMY48I)"
    }, 
    "1441701016.260610,CfSmIe3aHa47XKu9e5": {
        "domain": "gameanalytics.com", 
        "dst_ip": "23.23.206.122", 
        "dst_port": "80", 
        "headers": {
            "ACCEPT-ENCODING": "gzip", 
            "AUTHORIZATION": "9ef460525e7f3c60dcf22b11d50c756d", 
            "CONNECTION": "Keep-Alive", 
            "CONTENT-LENGTH": "380", 
            "CONTENT-TYPE": "application/x-www-form-urlencoded", 
            "HOST": "api.gameanalytics.com", 
            "USER-AGENT": "Dalvik/2.1.0 (Linux; U; Android 5.1.1; Nexus 6 Build/LMY48I)", 
            "X-UNITY-VERSION": "4.6.7f1"
        }, 
        "host": "api.gameanalytics.com", 
        "is_host_ip": 0, 
        "label": 1, 
        "md5": null, 
        "method": "POST", 
        "package_name": "com.mss.coinparty.pharaoh.dozer.slot.google", 
        "pii_types": [
            "AdvertiserId"
        ], 
        "platform": "android", 
        "post_body": "[{\"value\":\"50\",\"event_id\":\"PlayArea:End:2:Bank_Rate\",\"area\":\"SceneOptions\",\"session_id\":\"5a64dcb8-7eb2-4b7f-97b5-547404de5473\",\"user_id\":\"RECON_AdvertiserId_b8d80f1c1e2b470d9d8704132d5a74de\",\"build\":\"1.1.0\"},{\"value\":\"2\",\"event_id\":\"PlayArea:Start:Level\",\"area\":\"SceneOptions\",\"session_id\":\"5a64dcb8-7eb2-4b7f-97b5-547404de5473\",\"user_id\":\"RECON_AdvertiserId_b8d80f1c1e2b470d9d8704132d5a74de\",\"build\":\"1.1.0\"}]", 
        "referrer": "-", 
        "src_ip": "10.11.2.3", 
        "src_port": "38164", 
        "tk_flag": 0, 
        "ts": "1441701016.260610", 
        "uri": "/1/1502c54993510f939dccf45cd9c0feba/design", 
        "user_agent": "Dalvik/2.1.0 (Linux; U; Android 5.1.1; Nexus 6 Build/LMY48I)"
    }, 
    "1441701027.460944,CfSmIe3aHa47XKu9e5": {
        "domain": "gameanalytics.com", 
        "dst_ip": "23.23.206.122", 
        "dst_port": "80", 
        "headers": {
            "ACCEPT-ENCODING": "gzip", 
            "AUTHORIZATION": "bec36725316860a5716d840632a1b491", 
            "CONNECTION": "Keep-Alive", 
            "CONTENT-LENGTH": "731", 
            "CONTENT-TYPE": "application/x-www-form-urlencoded", 
            "HOST": "api.gameanalytics.com", 
            "USER-AGENT": "Dalvik/2.1.0 (Linux; U; Android 5.1.1; Nexus 6 Build/LMY48I)", 
            "X-UNITY-VERSION": "4.6.7f1"
        }, 
        "host": "api.gameanalytics.com", 
        "is_host_ip": 0, 
        "label": 1, 
        "md5": null, 
        "method": "POST", 
        "package_name": "com.mss.coinparty.pharaoh.dozer.slot.google", 
        "pii_types": [
            "AdvertiserId"
        ], 
        "platform": "android", 
        "post_body": "[{\"value\":\"51\",\"event_id\":\"PlayArea:Menu\",\"area\":\"SceneJungle\",\"session_id\":\"5a64dcb8-7eb2-4b7f-97b5-547404de5473\",\"user_id\":\"RECON_AdvertiserId_3f026aba2e754b3ca544caf70bbe22fb\",\"build\":\"1.1.0\"},{\"value\":\"0\",\"event_id\":\"PlayArea:End:2:Bank_Rate\",\"area\":\"SceneJungle\",\"session_id\":\"5a64dcb8-7eb2-4b7f-97b5-547404de5473\",\"user_id\":\"RECON_AdvertiserId_3f026aba2e754b3ca544caf70bbe22fb\",\"build\":\"1.1.0\"},{\"value\":\"2\",\"event_id\":\"PlayArea:Start:Level\",\"area\":\"SceneJungle\",\"session_id\":\"5a64dcb8-7eb2-4b7f-97b5-547404de5473\",\"user_id\":\"RECON_AdvertiserId_3f026aba2e754b3ca544caf70bbe22fb\",\"build\":\"1.1.0\"},{\"build\":\"1.1.0\",\"event_id\":\"Menu:Selected:Prizes\",\"area\":\"SceneJungle\",\"session_id\":\"5a64dcb8-7eb2-4b7f-97b5-547404de5473\",\"user_id\":\"RECON_AdvertiserId_3f026aba2e754b3ca544caf70bbe22fb\"}]", 
        "referrer": "-", 
        "src_ip": "10.11.2.3", 
        "src_port": "38164", 
        "tk_flag": 0, 
        "ts": "1441701027.460944", 
        "uri": "/1/1502c54993510f939dccf45cd9c0feba/design", 
        "user_agent": "Dalvik/2.1.0 (Linux; U; Android 5.1.1; Nexus 6 Build/LMY48I)"
    }, 
    "1441701038.191028,CfSmIe3aHa47XKu9e5": {
        "domain": "gameanalytics.com", 
        "dst_ip": "23.23.206.122", 
        "dst_port": "80", 
        "headers": {
            "ACCEPT-ENCODING": "gzip", 
            "AUTHORIZATION": "217da9cfb12fb0925495bbf9eb36b403", 
            "CONNECTION": "Keep-Alive", 
            "CONTENT-LENGTH": "557", 
            "CONTENT-TYPE": "application/x-www-form-urlencoded", 
            "HOST": "api.gameanalytics.com", 
            "USER-AGENT": "Dalvik/2.1.0 (Linux; U; Android 5.1.1; Nexus 6 Build/LMY48I)", 
            "X-UNITY-VERSION": "4.6.7f1"
        }, 
        "host": "api.gameanalytics.com", 
        "is_host_ip": 0, 
        "label": 1, 
        "md5": null, 
        "method": "POST", 
        "package_name": "com.mss.coinparty.pharaoh.dozer.slot.google", 
        "pii_types": [
            "AdvertiserId"
        ], 
        "platform": "android", 
        "post_body": "[{\"value\":\"51\",\"event_id\":\"PlayArea:Menu\",\"area\":\"SceneJungle\",\"session_id\":\"5a64dcb8-7eb2-4b7f-97b5-547404de5473\",\"user_id\":\"RECON_AdvertiserId_38d6875ca7824ddd8d359d5eddb96a0b\",\"build\":\"1.1.0\"},{\"value\":\"0\",\"event_id\":\"PlayArea:End:2:Bank_Rate\",\"area\":\"SceneJungle\",\"session_id\":\"5a64dcb8-7eb2-4b7f-97b5-547404de5473\",\"user_id\":\"RECON_AdvertiserId_38d6875ca7824ddd8d359d5eddb96a0b\",\"build\":\"1.1.0\"},{\"value\":\"2\",\"event_id\":\"PlayArea:Start:Level\",\"area\":\"SceneJungle\",\"session_id\":\"5a64dcb8-7eb2-4b7f-97b5-547404de5473\",\"user_id\":\"RECON_AdvertiserId_38d6875ca7824ddd8d359d5eddb96a0b\",\"build\":\"1.1.0\"}]", 
        "referrer": "-", 
        "src_ip": "10.11.2.3", 
        "src_port": "38164", 
        "tk_flag": 0, 
        "ts": "1441701038.191028", 
        "uri": "/1/1502c54993510f939dccf45cd9c0feba/design", 
        "user_agent": "Dalvik/2.1.0 (Linux; U; Android 5.1.1; Nexus 6 Build/LMY48I)"
    }, 
    "1441701048.563165,CfSmIe3aHa47XKu9e5": {
        "domain": "gameanalytics.com", 
        "dst_ip": "23.23.206.122", 
        "dst_port": "80", 
        "headers": {
            "ACCEPT-ENCODING": "gzip", 
            "AUTHORIZATION": "71641a62250fa231f79093eb218c7d42", 
            "CONNECTION": "Keep-Alive", 
            "CONTENT-LENGTH": "366", 
            "CONTENT-TYPE": "application/x-www-form-urlencoded", 
            "HOST": "api.gameanalytics.com", 
            "USER-AGENT": "Dalvik/2.1.0 (Linux; U; Android 5.1.1; Nexus 6 Build/LMY48I)", 
            "X-UNITY-VERSION": "4.6.7f1"
        }, 
        "host": "api.gameanalytics.com", 
        "is_host_ip": 0, 
        "label": 1, 
        "md5": null, 
        "method": "POST", 
        "package_name": "com.mss.coinparty.pharaoh.dozer.slot.google", 
        "pii_types": [
            "AdvertiserId"
        ], 
        "platform": "android", 
        "post_body": "[{\"build\":\"1.1.0\",\"event_id\":\"Menu:Selected:Spin\",\"area\":\"SceneJungle\",\"session_id\":\"5a64dcb8-7eb2-4b7f-97b5-547404de5473\",\"user_id\":\"RECON_AdvertiserId_61f786f62f4f4d5aa70a05191aa2274b\"},{\"value\":\"1\",\"event_id\":\"Currency:Consumed:SpinTokens\",\"area\":\"SceneWheel\",\"session_id\":\"5a64dcb8-7eb2-4b7f-97b5-547404de5473\",\"user_id\":\"RECON_AdvertiserId_61f786f62f4f4d5aa70a05191aa2274b\",\"build\":\"1.1.0\"}]", 
        "referrer": "-", 
        "src_ip": "10.11.2.3", 
        "src_port": "38164", 
        "tk_flag": 0, 
        "ts": "1441701048.563165", 
        "uri": "/1/1502c54993510f939dccf45cd9c0feba/design", 
        "user_agent": "Dalvik/2.1.0 (Linux; U; Android 5.1.1; Nexus 6 Build/LMY48I)"
    }, 
    "1441701059.525708,CfSmIe3aHa47XKu9e5": {
        "domain": "gameanalytics.com", 
        "dst_ip": "23.23.206.122", 
        "dst_port": "80", 
        "headers": {
            "ACCEPT-ENCODING": "gzip", 
            "AUTHORIZATION": "18a5a2353e6f3e40e31f19c9ce79d6a6", 
            "CONNECTION": "Keep-Alive", 
            "CONTENT-LENGTH": "363", 
            "CONTENT-TYPE": "application/x-www-form-urlencoded", 
            "HOST": "api.gameanalytics.com", 
            "USER-AGENT": "Dalvik/2.1.0 (Linux; U; Android 5.1.1; Nexus 6 Build/LMY48I)", 
            "X-UNITY-VERSION": "4.6.7f1"
        }, 
        "host": "api.gameanalytics.com", 
        "is_host_ip": 0, 
        "label": 1, 
        "md5": null, 
        "method": "POST", 
        "package_name": "com.mss.coinparty.pharaoh.dozer.slot.google", 
        "pii_types": [
            "AdvertiserId"
        ], 
        "platform": "android", 
        "post_body": "[{\"value\":\"25\",\"event_id\":\"Currency:Earned:GoldBars\",\"area\":\"SceneWheel\",\"session_id\":\"5a64dcb8-7eb2-4b7f-97b5-547404de5473\",\"user_id\":\"RECON_AdvertiserId_da95cc4efc834d4291370e6f33d59079\",\"build\":\"1.1.0\"},{\"build\":\"1.1.0\",\"event_id\":\"Bank_Open:grandWheel\",\"area\":\"SceneShop\",\"session_id\":\"5a64dcb8-7eb2-4b7f-97b5-547404de5473\",\"user_id\":\"RECON_AdvertiserId_da95cc4efc834d4291370e6f33d59079\"}]", 
        "referrer": "-", 
        "src_ip": "10.11.2.3", 
        "src_port": "38164", 
        "tk_flag": 0, 
        "ts": "1441701059.525708", 
        "uri": "/1/1502c54993510f939dccf45cd9c0feba/design", 
        "user_agent": "Dalvik/2.1.0 (Linux; U; Android 5.1.1; Nexus 6 Build/LMY48I)"
    }, 
    "1441701071.279369,CfSmIe3aHa47XKu9e5": {
        "domain": "gameanalytics.com", 
        "dst_ip": "23.23.206.122", 
        "dst_port": "80", 
        "headers": {
            "ACCEPT-ENCODING": "gzip", 
            "AUTHORIZATION": "93db6567a17695cb715546d246aa9dea", 
            "CONNECTION": "Keep-Alive", 
            "CONTENT-LENGTH": "733", 
            "CONTENT-TYPE": "application/x-www-form-urlencoded", 
            "HOST": "api.gameanalytics.com", 
            "USER-AGENT": "Dalvik/2.1.0 (Linux; U; Android 5.1.1; Nexus 6 Build/LMY48I)", 
            "X-UNITY-VERSION": "4.6.7f1"
        }, 
        "host": "api.gameanalytics.com", 
        "is_host_ip": 0, 
        "label": 1, 
        "md5": null, 
        "method": "POST", 
        "package_name": "com.mss.coinparty.pharaoh.dozer.slot.google", 
        "pii_types": [
            "AdvertiserId"
        ], 
        "platform": "android", 
        "post_body": "[{\"value\":\"51\",\"event_id\":\"PlayArea:Menu\",\"area\":\"SceneJungle\",\"session_id\":\"5a64dcb8-7eb2-4b7f-97b5-547404de5473\",\"user_id\":\"RECON_AdvertiserId_2f8c43bce3c047e8816820363972895d\",\"build\":\"1.1.0\"},{\"value\":\"0\",\"event_id\":\"PlayArea:End:2:Bank_Rate\",\"area\":\"SceneJungle\",\"session_id\":\"5a64dcb8-7eb2-4b7f-97b5-547404de5473\",\"user_id\":\"RECON_AdvertiserId_2f8c43bce3c047e8816820363972895d\",\"build\":\"1.1.0\"},{\"value\":\"2\",\"event_id\":\"PlayArea:Start:Level\",\"area\":\"SceneJungle\",\"session_id\":\"5a64dcb8-7eb2-4b7f-97b5-547404de5473\",\"user_id\":\"RECON_AdvertiserId_2f8c43bce3c047e8816820363972895d\",\"build\":\"1.1.0\"},{\"build\":\"1.1.0\",\"event_id\":\"Menu:Selected:Coin Lab\",\"area\":\"SceneJungle\",\"session_id\":\"5a64dcb8-7eb2-4b7f-97b5-547404de5473\",\"user_id\":\"RECON_AdvertiserId_2f8c43bce3c047e8816820363972895d\"}]", 
        "referrer": "-", 
        "src_ip": "10.11.2.3", 
        "src_port": "38164", 
        "tk_flag": 0, 
        "ts": "1441701071.279369", 
        "uri": "/1/1502c54993510f939dccf45cd9c0feba/design", 
        "user_agent": "Dalvik/2.1.0 (Linux; U; Android 5.1.1; Nexus 6 Build/LMY48I)"
    }
}
