{
    "1442521647.618224,CfgzwC2ifeyZV8CbRf": {
        "domain": "ggpht.com", 
        "dst_ip": "216.58.217.129", 
        "dst_port": "80", 
        "headers": {
            "CONNECTION": "Keep-Alive", 
            "HOST": "lh3.ggpht.com", 
            "USER-AGENT": "unused/0 (shamu LMY48I); gzip"
        }, 
        "host": "lh3.ggpht.com", 
        "is_host_ip": 0, 
        "label": 0, 
        "md5": null, 
        "method": "GET", 
        "package_name": "com.instagram.layout", 
        "pii_types": null, 
        "platform": "android", 
        "post_body": "-", 
        "referrer": "-", 
        "src_ip": "10.11.2.3", 
        "src_port": "43967", 
        "tk_flag": 0, 
        "ts": "1442521647.618224", 
        "uri": "/STkLA3lthJ3mrb1mScEIdKgag30BABVWAz3m-zTnwTeUShZIZz8fAkQR0tgCe4GLSEY=rw-w49-h49", 
        "user_agent": "unused/0 (shamu LMY48I); gzip"
    }, 
    "1442521648.029343,C03h0648o7ATJNLBaj": {
        "domain": "ggpht.com", 
        "dst_ip": "216.58.217.129", 
        "dst_port": "80", 
        "headers": {
            "CONNECTION": "Keep-Alive", 
            "HOST": "lh4.ggpht.com", 
            "USER-AGENT": "unused/0 (shamu LMY48I); gzip"
        }, 
        "host": "lh4.ggpht.com", 
        "is_host_ip": 0, 
        "label": 0, 
        "md5": null, 
        "method": "GET", 
        "package_name": "com.instagram.layout", 
        "pii_types": null, 
        "platform": "android", 
        "post_body": "-", 
        "referrer": "-", 
        "src_ip": "10.11.2.3", 
        "src_port": "54990", 
        "tk_flag": 0, 
        "ts": "1442521648.029343", 
        "uri": "/V6puNE0GEPVHzUskq0MmfWk2YiA7uBRhoI-ZcWqhVGG9aazYjt-WqrNiQzHlIEpxPc8=rw-w190-h190", 
        "user_agent": "unused/0 (shamu LMY48I); gzip"
    }, 
    "1442521648.102304,CbMvLD474riNXHoXph": {
        "domain": "ggpht.com", 
        "dst_ip": "216.58.217.129", 
        "dst_port": "80", 
        "headers": {
            "CONNECTION": "Keep-Alive", 
            "HOST": "lh5.ggpht.com", 
            "USER-AGENT": "unused/0 (shamu LMY48I); gzip"
        }, 
        "host": "lh5.ggpht.com", 
        "is_host_ip": 0, 
        "label": 0, 
        "md5": null, 
        "method": "GET", 
        "package_name": "com.instagram.layout", 
        "pii_types": null, 
        "platform": "android", 
        "post_body": "-", 
        "referrer": "-", 
        "src_ip": "10.11.2.3", 
        "src_port": "35370", 
        "tk_flag": 0, 
        "ts": "1442521648.102304", 
        "uri": "/MtcoZShzJ7199LvWk5XSB8tZ2cKSuvU6re5prjEc1lFh3W70_mO6uQ7MVPAexM-_R0c=rw-w190-h190", 
        "user_agent": "unused/0 (shamu LMY48I); gzip"
    }, 
    "1442521737.992217,ChxSNI15DekjcJGB39": {
        "domain": "google.com", 
        "dst_ip": "216.58.216.78", 
        "dst_port": "80", 
        "headers": {
            "ACCEPT-ENCODING": "gzip", 
            "CONNECTION": "Keep-Alive", 
            "HOST": "clients3.google.com", 
            "USER-AGENT": "Dalvik/2.1.0 (Linux; U; Android 5.1.1; Nexus 6 Build/LMY48I)"
        }, 
        "host": "clients3.google.com", 
        "is_host_ip": 0, 
        "label": 0, 
        "md5": null, 
        "method": "GET", 
        "package_name": "com.instagram.layout", 
        "pii_types": null, 
        "platform": "android", 
        "post_body": "-", 
        "referrer": "-", 
        "src_ip": "10.11.2.3", 
        "src_port": "48910", 
        "tk_flag": 1, 
        "ts": "1442521737.992217", 
        "uri": "/generate_204", 
        "user_agent": "Dalvik/2.1.0 (Linux; U; Android 5.1.1; Nexus 6 Build/LMY48I)"
    }
}
