{
    "1442568637.975140,C0gtXN3XDTXaJ6Ysbj": {
        "domain": "google.com", 
        "dst_ip": "216.58.217.142", 
        "dst_port": "80", 
        "headers": {
            "ACCEPT-ENCODING": "gzip", 
            "CONNECTION": "Keep-Alive", 
            "HOST": "clients3.google.com", 
            "USER-AGENT": "Dalvik/2.1.0 (Linux; U; Android 5.1.1; Nexus 6 Build/LMY48I)"
        }, 
        "host": "clients3.google.com", 
        "is_host_ip": 0, 
        "label": 0, 
        "md5": null, 
        "method": "GET", 
        "package_name": "com.offerup", 
        "pii_types": null, 
        "platform": "android", 
        "post_body": "-", 
        "referrer": "-", 
        "src_ip": "10.11.2.3", 
        "src_port": "43023", 
        "tk_flag": 1, 
        "ts": "1442568637.975140", 
        "uri": "/generate_204", 
        "user_agent": "Dalvik/2.1.0 (Linux; U; Android 5.1.1; Nexus 6 Build/LMY48I)"
    }, 
    "1442568638.998338,C0gtXN3XDTXaJ6Ysbj": {
        "domain": "google.com", 
        "dst_ip": "216.58.217.142", 
        "dst_port": "80", 
        "headers": {
            "ACCEPT-ENCODING": "gzip", 
            "CONNECTION": "Keep-Alive", 
            "HOST": "clients3.google.com", 
            "USER-AGENT": "Dalvik/2.1.0 (Linux; U; Android 5.1.1; Nexus 6 Build/LMY48I)"
        }, 
        "host": "clients3.google.com", 
        "is_host_ip": 0, 
        "label": 0, 
        "md5": null, 
        "method": "GET", 
        "package_name": "com.offerup", 
        "pii_types": null, 
        "platform": "android", 
        "post_body": "-", 
        "referrer": "-", 
        "src_ip": "10.11.2.3", 
        "src_port": "43023", 
        "tk_flag": 1, 
        "ts": "1442568638.998338", 
        "uri": "/generate_204", 
        "user_agent": "Dalvik/2.1.0 (Linux; U; Android 5.1.1; Nexus 6 Build/LMY48I)"
    }, 
    "1442568639.116392,C0gtXN3XDTXaJ6Ysbj": {
        "domain": "google.com", 
        "dst_ip": "216.58.217.142", 
        "dst_port": "80", 
        "headers": {
            "ACCEPT-ENCODING": "gzip", 
            "CONNECTION": "Keep-Alive", 
            "HOST": "clients3.google.com", 
            "USER-AGENT": "Dalvik/2.1.0 (Linux; U; Android 5.1.1; Nexus 6 Build/LMY48I)"
        }, 
        "host": "clients3.google.com", 
        "is_host_ip": 0, 
        "label": 0, 
        "md5": null, 
        "method": "GET", 
        "package_name": "com.offerup", 
        "pii_types": null, 
        "platform": "android", 
        "post_body": "-", 
        "referrer": "-", 
        "src_ip": "10.11.2.3", 
        "src_port": "43023", 
        "tk_flag": 1, 
        "ts": "1442568639.116392", 
        "uri": "/generate_204", 
        "user_agent": "Dalvik/2.1.0 (Linux; U; Android 5.1.1; Nexus 6 Build/LMY48I)"
    }
}
