{
    "1442520328.408334,Cp0nId2Pdw4TdSVUy9": {
        "domain": "google.com", 
        "dst_ip": "216.58.217.142", 
        "dst_port": "80", 
        "headers": {
            "ACCEPT-ENCODING": "gzip", 
            "CONNECTION": "Keep-Alive", 
            "HOST": "clients3.google.com", 
            "USER-AGENT": "Dalvik/2.1.0 (Linux; U; Android 5.1.1; Nexus 6 Build/LMY48I)"
        }, 
        "host": "clients3.google.com", 
        "is_host_ip": 0, 
        "label": 0, 
        "md5": null, 
        "method": "GET", 
        "package_name": "com.twitter.android", 
        "pii_types": null, 
        "platform": "android", 
        "post_body": "-", 
        "referrer": "-", 
        "src_ip": "10.11.2.3", 
        "src_port": "53769", 
        "tk_flag": 1, 
        "ts": "1442520328.408334", 
        "uri": "/generate_204", 
        "user_agent": "Dalvik/2.1.0 (Linux; U; Android 5.1.1; Nexus 6 Build/LMY48I)"
    }, 
    "1442520329.222693,Cp0nId2Pdw4TdSVUy9": {
        "domain": "google.com", 
        "dst_ip": "216.58.217.142", 
        "dst_port": "80", 
        "headers": {
            "ACCEPT-ENCODING": "gzip", 
            "CONNECTION": "Keep-Alive", 
            "HOST": "clients3.google.com", 
            "USER-AGENT": "Dalvik/2.1.0 (Linux; U; Android 5.1.1; Nexus 6 Build/LMY48I)"
        }, 
        "host": "clients3.google.com", 
        "is_host_ip": 0, 
        "label": 0, 
        "md5": null, 
        "method": "GET", 
        "package_name": "com.twitter.android", 
        "pii_types": null, 
        "platform": "android", 
        "post_body": "-", 
        "referrer": "-", 
        "src_ip": "10.11.2.3", 
        "src_port": "53769", 
        "tk_flag": 1, 
        "ts": "1442520329.222693", 
        "uri": "/generate_204", 
        "user_agent": "Dalvik/2.1.0 (Linux; U; Android 5.1.1; Nexus 6 Build/LMY48I)"
    }, 
    "1442520329.423216,Cp0nId2Pdw4TdSVUy9": {
        "domain": "google.com", 
        "dst_ip": "216.58.217.142", 
        "dst_port": "80", 
        "headers": {
            "ACCEPT-ENCODING": "gzip", 
            "CONNECTION": "Keep-Alive", 
            "HOST": "clients3.google.com", 
            "USER-AGENT": "Dalvik/2.1.0 (Linux; U; Android 5.1.1; Nexus 6 Build/LMY48I)"
        }, 
        "host": "clients3.google.com", 
        "is_host_ip": 0, 
        "label": 0, 
        "md5": null, 
        "method": "GET", 
        "package_name": "com.twitter.android", 
        "pii_types": null, 
        "platform": "android", 
        "post_body": "-", 
        "referrer": "-", 
        "src_ip": "10.11.2.3", 
        "src_port": "53769", 
        "tk_flag": 1, 
        "ts": "1442520329.423216", 
        "uri": "/generate_204", 
        "user_agent": "Dalvik/2.1.0 (Linux; U; Android 5.1.1; Nexus 6 Build/LMY48I)"
    }, 
    "1442520541.062793,CRHNye1ujTou7DIWj7": {
        "domain": "google.com", 
        "dst_ip": "216.58.217.142", 
        "dst_port": "80", 
        "headers": {
            "ACCEPT-ENCODING": "gzip", 
            "CONNECTION": "Keep-Alive", 
            "HOST": "clients3.google.com", 
            "USER-AGENT": "Dalvik/2.1.0 (Linux; U; Android 5.1.1; Nexus 6 Build/LMY48I)"
        }, 
        "host": "clients3.google.com", 
        "is_host_ip": 0, 
        "label": 0, 
        "md5": null, 
        "method": "GET", 
        "package_name": "com.twitter.android", 
        "pii_types": null, 
        "platform": "android", 
        "post_body": "-", 
        "referrer": "-", 
        "src_ip": "10.11.2.3", 
        "src_port": "43311", 
        "tk_flag": 1, 
        "ts": "1442520541.062793", 
        "uri": "/generate_204", 
        "user_agent": "Dalvik/2.1.0 (Linux; U; Android 5.1.1; Nexus 6 Build/LMY48I)"
    }, 
    "1442520551.536187,CdyVXp16aQSAcRM3Q7": {
        "domain": "twitter.com", 
        "dst_ip": "199.16.156.43", 
        "dst_port": "80", 
        "headers": {
            "ACCEPT": "text/html\\x2capplication/xhtml+xml\\x2capplication/xml;q=0.9\\x2cimage/webp\\x2c*/*;q=0.8", 
            "ACCEPT-ENCODING": "gzip\\x2c deflate\\x2c sdch", 
            "ACCEPT-LANGUAGE": "en-US\\x2cen;q=0.8", 
            "CONNECTION": "keep-alive", 
            "COOKIE": "guest_id=v1%3A144117471834581487", 
            "DNT": "1", 
            "HOST": "mobile.twitter.com", 
            "UPGRADE-INSECURE-REQUESTS": "1", 
            "USER-AGENT": "Mozilla/5.0 (Linux; Android 5.1.1; Nexus 6 Build/LMY48I) AppleWebKit/537.36 (KHTML\\x2c like Gecko) Chrome/45.0.2454.84 Mobile Safari/537.36"
        }, 
        "host": "mobile.twitter.com", 
        "is_host_ip": 0, 
        "label": 0, 
        "md5": null, 
        "method": "GET", 
        "package_name": "com.twitter.android", 
        "pii_types": null, 
        "platform": "android", 
        "post_body": "-", 
        "referrer": "-", 
        "src_ip": "10.11.2.3", 
        "src_port": "57857", 
        "tk_flag": 1, 
        "ts": "1442520551.536187", 
        "uri": "/tos", 
        "user_agent": "Mozilla/5.0 (Linux; Android 5.1.1; Nexus 6 Build/LMY48I) AppleWebKit/537.36 (KHTML, like Gecko) Chrome/45.0.2454.84 Mobile Safari/537.36"
    }, 
    "1442521077.066259,C1Srqk1byBGzHcA7lk": {
        "domain": "google.com", 
        "dst_ip": "173.194.121.33", 
        "dst_port": "80", 
        "headers": {
            "ACCEPT-ENCODING": "gzip", 
            "CONNECTION": "Keep-Alive", 
            "HOST": "clients3.google.com", 
            "USER-AGENT": "Dalvik/2.1.0 (Linux; U; Android 5.1.1; Nexus 6 Build/LMY48I)"
        }, 
        "host": "clients3.google.com", 
        "is_host_ip": 0, 
        "label": 0, 
        "md5": null, 
        "method": "GET", 
        "package_name": "com.twitter.android", 
        "pii_types": null, 
        "platform": "android", 
        "post_body": "-", 
        "referrer": "-", 
        "src_ip": "10.11.2.3", 
        "src_port": "35089", 
        "tk_flag": 1, 
        "ts": "1442521077.066259", 
        "uri": "/generate_204", 
        "user_agent": "Dalvik/2.1.0 (Linux; U; Android 5.1.1; Nexus 6 Build/LMY48I)"
    }
}
