{
    "1441818137.797180,Cop21p2r6IJx3ijo3c": {
        "domain": "google.com", 
        "dst_ip": "216.58.219.238", 
        "dst_port": "80", 
        "headers": {
            "ACCEPT-ENCODING": "gzip", 
            "CONNECTION": "Keep-Alive", 
            "HOST": "clients3.google.com", 
            "USER-AGENT": "Dalvik/2.1.0 (Linux; U; Android 5.1.1; Nexus 6 Build/LMY48I)"
        }, 
        "host": "clients3.google.com", 
        "is_host_ip": 0, 
        "label": 0, 
        "md5": null, 
        "method": "GET", 
        "package_name": "com.aim.racing", 
        "pii_types": null, 
        "platform": "android", 
        "post_body": "-", 
        "referrer": "-", 
        "src_ip": "10.11.2.3", 
        "src_port": "56622", 
        "tk_flag": 1, 
        "ts": "1441818137.797180", 
        "uri": "/generate_204", 
        "user_agent": "Dalvik/2.1.0 (Linux; U; Android 5.1.1; Nexus 6 Build/LMY48I)"
    }, 
    "1441818160.417032,CsCwEi1XS5F5SDAj87": {
        "domain": "vungle.com", 
        "dst_ip": "107.20.221.187", 
        "dst_port": "80", 
        "headers": {
            "ACCEPT-ENCODING": "gzip", 
            "CONNECTION": "Keep-Alive", 
            "CONTENT-LENGTH": "0", 
            "CONTENT-TYPE": "application/x-www-form-urlencoded", 
            "HOST": "api.vungle.com", 
            "USER-AGENT": "VungleDroid/3.3.0;unity/2.1", 
            "X-VUNGLE-BUNDLE-ID": "com.aim.racing", 
            "X-VUNGLE-LANGUAGE": "eng", 
            "X-VUNGLE-TIMEZONE": "Europe/Helsinki"
        }, 
        "host": "api.vungle.com", 
        "is_host_ip": 0, 
        "label": 1, 
        "md5": null, 
        "method": "POST", 
        "package_name": "com.aim.racing", 
        "pii_types": [
            "AdvertiserId"
        ], 
        "platform": "android", 
        "post_body": "-", 
        "referrer": "-", 
        "src_ip": "10.11.2.3", 
        "src_port": "42901", 
        "tk_flag": 0, 
        "ts": "1441818160.417032", 
        "uri": "/api/v1/new?app_id=com.aim.racing&ifa=RECON_AdvertiserId_e8870912278e4f77b0f43b485db30fa6", 
        "user_agent": "VungleDroid/3.3.0;unity/2.1"
    }, 
    "1441818160.417048,CBWsC82DEjT0SQ6YBa": {
        "domain": "vungle.com", 
        "dst_ip": "107.20.221.187", 
        "dst_port": "80", 
        "headers": {
            "ACCEPT-ENCODING": "gzip", 
            "CONNECTION": "Keep-Alive", 
            "CONTENT-LENGTH": "302", 
            "CONTENT-TYPE": "application/json", 
            "HOST": "api.vungle.com", 
            "USER-AGENT": "VungleDroid/3.3.0;unity/2.1", 
            "X-VUNGLE-BUNDLE-ID": "com.aim.racing", 
            "X-VUNGLE-LANGUAGE": "eng", 
            "X-VUNGLE-TIMEZONE": "Europe/Helsinki"
        }, 
        "host": "api.vungle.com", 
        "is_host_ip": 0, 
        "label": 1, 
        "md5": null, 
        "method": "POST", 
        "package_name": "com.aim.racing", 
        "pii_types": [
            "AdvertiserId"
        ], 
        "platform": "android", 
        "post_body": "{\"ifa\":\"RECON_AdvertiserId_b8d519aadb7f44409d0850cea342b2ce\",\"demo\":{},\"deviceInfo\":{\"connection\":\"wifi\",\"dim\":{\"height\":1440,\"width\":2413},\"isSdCardAvailable\":1,\"soundEnabled\":false,\"model\":\"motorola,Nexus 6\",\"networkOperator\":\"elisa\",\"osVersion\":\"5.1.1\",\"platform\":\"android\",\"volume\":0},\"pubAppId\":\"com.aim.racing\"}", 
        "referrer": "-", 
        "src_ip": "10.11.2.3", 
        "src_port": "60048", 
        "tk_flag": 0, 
        "ts": "1441818160.417048", 
        "uri": "/api/v1/requestAd", 
        "user_agent": "VungleDroid/3.3.0;unity/2.1"
    }, 
    "1441818160.685182,CvWSMAcO5c7gFPb34": {
        "domain": "vungle.com", 
        "dst_ip": "107.20.221.187", 
        "dst_port": "80", 
        "headers": {
            "ACCEPT-ENCODING": "gzip", 
            "CONNECTION": "Keep-Alive", 
            "CONTENT-LENGTH": "29", 
            "CONTENT-TYPE": "application/json", 
            "HOST": "api.vungle.com", 
            "USER-AGENT": "VungleDroid/3.3.0;unity/2.1", 
            "X-VUNGLE-BUNDLE-ID": "com.aim.racing", 
            "X-VUNGLE-LANGUAGE": "eng", 
            "X-VUNGLE-TIMEZONE": "Europe/Helsinki"
        }, 
        "host": "api.vungle.com", 
        "is_host_ip": 0, 
        "label": 0, 
        "md5": null, 
        "method": "POST", 
        "package_name": "com.aim.racing", 
        "pii_types": null, 
        "platform": "android", 
        "post_body": "{\"pubAppId\":\"com.aim.racing\"}", 
        "referrer": "-", 
        "src_ip": "10.11.2.3", 
        "src_port": "44984", 
        "tk_flag": 0, 
        "ts": "1441818160.685182", 
        "uri": "/api/v1/config", 
        "user_agent": "VungleDroid/3.3.0;unity/2.1"
    }, 
    "1441818160.853502,CvWSMAcO5c7gFPb34": {
        "domain": "vungle.com", 
        "dst_ip": "107.20.221.187", 
        "dst_port": "80", 
        "headers": {
            "ACCEPT-ENCODING": "gzip", 
            "CONNECTION": "Keep-Alive", 
            "CONTENT-LENGTH": "96", 
            "CONTENT-TYPE": "application/json", 
            "HOST": "api.vungle.com", 
            "USER-AGENT": "VungleDroid/3.3.0;unity/2.1", 
            "X-VUNGLE-BUNDLE-ID": "com.aim.racing", 
            "X-VUNGLE-LANGUAGE": "eng", 
            "X-VUNGLE-TIMEZONE": "Europe/Helsinki"
        }, 
        "host": "api.vungle.com", 
        "is_host_ip": 0, 
        "label": 1, 
        "md5": null, 
        "method": "POST", 
        "package_name": "com.aim.racing", 
        "pii_types": [
            "AdvertiserId"
        ], 
        "platform": "android", 
        "post_body": "{\"ifa\":\"RECON_AdvertiserId_fc870a81e60a4b66affb1204b0bbef15\",\"pubAppId\":\"com.aim.racing\",\"start\":1441818155872}", 
        "referrer": "-", 
        "src_ip": "10.11.2.3", 
        "src_port": "44984", 
        "tk_flag": 0, 
        "ts": "1441818160.853502", 
        "uri": "/api/v1/sessionStart", 
        "user_agent": "VungleDroid/3.3.0;unity/2.1"
    }, 
    "1441818162.198742,CfWvw92XilZlVIHIxa": {
        "domain": "innovid.com", 
        "dst_ip": "23.0.160.66", 
        "dst_port": "80", 
        "headers": {
            "ACCEPT-ENCODING": "gzip", 
            "CONNECTION": "Keep-Alive", 
            "HOST": "static.innovid.com", 
            "USER-AGENT": "Dalvik/2.1.0 (Linux; U; Android 5.1.1; Nexus 6 Build/LMY48I)"
        }, 
        "host": "static.innovid.com", 
        "is_host_ip": 0, 
        "label": 0, 
        "md5": null, 
        "method": "GET", 
        "package_name": "com.aim.racing", 
        "pii_types": null, 
        "platform": "android", 
        "post_body": "-", 
        "referrer": "-", 
        "src_ip": "10.11.2.3", 
        "src_port": "40936", 
        "tk_flag": 0, 
        "ts": "1441818162.198742", 
        "uri": "/assets/20165/8081/encoded/media-2.mp4", 
        "user_agent": "Dalvik/2.1.0 (Linux; U; Android 5.1.1; Nexus 6 Build/LMY48I)"
    }, 
    "1441818162.208385,CWGaTh18mLMMZmVfHk": {
        "domain": "vungle.com", 
        "dst_ip": "23.62.6.121", 
        "dst_port": "80", 
        "headers": {
            "ACCEPT-ENCODING": "gzip", 
            "CONNECTION": "Keep-Alive", 
            "HOST": "cdn-lb.vungle.com", 
            "USER-AGENT": "Dalvik/2.1.0 (Linux; U; Android 5.1.1; Nexus 6 Build/LMY48I)"
        }, 
        "host": "cdn-lb.vungle.com", 
        "is_host_ip": 0, 
        "label": 0, 
        "md5": null, 
        "method": "GET", 
        "package_name": "com.aim.racing", 
        "pii_types": null, 
        "platform": "android", 
        "post_body": "-", 
        "referrer": "-", 
        "src_ip": "10.11.2.3", 
        "src_port": "41847", 
        "tk_flag": 0, 
        "ts": "1441818162.208385", 
        "uri": "/bundles/55c92b3e7e1d8e5c210002c4-1.zip", 
        "user_agent": "Dalvik/2.1.0 (Linux; U; Android 5.1.1; Nexus 6 Build/LMY48I)"
    }, 
    "1441818166.225271,C6IxuPXFOyzKvbjV2": {
        "domain": "edgecastcdn.net", 
        "dst_ip": "72.21.81.131", 
        "dst_port": "80", 
        "headers": {
            "ACCEPT-ENCODING": "gzip", 
            "CONNECTION": "Keep-Alive", 
            "HOST": "wpc.250f.edgecastcdn.net", 
            "USER-AGENT": "Dalvik/2.1.0 (Linux; U; Android 5.1.1; Nexus 6 Build/LMY48I)"
        }, 
        "host": "wpc.250f.edgecastcdn.net", 
        "is_host_ip": 0, 
        "label": 0, 
        "md5": null, 
        "method": "GET", 
        "package_name": "com.aim.racing", 
        "pii_types": null, 
        "platform": "android", 
        "post_body": "-", 
        "referrer": "-", 
        "src_ip": "10.11.2.3", 
        "src_port": "46169", 
        "tk_flag": 1, 
        "ts": "1441818166.225271", 
        "uri": "/80250F/s3videos/output/videos/standard_wide_22872.m4v", 
        "user_agent": "Dalvik/2.1.0 (Linux; U; Android 5.1.1; Nexus 6 Build/LMY48I)"
    }, 
    "1441818167.904931,CIm8tu1we7FM0xpjX5": {
        "domain": "unibiller.com", 
        "dst_ip": "74.125.29.121", 
        "dst_port": "80", 
        "headers": {
            "ACCEPT-ENCODING": "gzip", 
            "CONNECTION": "Keep-Alive", 
            "CONTENT-LENGTH": "749", 
            "CONTENT-TYPE": "application/x-www-form-urlencoded", 
            "HOST": "stats.unibiller.com", 
            "USER-AGENT": "Dalvik/2.1.0 (Linux; U; Android 5.1.1; Nexus 6 Build/LMY48I)", 
            "X-UNITY-VERSION": "4.6.5f1"
        }, 
        "host": "stats.unibiller.com", 
        "is_host_ip": 0, 
        "label": 0, 
        "md5": null, 
        "method": "POST", 
        "package_name": "com.aim.racing", 
        "pii_types": null, 
        "platform": "android", 
        "post_body": "payload=%7b%22appId%22%3a%22f69c8ff8-994e-452d-ab00-580f53f0260c%22%2c+%22userId%22%3anull%2c+%22appSecret%22%3a%223c8655da-dfe5-4f39-9a34-a4279a0ee390%22%2c+%22eventType%22%3a%22new_installation%22%2c+%22platform%22%3a%22GooglePlay%22%2c+%22unibillVersion%22%3a%221.9.0%22%2c+%22nonce%22%3a%224969fd04-aff9-4b76-94e2-c460ee31b922%22%2c+%22deviceInfo%22%3a%7b%22deviceModel%22%3a%22motorola+Nexus+6%22%2c+%22deviceName%22%3a%22%3cunknown%3e%22%2c+%22deviceType%22%3a%22Handheld%22%2c+%22os%22%3a%22Android+OS+5.1.1+%2f+API-22+(LMY48I%2f2074855)%22%7d%2c+%22config%22%3a%7b%22useAmazonSandbox%22%3afalse%2c+%22samsungAppsMode%22%3a%22PRODUCTION%22%2c+%22useHostedConfig%22%3afalse%2c+%22useWin81Sandbox%22%3afalse%2c+%22useWP8Sandbox%22%3afalse%7d%7d", 
        "referrer": "-", 
        "src_ip": "10.11.2.3", 
        "src_port": "34346", 
        "tk_flag": 0, 
        "ts": "1441818167.904931", 
        "uri": "/stats", 
        "user_agent": "Dalvik/2.1.0 (Linux; U; Android 5.1.1; Nexus 6 Build/LMY48I)"
    }, 
    "1441818168.101313,CIm8tu1we7FM0xpjX5": {
        "domain": "unibiller.com", 
        "dst_ip": "74.125.29.121", 
        "dst_port": "80", 
        "headers": {
            "ACCEPT-ENCODING": "gzip", 
            "CONNECTION": "Keep-Alive", 
            "CONTENT-LENGTH": "782", 
            "CONTENT-TYPE": "application/x-www-form-urlencoded", 
            "HOST": "stats.unibiller.com", 
            "USER-AGENT": "Dalvik/2.1.0 (Linux; U; Android 5.1.1; Nexus 6 Build/LMY48I)", 
            "X-UNITY-VERSION": "4.6.5f1"
        }, 
        "host": "stats.unibiller.com", 
        "is_host_ip": 0, 
        "label": 0, 
        "md5": null, 
        "method": "POST", 
        "package_name": "com.aim.racing", 
        "pii_types": null, 
        "platform": "android", 
        "post_body": "payload=%7b%22appId%22%3a%22f69c8ff8-994e-452d-ab00-580f53f0260c%22%2c+%22userId%22%3a%22d491f8aa-4c70-4400-8bb9-15a66fe8441a%22%2c+%22appSecret%22%3a%223c8655da-dfe5-4f39-9a34-a4279a0ee390%22%2c+%22eventType%22%3a%22new_session%22%2c+%22platform%22%3a%22GooglePlay%22%2c+%22unibillVersion%22%3a%221.9.0%22%2c+%22nonce%22%3a%22f7552d3e-4d6f-4a25-94ac-a324ddc52392%22%2c+%22deviceInfo%22%3a%7b%22deviceModel%22%3a%22motorola+Nexus+6%22%2c+%22deviceName%22%3a%22%3cunknown%3e%22%2c+%22deviceType%22%3a%22Handheld%22%2c+%22os%22%3a%22Android+OS+5.1.1+%2f+API-22+(LMY48I%2f2074855)%22%7d%2c+%22config%22%3a%7b%22useAmazonSandbox%22%3afalse%2c+%22samsungAppsMode%22%3a%22PRODUCTION%22%2c+%22useHostedConfig%22%3afalse%2c+%22useWin81Sandbox%22%3afalse%2c+%22useWP8Sandbox%22%3afalse%7d%7d", 
        "referrer": "-", 
        "src_ip": "10.11.2.3", 
        "src_port": "34346", 
        "tk_flag": 0, 
        "ts": "1441818168.101313", 
        "uri": "/stats", 
        "user_agent": "Dalvik/2.1.0 (Linux; U; Android 5.1.1; Nexus 6 Build/LMY48I)"
    }, 
    "1441818168.939688,Cn3Agm19EHO0ZHCGr6": {
        "domain": "edgecastcdn.net", 
        "dst_ip": "72.21.81.131", 
        "dst_port": "80", 
        "headers": {
            "ACCEPT-ENCODING": "gzip", 
            "CONNECTION": "Keep-Alive", 
            "HOST": "wpc.250f.edgecastcdn.net", 
            "USER-AGENT": "Dalvik/2.1.0 (Linux; U; Android 5.1.1; Nexus 6 Build/LMY48I)"
        }, 
        "host": "wpc.250f.edgecastcdn.net", 
        "is_host_ip": 0, 
        "label": 0, 
        "md5": null, 
        "method": "GET", 
        "package_name": "com.aim.racing", 
        "pii_types": null, 
        "platform": "android", 
        "post_body": "-", 
        "referrer": "-", 
        "src_ip": "10.11.2.3", 
        "src_port": "55915", 
        "tk_flag": 1, 
        "ts": "1441818168.939688", 
        "uri": "/80250F/s3videos/output/videos/standard_wide_28911.m4v", 
        "user_agent": "Dalvik/2.1.0 (Linux; U; Android 5.1.1; Nexus 6 Build/LMY48I)"
    }, 
    "1441818190.254445,CIm8tu1we7FM0xpjX5": {
        "domain": "unibiller.com", 
        "dst_ip": "74.125.29.121", 
        "dst_port": "80", 
        "headers": {
            "ACCEPT-ENCODING": "gzip", 
            "CONNECTION": "Keep-Alive", 
            "CONTENT-LENGTH": "972", 
            "CONTENT-TYPE": "application/x-www-form-urlencoded", 
            "HOST": "stats.unibiller.com", 
            "USER-AGENT": "Dalvik/2.1.0 (Linux; U; Android 5.1.1; Nexus 6 Build/LMY48I)", 
            "X-UNITY-VERSION": "4.6.5f1"
        }, 
        "host": "stats.unibiller.com", 
        "is_host_ip": 0, 
        "label": 0, 
        "md5": null, 
        "method": "POST", 
        "package_name": "com.aim.racing", 
        "pii_types": null, 
        "platform": "android", 
        "post_body": "payload=%7b%22appId%22%3a%22f69c8ff8-994e-452d-ab00-580f53f0260c%22%2c+%22userId%22%3a%22d491f8aa-4c70-4400-8bb9-15a66fe8441a%22%2c+%22appSecret%22%3a%223c8655da-dfe5-4f39-9a34-a4279a0ee390%22%2c+%22eventType%22%3a%22level_change%22%2c+%22platform%22%3a%22GooglePlay%22%2c+%22unibillVersion%22%3a%221.9.0%22%2c+%22nonce%22%3a%22303fbdec-9185-4b8e-bbda-a496cde115ce%22%2c+%22deviceInfo%22%3a%7b%22deviceModel%22%3a%22motorola+Nexus+6%22%2c+%22deviceName%22%3a%22%3cunknown%3e%22%2c+%22deviceType%22%3a%22Handheld%22%2c+%22os%22%3a%22Android+OS+5.1.1+%2f+API-22+(LMY48I%2f2074855)%22%7d%2c+%22config%22%3a%7b%22useAmazonSandbox%22%3afalse%2c+%22samsungAppsMode%22%3a%22PRODUCTION%22%2c+%22useHostedConfig%22%3afalse%2c+%22useWin81Sandbox%22%3afalse%2c+%22useWP8Sandbox%22%3afalse%7d%2c+%22levelChange%22%3a%7b%22fromLevel%22%3a%220Start%22%2c+%22fromTime%22%3a%222015-09-09T17%3a02%3a33%22%2c+%22toLevel%22%3a%221Menu%22%2c+%22toTime%22%3a%222015-09-09T17%3a02%3a46%22%7d%7d", 
        "referrer": "-", 
        "src_ip": "10.11.2.3", 
        "src_port": "34346", 
        "tk_flag": 0, 
        "ts": "1441818190.254445", 
        "uri": "/stats", 
        "user_agent": "Dalvik/2.1.0 (Linux; U; Android 5.1.1; Nexus 6 Build/LMY48I)"
    }, 
    "1441818227.004684,CIm8tu1we7FM0xpjX5": {
        "domain": "unibiller.com", 
        "dst_ip": "74.125.29.121", 
        "dst_port": "80", 
        "headers": {
            "ACCEPT-ENCODING": "gzip", 
            "CONNECTION": "Keep-Alive", 
            "CONTENT-LENGTH": "971", 
            "CONTENT-TYPE": "application/x-www-form-urlencoded", 
            "HOST": "stats.unibiller.com", 
            "USER-AGENT": "Dalvik/2.1.0 (Linux; U; Android 5.1.1; Nexus 6 Build/LMY48I)", 
            "X-UNITY-VERSION": "4.6.5f1"
        }, 
        "host": "stats.unibiller.com", 
        "is_host_ip": 0, 
        "label": 0, 
        "md5": null, 
        "method": "POST", 
        "package_name": "com.aim.racing", 
        "pii_types": null, 
        "platform": "android", 
        "post_body": "payload=%7b%22appId%22%3a%22f69c8ff8-994e-452d-ab00-580f53f0260c%22%2c+%22userId%22%3a%22d491f8aa-4c70-4400-8bb9-15a66fe8441a%22%2c+%22appSecret%22%3a%223c8655da-dfe5-4f39-9a34-a4279a0ee390%22%2c+%22eventType%22%3a%22level_change%22%2c+%22platform%22%3a%22GooglePlay%22%2c+%22unibillVersion%22%3a%221.9.0%22%2c+%22nonce%22%3a%22439d371f-d4ce-4592-975f-9049c3bc8059%22%2c+%22deviceInfo%22%3a%7b%22deviceModel%22%3a%22motorola+Nexus+6%22%2c+%22deviceName%22%3a%22%3cunknown%3e%22%2c+%22deviceType%22%3a%22Handheld%22%2c+%22os%22%3a%22Android+OS+5.1.1+%2f+API-22+(LMY48I%2f2074855)%22%7d%2c+%22config%22%3a%7b%22useAmazonSandbox%22%3afalse%2c+%22samsungAppsMode%22%3a%22PRODUCTION%22%2c+%22useHostedConfig%22%3afalse%2c+%22useWin81Sandbox%22%3afalse%2c+%22useWP8Sandbox%22%3afalse%7d%2c+%22levelChange%22%3a%7b%22fromLevel%22%3a%221Menu%22%2c+%22fromTime%22%3a%222015-09-09T17%3a02%3a46%22%2c+%22toLevel%22%3a%222Game%22%2c+%22toTime%22%3a%222015-09-09T17%3a03%3a22%22%7d%7d", 
        "referrer": "-", 
        "src_ip": "10.11.2.3", 
        "src_port": "34346", 
        "tk_flag": 0, 
        "ts": "1441818227.004684", 
        "uri": "/stats", 
        "user_agent": "Dalvik/2.1.0 (Linux; U; Android 5.1.1; Nexus 6 Build/LMY48I)"
    }, 
    "1441818411.703690,C5dWw62KhtG3k4q8Ja": {
        "domain": "edgecastcdn.net", 
        "dst_ip": "72.21.81.131", 
        "dst_port": "80", 
        "headers": {
            "ACCEPT-ENCODING": "gzip", 
            "CONNECTION": "Keep-Alive", 
            "HOST": "wpc.250f.edgecastcdn.net", 
            "USER-AGENT": "Dalvik/2.1.0 (Linux; U; Android 5.1.1; Nexus 6 Build/LMY48I)"
        }, 
        "host": "wpc.250f.edgecastcdn.net", 
        "is_host_ip": 0, 
        "label": 0, 
        "md5": null, 
        "method": "GET", 
        "package_name": "com.aim.racing", 
        "pii_types": null, 
        "platform": "android", 
        "post_body": "-", 
        "referrer": "-", 
        "src_ip": "10.11.2.3", 
        "src_port": "39746", 
        "tk_flag": 1, 
        "ts": "1441818411.703690", 
        "uri": "/80250F/s3videos/output/videos/standard_wide_23460.m4v", 
        "user_agent": "Dalvik/2.1.0 (Linux; U; Android 5.1.1; Nexus 6 Build/LMY48I)"
    }, 
    "1441818411.707955,CWJP7b1I7GjaGPOxN6": {
        "domain": "edgecastcdn.net", 
        "dst_ip": "72.21.81.131", 
        "dst_port": "80", 
        "headers": {
            "ACCEPT-ENCODING": "gzip", 
            "CONNECTION": "Keep-Alive", 
            "HOST": "wpc.250f.edgecastcdn.net", 
            "USER-AGENT": "Dalvik/2.1.0 (Linux; U; Android 5.1.1; Nexus 6 Build/LMY48I)"
        }, 
        "host": "wpc.250f.edgecastcdn.net", 
        "is_host_ip": 0, 
        "label": 0, 
        "md5": null, 
        "method": "GET", 
        "package_name": "com.aim.racing", 
        "pii_types": null, 
        "platform": "android", 
        "post_body": "-", 
        "referrer": "-", 
        "src_ip": "10.11.2.3", 
        "src_port": "55729", 
        "tk_flag": 1, 
        "ts": "1441818411.707955", 
        "uri": "/80250F/s3videos/output/videos/standard_wide_29094.m4v", 
        "user_agent": "Dalvik/2.1.0 (Linux; U; Android 5.1.1; Nexus 6 Build/LMY48I)"
    }, 
    "1441818411.709531,CDDbi72MHrjkPq2YT8": {
        "domain": "edgecastcdn.net", 
        "dst_ip": "72.21.81.131", 
        "dst_port": "80", 
        "headers": {
            "ACCEPT-ENCODING": "gzip", 
            "CONNECTION": "Keep-Alive", 
            "HOST": "wpc.250f.edgecastcdn.net", 
            "USER-AGENT": "Dalvik/2.1.0 (Linux; U; Android 5.1.1; Nexus 6 Build/LMY48I)"
        }, 
        "host": "wpc.250f.edgecastcdn.net", 
        "is_host_ip": 0, 
        "label": 0, 
        "md5": null, 
        "method": "GET", 
        "package_name": "com.aim.racing", 
        "pii_types": null, 
        "platform": "android", 
        "post_body": "-", 
        "referrer": "-", 
        "src_ip": "10.11.2.3", 
        "src_port": "54077", 
        "tk_flag": 1, 
        "ts": "1441818411.709531", 
        "uri": "/80250F/s3videos/output/videos/standard_wide_29939.m4v", 
        "user_agent": "Dalvik/2.1.0 (Linux; U; Android 5.1.1; Nexus 6 Build/LMY48I)"
    }, 
    "1441818416.162211,C5dWw62KhtG3k4q8Ja": {
        "domain": "edgecastcdn.net", 
        "dst_ip": "72.21.81.131", 
        "dst_port": "80", 
        "headers": {
            "ACCEPT-ENCODING": "gzip", 
            "CONNECTION": "Keep-Alive", 
            "HOST": "wpc.250f.edgecastcdn.net", 
            "USER-AGENT": "Dalvik/2.1.0 (Linux; U; Android 5.1.1; Nexus 6 Build/LMY48I)"
        }, 
        "host": "wpc.250f.edgecastcdn.net", 
        "is_host_ip": 0, 
        "label": 0, 
        "md5": null, 
        "method": "GET", 
        "package_name": "com.aim.racing", 
        "pii_types": null, 
        "platform": "android", 
        "post_body": "-", 
        "referrer": "-", 
        "src_ip": "10.11.2.3", 
        "src_port": "39746", 
        "tk_flag": 1, 
        "ts": "1441818416.162211", 
        "uri": "/80250F/s3videos/output/videos/standard_wide_24293.m4v", 
        "user_agent": "Dalvik/2.1.0 (Linux; U; Android 5.1.1; Nexus 6 Build/LMY48I)"
    }, 
    "1441818446.312315,C2Tlnv4AlvozTTLgpl": {
        "domain": "unibiller.com", 
        "dst_ip": "173.194.205.121", 
        "dst_port": "80", 
        "headers": {
            "ACCEPT-ENCODING": "gzip", 
            "CONNECTION": "Keep-Alive", 
            "CONTENT-LENGTH": "971", 
            "CONTENT-TYPE": "application/x-www-form-urlencoded", 
            "HOST": "stats.unibiller.com", 
            "USER-AGENT": "Dalvik/2.1.0 (Linux; U; Android 5.1.1; Nexus 6 Build/LMY48I)", 
            "X-UNITY-VERSION": "4.6.5f1"
        }, 
        "host": "stats.unibiller.com", 
        "is_host_ip": 0, 
        "label": 0, 
        "md5": null, 
        "method": "POST", 
        "package_name": "com.aim.racing", 
        "pii_types": null, 
        "platform": "android", 
        "post_body": "payload=%7b%22appId%22%3a%22f69c8ff8-994e-452d-ab00-580f53f0260c%22%2c+%22userId%22%3a%22d491f8aa-4c70-4400-8bb9-15a66fe8441a%22%2c+%22appSecret%22%3a%223c8655da-dfe5-4f39-9a34-a4279a0ee390%22%2c+%22eventType%22%3a%22level_change%22%2c+%22platform%22%3a%22GooglePlay%22%2c+%22unibillVersion%22%3a%221.9.0%22%2c+%22nonce%22%3a%22bfca7843-671e-42b0-90d4-ff8909cd33e6%22%2c+%22deviceInfo%22%3a%7b%22deviceModel%22%3a%22motorola+Nexus+6%22%2c+%22deviceName%22%3a%22%3cunknown%3e%22%2c+%22deviceType%22%3a%22Handheld%22%2c+%22os%22%3a%22Android+OS+5.1.1+%2f+API-22+(LMY48I%2f2074855)%22%7d%2c+%22config%22%3a%7b%22useAmazonSandbox%22%3afalse%2c+%22samsungAppsMode%22%3a%22PRODUCTION%22%2c+%22useHostedConfig%22%3afalse%2c+%22useWin81Sandbox%22%3afalse%2c+%22useWP8Sandbox%22%3afalse%7d%2c+%22levelChange%22%3a%7b%22fromLevel%22%3a%222Game%22%2c+%22fromTime%22%3a%222015-09-09T17%3a03%3a22%22%2c+%22toLevel%22%3a%221Menu%22%2c+%22toTime%22%3a%222015-09-09T17%3a07%3a17%22%7d%7d", 
        "referrer": "-", 
        "src_ip": "10.11.2.3", 
        "src_port": "37343", 
        "tk_flag": 0, 
        "ts": "1441818446.312315", 
        "uri": "/stats", 
        "user_agent": "Dalvik/2.1.0 (Linux; U; Android 5.1.1; Nexus 6 Build/LMY48I)"
    }, 
    "1441818455.103751,C2Tlnv4AlvozTTLgpl": {
        "domain": "unibiller.com", 
        "dst_ip": "173.194.205.121", 
        "dst_port": "80", 
        "headers": {
            "ACCEPT-ENCODING": "gzip", 
            "CONNECTION": "Keep-Alive", 
            "CONTENT-LENGTH": "974", 
            "CONTENT-TYPE": "application/x-www-form-urlencoded", 
            "HOST": "stats.unibiller.com", 
            "USER-AGENT": "Dalvik/2.1.0 (Linux; U; Android 5.1.1; Nexus 6 Build/LMY48I)", 
            "X-UNITY-VERSION": "4.6.5f1"
        }, 
        "host": "stats.unibiller.com", 
        "is_host_ip": 0, 
        "label": 0, 
        "md5": null, 
        "method": "POST", 
        "package_name": "com.aim.racing", 
        "pii_types": null, 
        "platform": "android", 
        "post_body": "payload=%7b%22appId%22%3a%22f69c8ff8-994e-452d-ab00-580f53f0260c%22%2c+%22userId%22%3a%22d491f8aa-4c70-4400-8bb9-15a66fe8441a%22%2c+%22appSecret%22%3a%223c8655da-dfe5-4f39-9a34-a4279a0ee390%22%2c+%22eventType%22%3a%22purchase_cancelled%22%2c+%22platform%22%3a%22GooglePlay%22%2c+%22unibillVersion%22%3a%221.9.0%22%2c+%22nonce%22%3a%2209c3554b-a1ec-4462-b2c0-d5087648cc30%22%2c+%22deviceInfo%22%3a%7b%22deviceModel%22%3a%22motorola+Nexus+6%22%2c+%22deviceName%22%3a%22%3cunknown%3e%22%2c+%22deviceType%22%3a%22Handheld%22%2c+%22os%22%3a%22Android+OS+5.1.1+%2f+API-22+(LMY48I%2f2074855)%22%7d%2c+%22config%22%3a%7b%22useAmazonSandbox%22%3afalse%2c+%22samsungAppsMode%22%3a%22PRODUCTION%22%2c+%22useHostedConfig%22%3afalse%2c+%22useWin81Sandbox%22%3afalse%2c+%22useWP8Sandbox%22%3afalse%7d%2c+%22item%22%3a%7b%22id%22%3a%22com.aim.racing.removeads%22%2c+%22currency%22%3a%22USD%22%2c+%22price%22%3a%221.9900000000000000000000000000%22%2c+%22priceString%22%3a%22%241.99%22%7d%7d", 
        "referrer": "-", 
        "src_ip": "10.11.2.3", 
        "src_port": "37343", 
        "tk_flag": 0, 
        "ts": "1441818455.103751", 
        "uri": "/stats", 
        "user_agent": "Dalvik/2.1.0 (Linux; U; Android 5.1.1; Nexus 6 Build/LMY48I)"
    }, 
    "1441818462.374764,C2Tlnv4AlvozTTLgpl": {
        "domain": "unibiller.com", 
        "dst_ip": "173.194.205.121", 
        "dst_port": "80", 
        "headers": {
            "ACCEPT-ENCODING": "gzip", 
            "CONNECTION": "Keep-Alive", 
            "CONTENT-LENGTH": "971", 
            "CONTENT-TYPE": "application/x-www-form-urlencoded", 
            "HOST": "stats.unibiller.com", 
            "USER-AGENT": "Dalvik/2.1.0 (Linux; U; Android 5.1.1; Nexus 6 Build/LMY48I)", 
            "X-UNITY-VERSION": "4.6.5f1"
        }, 
        "host": "stats.unibiller.com", 
        "is_host_ip": 0, 
        "label": 0, 
        "md5": null, 
        "method": "POST", 
        "package_name": "com.aim.racing", 
        "pii_types": null, 
        "platform": "android", 
        "post_body": "payload=%7b%22appId%22%3a%22f69c8ff8-994e-452d-ab00-580f53f0260c%22%2c+%22userId%22%3a%22d491f8aa-4c70-4400-8bb9-15a66fe8441a%22%2c+%22appSecret%22%3a%223c8655da-dfe5-4f39-9a34-a4279a0ee390%22%2c+%22eventType%22%3a%22level_change%22%2c+%22platform%22%3a%22GooglePlay%22%2c+%22unibillVersion%22%3a%221.9.0%22%2c+%22nonce%22%3a%221985bd95-654a-4ef9-80e7-e9dbd52d770d%22%2c+%22deviceInfo%22%3a%7b%22deviceModel%22%3a%22motorola+Nexus+6%22%2c+%22deviceName%22%3a%22%3cunknown%3e%22%2c+%22deviceType%22%3a%22Handheld%22%2c+%22os%22%3a%22Android+OS+5.1.1+%2f+API-22+(LMY48I%2f2074855)%22%7d%2c+%22config%22%3a%7b%22useAmazonSandbox%22%3afalse%2c+%22samsungAppsMode%22%3a%22PRODUCTION%22%2c+%22useHostedConfig%22%3afalse%2c+%22useWin81Sandbox%22%3afalse%2c+%22useWP8Sandbox%22%3afalse%7d%2c+%22levelChange%22%3a%7b%22fromLevel%22%3a%221Menu%22%2c+%22fromTime%22%3a%222015-09-09T17%3a07%3a17%22%2c+%22toLevel%22%3a%222Game%22%2c+%22toTime%22%3a%222015-09-09T17%3a07%3a35%22%7d%7d", 
        "referrer": "-", 
        "src_ip": "10.11.2.3", 
        "src_port": "37343", 
        "tk_flag": 0, 
        "ts": "1441818462.374764", 
        "uri": "/stats", 
        "user_agent": "Dalvik/2.1.0 (Linux; U; Android 5.1.1; Nexus 6 Build/LMY48I)"
    }, 
    "1441818471.003023,CWJP7b1I7GjaGPOxN6": {
        "domain": "edgecastcdn.net", 
        "dst_ip": "72.21.81.131", 
        "dst_port": "80", 
        "headers": {
            "ACCEPT-ENCODING": "gzip", 
            "CONNECTION": "Keep-Alive", 
            "HOST": "wpc.250f.edgecastcdn.net", 
            "USER-AGENT": "Dalvik/2.1.0 (Linux; U; Android 5.1.1; Nexus 6 Build/LMY48I)"
        }, 
        "host": "wpc.250f.edgecastcdn.net", 
        "is_host_ip": 0, 
        "label": 0, 
        "md5": null, 
        "method": "GET", 
        "package_name": "com.aim.racing", 
        "pii_types": null, 
        "platform": "android", 
        "post_body": "-", 
        "referrer": "-", 
        "src_ip": "10.11.2.3", 
        "src_port": "55729", 
        "tk_flag": 1, 
        "ts": "1441818471.003023", 
        "uri": "/80250F/s3videos/output/videos/standard_wide_30030.m4v", 
        "user_agent": "Dalvik/2.1.0 (Linux; U; Android 5.1.1; Nexus 6 Build/LMY48I)"
    }, 
    "1441818471.003047,CDDbi72MHrjkPq2YT8": {
        "domain": "edgecastcdn.net", 
        "dst_ip": "72.21.81.131", 
        "dst_port": "80", 
        "headers": {
            "ACCEPT-ENCODING": "gzip", 
            "CONNECTION": "Keep-Alive", 
            "HOST": "wpc.250f.edgecastcdn.net", 
            "USER-AGENT": "Dalvik/2.1.0 (Linux; U; Android 5.1.1; Nexus 6 Build/LMY48I)"
        }, 
        "host": "wpc.250f.edgecastcdn.net", 
        "is_host_ip": 0, 
        "label": 0, 
        "md5": null, 
        "method": "GET", 
        "package_name": "com.aim.racing", 
        "pii_types": null, 
        "platform": "android", 
        "post_body": "-", 
        "referrer": "-", 
        "src_ip": "10.11.2.3", 
        "src_port": "54077", 
        "tk_flag": 1, 
        "ts": "1441818471.003047", 
        "uri": "/80250F/s3videos/output/videos/standard_wide_30030.m4v", 
        "user_agent": "Dalvik/2.1.0 (Linux; U; Android 5.1.1; Nexus 6 Build/LMY48I)"
    }, 
    "1441818471.003057,C5dWw62KhtG3k4q8Ja": {
        "domain": "edgecastcdn.net", 
        "dst_ip": "72.21.81.131", 
        "dst_port": "80", 
        "headers": {
            "ACCEPT-ENCODING": "gzip", 
            "CONNECTION": "Keep-Alive", 
            "HOST": "wpc.250f.edgecastcdn.net", 
            "USER-AGENT": "Dalvik/2.1.0 (Linux; U; Android 5.1.1; Nexus 6 Build/LMY48I)"
        }, 
        "host": "wpc.250f.edgecastcdn.net", 
        "is_host_ip": 0, 
        "label": 0, 
        "md5": null, 
        "method": "GET", 
        "package_name": "com.aim.racing", 
        "pii_types": null, 
        "platform": "android", 
        "post_body": "-", 
        "referrer": "-", 
        "src_ip": "10.11.2.3", 
        "src_port": "39746", 
        "tk_flag": 1, 
        "ts": "1441818471.003057", 
        "uri": "/80250F/s3videos/output/videos/standard_wide_30030.m4v", 
        "user_agent": "Dalvik/2.1.0 (Linux; U; Android 5.1.1; Nexus 6 Build/LMY48I)"
    }, 
    "1441818471.126382,CG3n7y4rUkqqVPQKdl": {
        "domain": "edgecastcdn.net", 
        "dst_ip": "72.21.81.131", 
        "dst_port": "80", 
        "headers": {
            "ACCEPT-ENCODING": "gzip", 
            "CONNECTION": "Keep-Alive", 
            "HOST": "wpc.250f.edgecastcdn.net", 
            "USER-AGENT": "Dalvik/2.1.0 (Linux; U; Android 5.1.1; Nexus 6 Build/LMY48I)"
        }, 
        "host": "wpc.250f.edgecastcdn.net", 
        "is_host_ip": 0, 
        "label": 0, 
        "md5": null, 
        "method": "GET", 
        "package_name": "com.aim.racing", 
        "pii_types": null, 
        "platform": "android", 
        "post_body": "-", 
        "referrer": "-", 
        "src_ip": "10.11.2.3", 
        "src_port": "44994", 
        "tk_flag": 1, 
        "ts": "1441818471.126382", 
        "uri": "/80250F/s3videos/output/videos/standard_wide_22080.m4v", 
        "user_agent": "Dalvik/2.1.0 (Linux; U; Android 5.1.1; Nexus 6 Build/LMY48I)"
    }, 
    "1441818471.128255,CFY2kJ3AYAd7NZgOLb": {
        "domain": "edgecastcdn.net", 
        "dst_ip": "72.21.81.131", 
        "dst_port": "80", 
        "headers": {
            "ACCEPT-ENCODING": "gzip", 
            "CONNECTION": "Keep-Alive", 
            "HOST": "wpc.250f.edgecastcdn.net", 
            "USER-AGENT": "Dalvik/2.1.0 (Linux; U; Android 5.1.1; Nexus 6 Build/LMY48I)"
        }, 
        "host": "wpc.250f.edgecastcdn.net", 
        "is_host_ip": 0, 
        "label": 0, 
        "md5": null, 
        "method": "GET", 
        "package_name": "com.aim.racing", 
        "pii_types": null, 
        "platform": "android", 
        "post_body": "-", 
        "referrer": "-", 
        "src_ip": "10.11.2.3", 
        "src_port": "43010", 
        "tk_flag": 1, 
        "ts": "1441818471.128255", 
        "uri": "/80250F/s3videos/output/videos/standard_wide_25475.m4v", 
        "user_agent": "Dalvik/2.1.0 (Linux; U; Android 5.1.1; Nexus 6 Build/LMY48I)"
    }, 
    "1441818471.131950,CyJZ6k3M7057pj3H2g": {
        "domain": "edgecastcdn.net", 
        "dst_ip": "72.21.81.131", 
        "dst_port": "80", 
        "headers": {
            "ACCEPT-ENCODING": "gzip", 
            "CONNECTION": "Keep-Alive", 
            "HOST": "wpc.250f.edgecastcdn.net", 
            "USER-AGENT": "Dalvik/2.1.0 (Linux; U; Android 5.1.1; Nexus 6 Build/LMY48I)"
        }, 
        "host": "wpc.250f.edgecastcdn.net", 
        "is_host_ip": 0, 
        "label": 0, 
        "md5": null, 
        "method": "GET", 
        "package_name": "com.aim.racing", 
        "pii_types": null, 
        "platform": "android", 
        "post_body": "-", 
        "referrer": "-", 
        "src_ip": "10.11.2.3", 
        "src_port": "39909", 
        "tk_flag": 1, 
        "ts": "1441818471.131950", 
        "uri": "/80250F/s3videos/output/videos/standard_wide_30030.m4v", 
        "user_agent": "Dalvik/2.1.0 (Linux; U; Android 5.1.1; Nexus 6 Build/LMY48I)"
    }, 
    "1441818474.583406,CG3n7y4rUkqqVPQKdl": {
        "domain": "edgecastcdn.net", 
        "dst_ip": "72.21.81.131", 
        "dst_port": "80", 
        "headers": {
            "ACCEPT-ENCODING": "gzip", 
            "CONNECTION": "Keep-Alive", 
            "HOST": "wpc.250f.edgecastcdn.net", 
            "USER-AGENT": "Dalvik/2.1.0 (Linux; U; Android 5.1.1; Nexus 6 Build/LMY48I)"
        }, 
        "host": "wpc.250f.edgecastcdn.net", 
        "is_host_ip": 0, 
        "label": 0, 
        "md5": null, 
        "method": "GET", 
        "package_name": "com.aim.racing", 
        "pii_types": null, 
        "platform": "android", 
        "post_body": "-", 
        "referrer": "-", 
        "src_ip": "10.11.2.3", 
        "src_port": "44994", 
        "tk_flag": 1, 
        "ts": "1441818474.583406", 
        "uri": "/80250F/s3videos/output/videos/standard_wide_28551.m4v", 
        "user_agent": "Dalvik/2.1.0 (Linux; U; Android 5.1.1; Nexus 6 Build/LMY48I)"
    }, 
    "1441818479.241573,CG3n7y4rUkqqVPQKdl": {
        "domain": "edgecastcdn.net", 
        "dst_ip": "72.21.81.131", 
        "dst_port": "80", 
        "headers": {
            "ACCEPT-ENCODING": "gzip", 
            "CONNECTION": "Keep-Alive", 
            "HOST": "wpc.250f.edgecastcdn.net", 
            "USER-AGENT": "Dalvik/2.1.0 (Linux; U; Android 5.1.1; Nexus 6 Build/LMY48I)"
        }, 
        "host": "wpc.250f.edgecastcdn.net", 
        "is_host_ip": 0, 
        "label": 0, 
        "md5": null, 
        "method": "GET", 
        "package_name": "com.aim.racing", 
        "pii_types": null, 
        "platform": "android", 
        "post_body": "-", 
        "referrer": "-", 
        "src_ip": "10.11.2.3", 
        "src_port": "44994", 
        "tk_flag": 1, 
        "ts": "1441818479.241573", 
        "uri": "/80250F/s3videos/output/videos/standard_wide_28892.m4v", 
        "user_agent": "Dalvik/2.1.0 (Linux; U; Android 5.1.1; Nexus 6 Build/LMY48I)"
    }
}
