{
    "1441742508.703477,Cs5zj52pISgPZd9xri": {
        "domain": "google.com", 
        "dst_ip": "173.194.123.36", 
        "dst_port": "80", 
        "headers": {
            "ACCEPT-ENCODING": "gzip", 
            "CONNECTION": "Keep-Alive", 
            "HOST": "clients3.google.com", 
            "USER-AGENT": "Dalvik/2.1.0 (Linux; U; Android 5.1.1; Nexus 6 Build/LMY48I)"
        }, 
        "host": "clients3.google.com", 
        "is_host_ip": 0, 
        "label": 0, 
        "md5": null, 
        "method": "GET", 
        "package_name": "com.joycity.warshipbattle", 
        "pii_types": null, 
        "platform": "android", 
        "post_body": "-", 
        "referrer": "-", 
        "src_ip": "10.11.2.3", 
        "src_port": "40144", 
        "tk_flag": 1, 
        "ts": "1441742508.703477", 
        "uri": "/generate_204", 
        "user_agent": "Dalvik/2.1.0 (Linux; U; Android 5.1.1; Nexus 6 Build/LMY48I)"
    }, 
    "1441742524.580787,Cu2XmJ3rHDUqbOpThl": {
        "domain": "tapjoy.com", 
        "dst_ip": "50.17.241.201", 
        "dst_port": "80", 
        "headers": {
            "ACCEPT-ENCODING": "gzip", 
            "CONNECTION": "close", 
            "CONTENT-LENGTH": "1680", 
            "CONTENT-TYPE": "application/x-www-form-urlencoded", 
            "HOST": "placements.tapjoy.com", 
            "USER-AGENT": "Dalvik/2.1.0 (Linux; U; Android 5.1.1; Nexus 6 Build/LMY48I)"
        }, 
        "host": "placements.tapjoy.com", 
        "is_host_ip": 0, 
        "label": 1, 
        "md5": null, 
        "method": "POST", 
        "package_name": "com.joycity.warshipbattle", 
        "pii_types": [
            "AdvertiserId", 
            "IMEI", 
            "AndroidId"
        ], 
        "platform": "android", 
        "post_body": "device_type=android&display_h=1440&friend_count=0&device_manufacturer=motorola&pkg_sign=3eKlfH4rXLrPm2MVcvSUf%2FDFkgk%3D&pkg_ver=1.0.5&install_id=17fdcff004120809d830405f4ea20ebbd658a8ca33b92f62a2f573de93c7cce9&sdk_type=event&managed_device_id=tjid.ded0fc70957f40f1bceab6b03325cc05&store_view=true&carrier_name=elisa&user_level=0&purchase_total_count=0&event_preload=true&display_d=560&connection_type=wifi&installed=1441742504452&mobile_network_code=05&pkg_id=com.joycity.warshipbattle&udid=RECON_IMEI_3f994612760f4998b22097fbb797c7eb&debug=false&library_version=11.0.3&android_id=RECON_AndroidId_ca8d43dadccd42e4b3675b742c7ea98d&advertising_id=RECON_AdvertiserId_deb8a55369e34a70836cf47604a5abde&verifier=4057e07375f3e69436f1fbb950e10961e024ca8a641978d0c3b5e8df701a5030&analytics_id=RECON_AndroidId_ca8d43dadccd42e4b3675b742c7ea98d&screen_layout_size=2&purchase_last_at=0&device_location=false&library_revision=1defb9e&plugin=native&timezone=Europe%2FHelsinki&store=android.GooglePlay&platform=android&session_last_length=0&app_group_id=5537473c-e751-8000-8000-022ece053a1e&country_sim=FI&analytics_api_key=VTdHPOdRgACAAAIuzgU6HgExP1hABUHWFiL6EVd580yBTEIEjMScbdgZwxnn&bridge_version=1.0.6&display_w=2413&purchase_last_price=0.0&session_total_count=1&language_code=en&country_code=US&display_multiplier=1.0&timestamp=1441742520&session_last_at=0&carrier_country_code=fi&session_total_length=0&event_name=Tapjoy_OfferWall_android&session_id=987fd657db15411528d741fd415467c098c012a16380f103eb859126580e94a9&fq7=1&app_id=310c626a-ad07-4474-9a72-c4f3ae207317&device_gps_version=7899430&screen_density=560&pkg_rev=2000002105&mobile_country_code=244&app_version=1.0.5&purchase_total_price=0.0&device_name=Nexus%206&os_version=5.1.1&packaged_gps_version=4452000&ad_tracking_enabled=true&fq30=1", 
        "referrer": "-", 
        "src_ip": "10.11.2.3", 
        "src_port": "43993", 
        "tk_flag": 0, 
        "ts": "1441742524.580787", 
        "uri": "/v1/apps/310c626a-ad07-4474-9a72-c4f3ae207317/content", 
        "user_agent": "Dalvik/2.1.0 (Linux; U; Android 5.1.1; Nexus 6 Build/LMY48I)"
    }, 
    "1441742524.952238,CVb5bu4EdqUIZSwu37": {
        "domain": "direct-tap.com", 
        "dst_ip": "54.173.136.28", 
        "dst_port": "80", 
        "headers": {
            "ACCEPT-ENCODING": "identity", 
            "AUTHORIZATION": "OAuth realm=\"\"\\x2coauth_consumer_key=\"WtJTYa5D9CWGw7Vn7hEdMNZlHefI8F9vQC3ixtQQ\"\\x2coauth_nonce=\"5d9c0150-1cb2-44fd-a5b7-de923ed3fdec\"\\x2coauth_signature=\"WtZtQ%2B5I8b7kHOJ%2F%2F%2B%2BpmZ3%2FGz4%3D\"\\x2coauth_signature_method=\"HMAC-SHA1\"\\x2coauth_timestamp=\"1441742520\"\\x2coauth_version=\"1.0\"", 
            "CONNECTION": "close", 
            "CONTENT-LENGTH": "350", 
            "CONTENT-TYPE": "application/x-www-form-urlencoded", 
            "HOST": "apir.direct-tap.com", 
            "SDK-VERSION": "1.1.1", 
            "USER-AGENT": "DirectTapSDK ver1.1.1 (5.1.1;22;) Android Native"
        }, 
        "host": "apir.direct-tap.com", 
        "is_host_ip": 0, 
        "label": 1, 
        "md5": null, 
        "method": "POST", 
        "package_name": "com.joycity.warshipbattle", 
        "pii_types": [
            "AdvertiserId"
        ], 
        "platform": "android", 
        "post_body": "view_id=2&sdkv=1.1.1&env=0&media_code=8240429206ed5d1d1905630de0edbf2eefce130501&orientation=1&locale=en_US&build_model=Nexus+6&google_aid=RECON_AdvertiserId_5850561e22974a6aac118031e1a05ceb&google_ad_tracking=0&os=5.1.1%3B22%3B&screen_dpi=560&screen_layout=2&screen_size=2413x1440&package_name=com.joycity.warshipbattle&time=2015-09-08+23%3A02%3A00%28%2B03%3A00%29", 
        "referrer": "-", 
        "src_ip": "10.11.2.3", 
        "src_port": "35138", 
        "tk_flag": 0, 
        "ts": "1441742524.952238", 
        "uri": "/feature?xoauth_requestor_id=", 
        "user_agent": "DirectTapSDK ver1.1.1 (5.1.1;22;) Android Native"
    }, 
    "1441742524.963897,Crgzwr3JNOC34JIyog": {
        "domain": "largosoft.co.kr", 
        "dst_ip": "125.209.196.124", 
        "dst_port": "80", 
        "headers": {
            "ACCEPT-ENCODING": "gzip", 
            "CONNECTION": "close", 
            "HOST": "largosoft.co.kr", 
            "USER-AGENT": "Dalvik/2.1.0 (Linux; U; Android 5.1.1; Nexus 6 Build/LMY48I)"
        }, 
        "host": "largosoft.co.kr", 
        "is_host_ip": 0, 
        "label": 0, 
        "md5": null, 
        "method": "GET", 
        "package_name": "com.joycity.warshipbattle", 
        "pii_types": null, 
        "platform": "android", 
        "post_body": "-", 
        "referrer": "-", 
        "src_ip": "10.11.2.3", 
        "src_port": "37797", 
        "tk_flag": 0, 
        "ts": "1441742524.963897", 
        "uri": "/files/version.ini", 
        "user_agent": "Dalvik/2.1.0 (Linux; U; Android 5.1.1; Nexus 6 Build/LMY48I)"
    }, 
    "1441742525.668622,CLAYsU3YvlvEutpyG8": {
        "domain": "largosoft.co.kr", 
        "dst_ip": "125.209.196.124", 
        "dst_port": "80", 
        "headers": {
            "ACCEPT-ENCODING": "gzip", 
            "CONNECTION": "close", 
            "HOST": "largosoft.co.kr", 
            "USER-AGENT": "Dalvik/2.1.0 (Linux; U; Android 5.1.1; Nexus 6 Build/LMY48I)"
        }, 
        "host": "largosoft.co.kr", 
        "is_host_ip": 0, 
        "label": 0, 
        "md5": null, 
        "method": "GET", 
        "package_name": "com.joycity.warshipbattle", 
        "pii_types": null, 
        "platform": "android", 
        "post_body": "-", 
        "referrer": "-", 
        "src_ip": "10.11.2.3", 
        "src_port": "32976", 
        "tk_flag": 0, 
        "ts": "1441742525.668622", 
        "uri": "/files/ATG_E.sec", 
        "user_agent": "Dalvik/2.1.0 (Linux; U; Android 5.1.1; Nexus 6 Build/LMY48I)"
    }, 
    "1441742527.961002,C6P2MD4206Drg9xuK7": {
        "domain": "largosoft.co.kr", 
        "dst_ip": "125.209.196.124", 
        "dst_port": "80", 
        "headers": {
            "ACCEPT-ENCODING": "gzip", 
            "CONNECTION": "close", 
            "HOST": "largosoft.co.kr", 
            "USER-AGENT": "Dalvik/2.1.0 (Linux; U; Android 5.1.1; Nexus 6 Build/LMY48I)"
        }, 
        "host": "largosoft.co.kr", 
        "is_host_ip": 0, 
        "label": 0, 
        "md5": null, 
        "method": "GET", 
        "package_name": "com.joycity.warshipbattle", 
        "pii_types": null, 
        "platform": "android", 
        "post_body": "-", 
        "referrer": "-", 
        "src_ip": "10.11.2.3", 
        "src_port": "37528", 
        "tk_flag": 0, 
        "ts": "1441742527.961002", 
        "uri": "/files/libData.so", 
        "user_agent": "Dalvik/2.1.0 (Linux; U; Android 5.1.1; Nexus 6 Build/LMY48I)"
    }, 
    "1441742528.711366,CXmO076BZWxN0mRp": {
        "domain": "125.209.195.251", 
        "dst_ip": "125.209.195.251", 
        "dst_port": "80", 
        "headers": {
            "ACCEPT-ENCODING": "identity", 
            "HOST": "125.209.195.251"
        }, 
        "host": "125.209.195.251", 
        "is_host_ip": 1, 
        "label": 0, 
        "md5": null, 
        "method": "GET", 
        "package_name": "com.joycity.warshipbattle", 
        "pii_types": null, 
        "platform": "android", 
        "post_body": "-", 
        "referrer": "-", 
        "src_ip": "10.11.2.3", 
        "src_port": "50118", 
        "tk_flag": 0, 
        "ts": "1441742528.711366", 
        "uri": "/Login_User_New?auth=re158d77CcXBrilXrNMP8MHLfRngicwCVrMBxIkkZEuOMsXfu2xboZosyWGulQD1iG9exHn6C4Bk\\x0a6TOUsKpohjxXVmSzcFBUt8RghlaFLLkXCxRQSqxbKEyXRICbzeo/pRhbKHEa1rgW24Tfeo2Ke89j\\x0a9xFou0mCwPmN7S8CAGpMJsuwBJWLlGtOlh3SzPNYbdVK5t4h6lUXChYDl+Ge5lwXyei5PlgrTyVH\\x0afnbhNAtJnR0FlRxa7ahb4WDRMOFxEKGL4d3F+q8=\\x0a", 
        "user_agent": "-"
    }, 
    "1441742530.745833,CERIOH3qqh3M5Dmtyf": {
        "domain": "edgecastcdn.net", 
        "dst_ip": "72.21.81.131", 
        "dst_port": "80", 
        "headers": {
            "ACCEPT-ENCODING": "gzip", 
            "CONNECTION": "Keep-Alive", 
            "HOST": "wpc.250f.edgecastcdn.net", 
            "USER-AGENT": "Dalvik/2.1.0 (Linux; U; Android 5.1.1; Nexus 6 Build/LMY48I)"
        }, 
        "host": "wpc.250f.edgecastcdn.net", 
        "is_host_ip": 0, 
        "label": 0, 
        "md5": null, 
        "method": "GET", 
        "package_name": "com.joycity.warshipbattle", 
        "pii_types": null, 
        "platform": "android", 
        "post_body": "-", 
        "referrer": "-", 
        "src_ip": "10.11.2.3", 
        "src_port": "50041", 
        "tk_flag": 1, 
        "ts": "1441742530.745833", 
        "uri": "/80250F/s3videos/output/videos/standard_wide_21884.m4v", 
        "user_agent": "Dalvik/2.1.0 (Linux; U; Android 5.1.1; Nexus 6 Build/LMY48I)"
    }, 
    "1441742530.785185,CrimoF1d5H7wuxFVI7": {
        "domain": "edgecastcdn.net", 
        "dst_ip": "72.21.81.131", 
        "dst_port": "80", 
        "headers": {
            "ACCEPT-ENCODING": "gzip", 
            "CONNECTION": "Keep-Alive", 
            "HOST": "wpc.250f.edgecastcdn.net", 
            "USER-AGENT": "Dalvik/2.1.0 (Linux; U; Android 5.1.1; Nexus 6 Build/LMY48I)"
        }, 
        "host": "wpc.250f.edgecastcdn.net", 
        "is_host_ip": 0, 
        "label": 0, 
        "md5": null, 
        "method": "GET", 
        "package_name": "com.joycity.warshipbattle", 
        "pii_types": null, 
        "platform": "android", 
        "post_body": "-", 
        "referrer": "-", 
        "src_ip": "10.11.2.3", 
        "src_port": "37287", 
        "tk_flag": 1, 
        "ts": "1441742530.785185", 
        "uri": "/80250F/s3videos/output/videos/standard_wide_18056.m4v", 
        "user_agent": "Dalvik/2.1.0 (Linux; U; Android 5.1.1; Nexus 6 Build/LMY48I)"
    }, 
    "1441742544.228046,CAGuF72h5OkqkE7xH9": {
        "domain": "ggpht.com", 
        "dst_ip": "216.58.217.129", 
        "dst_port": "80", 
        "headers": {
            "CONNECTION": "Keep-Alive", 
            "HOST": "lh3.ggpht.com", 
            "USER-AGENT": "unused/0 (shamu LMY48I); gzip"
        }, 
        "host": "lh3.ggpht.com", 
        "is_host_ip": 0, 
        "label": 0, 
        "md5": null, 
        "method": "GET", 
        "package_name": "com.joycity.warshipbattle", 
        "pii_types": null, 
        "platform": "android", 
        "post_body": "-", 
        "referrer": "-", 
        "src_ip": "10.11.2.3", 
        "src_port": "42956", 
        "tk_flag": 0, 
        "ts": "1441742544.228046", 
        "uri": "/STkLA3lthJ3mrb1mScEIdKgag30BABVWAz3m-zTnwTeUShZIZz8fAkQR0tgCe4GLSEY=rw-w49-h49", 
        "user_agent": "unused/0 (shamu LMY48I); gzip"
    }, 
    "1441742544.727564,CAGuF72h5OkqkE7xH9": {
        "domain": "ggpht.com", 
        "dst_ip": "216.58.217.129", 
        "dst_port": "80", 
        "headers": {
            "CONNECTION": "Keep-Alive", 
            "HOST": "lh3.ggpht.com", 
            "USER-AGENT": "unused/0 (shamu LMY48I); gzip"
        }, 
        "host": "lh3.ggpht.com", 
        "is_host_ip": 0, 
        "label": 0, 
        "md5": null, 
        "method": "GET", 
        "package_name": "com.joycity.warshipbattle", 
        "pii_types": null, 
        "platform": "android", 
        "post_body": "-", 
        "referrer": "-", 
        "src_ip": "10.11.2.3", 
        "src_port": "42956", 
        "tk_flag": 0, 
        "ts": "1441742544.727564", 
        "uri": "/zF-npoZ1WhNxOZ_zf61k1bp_Pkl6Vci7qLX0xZ-Rs5S9UZda6AhUqCFzAoNhqhm17bQ=rw-w190-h190", 
        "user_agent": "unused/0 (shamu LMY48I); gzip"
    }, 
    "1441742545.149053,Cbjl9w4MY9Rn3oGnYk": {
        "domain": "ggpht.com", 
        "dst_ip": "216.58.217.129", 
        "dst_port": "80", 
        "headers": {
            "CONNECTION": "Keep-Alive", 
            "HOST": "lh4.ggpht.com", 
            "USER-AGENT": "unused/0 (shamu LMY48I); gzip"
        }, 
        "host": "lh4.ggpht.com", 
        "is_host_ip": 0, 
        "label": 0, 
        "md5": null, 
        "method": "GET", 
        "package_name": "com.joycity.warshipbattle", 
        "pii_types": null, 
        "platform": "android", 
        "post_body": "-", 
        "referrer": "-", 
        "src_ip": "10.11.2.3", 
        "src_port": "47242", 
        "tk_flag": 0, 
        "ts": "1441742545.149053", 
        "uri": "/V6puNE0GEPVHzUskq0MmfWk2YiA7uBRhoI-ZcWqhVGG9aazYjt-WqrNiQzHlIEpxPc8=rw-w190-h190", 
        "user_agent": "unused/0 (shamu LMY48I); gzip"
    }, 
    "1441742641.297065,C5r4SPj5E3FzhW144": {
        "domain": "vungle.com", 
        "dst_ip": "23.23.142.155", 
        "dst_port": "80", 
        "headers": {
            "ACCEPT-ENCODING": "gzip", 
            "CONNECTION": "Keep-Alive", 
            "CONTENT-LENGTH": "106", 
            "CONTENT-TYPE": "application/json", 
            "HOST": "api.vungle.com", 
            "USER-AGENT": "VungleDroid/3.3.1", 
            "X-VUNGLE-BUNDLE-ID": "com.joycity.warshipbattle", 
            "X-VUNGLE-LANGUAGE": "eng", 
            "X-VUNGLE-TIMEZONE": "Europe/Helsinki"
        }, 
        "host": "api.vungle.com", 
        "is_host_ip": 0, 
        "label": 1, 
        "md5": null, 
        "method": "POST", 
        "package_name": "com.joycity.warshipbattle", 
        "pii_types": [
            "AdvertiserId"
        ], 
        "platform": "android", 
        "post_body": "{\"ifa\":\"RECON_AdvertiserId_64ed054abfdc4a35ac4bddfd44367527\",\"pubAppId\":\"55b74c5db6d19a14380000af\",\"start\":1441742636727}", 
        "referrer": "-", 
        "src_ip": "10.11.2.3", 
        "src_port": "44242", 
        "tk_flag": 0, 
        "ts": "1441742641.297065", 
        "uri": "/api/v4/sessionStart", 
        "user_agent": "VungleDroid/3.3.1"
    }, 
    "1441742641.394431,CSCpAx3dJ239IYzKM8": {
        "domain": "ncloud.com", 
        "dst_ip": "125.209.192.32", 
        "dst_port": "80", 
        "headers": {
            "ACCEPT-ENCODING": "gzip", 
            "CONNECTION": "close", 
            "HOST": "restapi.fs.ncloud.com", 
            "USER-AGENT": "Dalvik/2.1.0 (Linux; U; Android 5.1.1; Nexus 6 Build/LMY48I)"
        }, 
        "host": "restapi.fs.ncloud.com", 
        "is_host_ip": 0, 
        "label": 0, 
        "md5": null, 
        "method": "GET", 
        "package_name": "com.joycity.warshipbattle", 
        "pii_types": null, 
        "platform": "android", 
        "post_body": "-", 
        "referrer": "-", 
        "src_ip": "10.11.2.3", 
        "src_port": "51886", 
        "tk_flag": 0, 
        "ts": "1441742641.394431", 
        "uri": "/presto-update1/version.ini", 
        "user_agent": "Dalvik/2.1.0 (Linux; U; Android 5.1.1; Nexus 6 Build/LMY48I)"
    }, 
    "1441742642.148646,CmDYYG5qTHXifdym3": {
        "domain": "125.209.195.251", 
        "dst_ip": "125.209.195.251", 
        "dst_port": "80", 
        "headers": {
            "ACCEPT-ENCODING": "identity", 
            "HOST": "125.209.195.251"
        }, 
        "host": "125.209.195.251", 
        "is_host_ip": 1, 
        "label": 0, 
        "md5": null, 
        "method": "GET", 
        "package_name": "com.joycity.warshipbattle", 
        "pii_types": null, 
        "platform": "android", 
        "post_body": "-", 
        "referrer": "-", 
        "src_ip": "10.11.2.3", 
        "src_port": "50120", 
        "tk_flag": 0, 
        "ts": "1441742642.148646", 
        "uri": "/Login_User_New?auth=re158d77CcXBrilXrNMP8MHLfRngicwCVrMBxIkkZEuOMsXfu2xboZosyWGulQD1iG9exHn6C4Bk\\x0a6TOUsKpohjxXVmSzcFBUt8RghlaFLLkXCxRQSqxbKMSn2Bvf6PE8IUyIX42ThhDfXtK1iJv4AfwG\\x0aDqDLdD716SZvjVwst78V+02KNwKvf+Zk1djMdkz7e2vGYyrbiZk6hx3eR+M7drC0NuGFNJ9xXQUi\\x0aMQ4O0NsFlMskTC7jZ3q520PWqR1fO7cdrlkrHbAgh36LvgtX9A==\\x0a", 
        "user_agent": "-"
    }, 
    "1441742642.198007,CbzDsl26Wm9TBBXSeb": {
        "domain": "tapjoy.com", 
        "dst_ip": "107.20.139.98", 
        "dst_port": "80", 
        "headers": {
            "ACCEPT-ENCODING": "gzip", 
            "CONNECTION": "close", 
            "CONTENT-LENGTH": "1736", 
            "CONTENT-TYPE": "application/x-www-form-urlencoded", 
            "HOST": "placements.tapjoy.com", 
            "USER-AGENT": "Dalvik/2.1.0 (Linux; U; Android 5.1.1; Nexus 6 Build/LMY48I)"
        }, 
        "host": "placements.tapjoy.com", 
        "is_host_ip": 0, 
        "label": 1, 
        "md5": null, 
        "method": "POST", 
        "package_name": "com.joycity.warshipbattle", 
        "pii_types": [
            "AdvertiserId", 
            "IMEI", 
            "AndroidId"
        ], 
        "platform": "android", 
        "post_body": "device_type=android&display_h=1440&friend_count=0&device_manufacturer=motorola&installer=com.android.vending&pkg_sign=3eKlfH4rXLrPm2MVcvSUf%2FDFkgk%3D&pkg_ver=1.0.9&install_id=17fdcff004120809d830405f4ea20ebbd658a8ca33b92f62a2f573de93c7cce9&sdk_type=event&managed_device_id=tjid.ded0fc70957f40f1bceab6b03325cc05&store_view=true&carrier_name=Elisa%20Oyj&user_level=0&purchase_total_count=0&event_preload=true&display_d=560&connection_type=wifi&installed=1441742504452&mobile_network_code=05&pkg_id=com.joycity.warshipbattle&udid=RECON_IMEI_59457e94b8ee442780af34582f027f5c&debug=false&library_version=11.0.3&android_id=RECON_AndroidId_debacf4edca643f892ca775984353510&advertising_id=RECON_AdvertiserId_ee02e0b378494510905ee7c913e46735&verifier=e7501f7df9b8458aa5bafcadb6d0604e49a949ab79b3ad61675cd19b289a1886&analytics_id=RECON_AndroidId_debacf4edca643f892ca775984353510&screen_layout_size=2&purchase_last_at=0&device_location=false&library_revision=1defb9e&plugin=native&timezone=Europe%2FHelsinki&store=android.GooglePlay&platform=android&session_last_length=19581&app_group_id=5537473c-e751-8000-8000-022ece053a1e&country_sim=FI&analytics_api_key=VTdHPOdRgACAAAIuzgU6HgExP1hABUHWFiL6EVd580yBTEIEjMScbdgZwxnn&bridge_version=1.0.6&display_w=2413&purchase_last_price=0.0&session_total_count=2&language_code=en&country_code=US&display_multiplier=1.0&timestamp=1441742637&session_last_at=1441742537891&carrier_country_code=fi&session_total_length=19581&event_name=Tapjoy_OfferWall_android&session_id=d0488a5e406880ee8dbfd4638cb923de25d75ea3406789c16565218ad5c7bd4f&fq7=1&app_id=310c626a-ad07-4474-9a72-c4f3ae207317&device_gps_version=7899430&screen_density=560&pkg_rev=2000002109&mobile_country_code=244&app_version=1.0.9&purchase_total_price=0.0&device_name=Nexus%206&os_version=5.1.1&packaged_gps_version=4452000&ad_tracking_enabled=true&fq30=1", 
        "referrer": "-", 
        "src_ip": "10.11.2.3", 
        "src_port": "35022", 
        "tk_flag": 0, 
        "ts": "1441742642.198007", 
        "uri": "/v1/apps/310c626a-ad07-4474-9a72-c4f3ae207317/content", 
        "user_agent": "Dalvik/2.1.0 (Linux; U; Android 5.1.1; Nexus 6 Build/LMY48I)"
    }, 
    "1441742643.027253,CEG9zZ1VBXk1y0zOK6": {
        "domain": "vungle.com", 
        "dst_ip": "23.23.142.155", 
        "dst_port": "80", 
        "headers": {
            "ACCEPT-ENCODING": "gzip", 
            "CONNECTION": "Keep-Alive", 
            "CONTENT-LENGTH": "0", 
            "CONTENT-TYPE": "application/x-www-form-urlencoded", 
            "HOST": "api.vungle.com", 
            "USER-AGENT": "VungleDroid/3.3.1", 
            "X-VUNGLE-BUNDLE-ID": "com.joycity.warshipbattle", 
            "X-VUNGLE-LANGUAGE": "eng", 
            "X-VUNGLE-TIMEZONE": "Europe/Helsinki"
        }, 
        "host": "api.vungle.com", 
        "is_host_ip": 0, 
        "label": 1, 
        "md5": null, 
        "method": "POST", 
        "package_name": "com.joycity.warshipbattle", 
        "pii_types": [
            "AdvertiserId"
        ], 
        "platform": "android", 
        "post_body": "-", 
        "referrer": "-", 
        "src_ip": "10.11.2.3", 
        "src_port": "58733", 
        "tk_flag": 0, 
        "ts": "1441742643.027253", 
        "uri": "/api/v4/new?app_id=55b74c5db6d19a14380000af&ifa=RECON_AdvertiserId_ddf83bbf963c43b99ace0857e99b2a95", 
        "user_agent": "VungleDroid/3.3.1"
    }, 
    "1441742643.055426,CvngjW2mgWEdbhXtWd": {
        "domain": "vungle.com", 
        "dst_ip": "23.23.142.155", 
        "dst_port": "80", 
        "headers": {
            "ACCEPT-ENCODING": "gzip", 
            "CONNECTION": "Keep-Alive", 
            "CONTENT-LENGTH": "325", 
            "CONTENT-TYPE": "application/json", 
            "HOST": "api.vungle.com", 
            "USER-AGENT": "VungleDroid/3.3.1", 
            "X-VUNGLE-BUNDLE-ID": "com.joycity.warshipbattle", 
            "X-VUNGLE-LANGUAGE": "eng", 
            "X-VUNGLE-TIMEZONE": "Europe/Helsinki"
        }, 
        "host": "api.vungle.com", 
        "is_host_ip": 0, 
        "label": 1, 
        "md5": null, 
        "method": "POST", 
        "package_name": "com.joycity.warshipbattle", 
        "pii_types": [
            "AdvertiserId"
        ], 
        "platform": "android", 
        "post_body": "{\"ifa\":\"RECON_AdvertiserId_67bee625baaf4161a5426766e8f8ecbf\",\"demo\":{},\"deviceInfo\":{\"connection\":\"wifi\",\"dim\":{\"height\":1440,\"width\":2413},\"isSdCardAvailable\":1,\"soundEnabled\":false,\"model\":\"motorola,Nexus 6\",\"networkOperator\":\"Elisa Oyj\",\"osVersion\":\"5.1.1\",\"platform\":\"android\",\"volume\":0.26666668},\"pubAppId\":\"55b74c5db6d19a14380000af\"}", 
        "referrer": "-", 
        "src_ip": "10.11.2.3", 
        "src_port": "48043", 
        "tk_flag": 0, 
        "ts": "1441742643.055426", 
        "uri": "/api/v4/requestAd", 
        "user_agent": "VungleDroid/3.3.1"
    }, 
    "1441742643.171248,C06tGo1q3KOsWwX3dk": {
        "domain": "direct-tap.com", 
        "dst_ip": "54.88.75.193", 
        "dst_port": "80", 
        "headers": {
            "ACCEPT-ENCODING": "identity", 
            "AUTHORIZATION": "OAuth realm=\"\"\\x2coauth_consumer_key=\"WtJTYa5D9CWGw7Vn7hEdMNZlHefI8F9vQC3ixtQQ\"\\x2coauth_nonce=\"8c0f76cb-78e8-4c26-b118-f3c993c133c2\"\\x2coauth_signature=\"FLkI0klQv3UNADnl%2BMJisyRFbtg%3D\"\\x2coauth_signature_method=\"HMAC-SHA1\"\\x2coauth_timestamp=\"1441742638\"\\x2coauth_version=\"1.0\"", 
            "CONNECTION": "close", 
            "CONTENT-LENGTH": "350", 
            "CONTENT-TYPE": "application/x-www-form-urlencoded", 
            "HOST": "apir.direct-tap.com", 
            "SDK-VERSION": "1.1.1", 
            "USER-AGENT": "DirectTapSDK ver1.1.1 (5.1.1;22;) Android Native"
        }, 
        "host": "apir.direct-tap.com", 
        "is_host_ip": 0, 
        "label": 1, 
        "md5": null, 
        "method": "POST", 
        "package_name": "com.joycity.warshipbattle", 
        "pii_types": [
            "AdvertiserId"
        ], 
        "platform": "android", 
        "post_body": "view_id=2&sdkv=1.1.1&env=0&media_code=8240429206ed5d1d1905630de0edbf2eefce130501&orientation=1&locale=en_US&build_model=Nexus+6&google_aid=RECON_AdvertiserId_4884e7f2079f44cd8f1ca7d0caa54aad&google_ad_tracking=0&os=5.1.1%3B22%3B&screen_dpi=560&screen_layout=2&screen_size=2413x1440&package_name=com.joycity.warshipbattle&time=2015-09-08+23%3A03%3A58%28%2B03%3A00%29", 
        "referrer": "-", 
        "src_ip": "10.11.2.3", 
        "src_port": "45931", 
        "tk_flag": 0, 
        "ts": "1441742643.171248", 
        "uri": "/feature?xoauth_requestor_id=", 
        "user_agent": "DirectTapSDK ver1.1.1 (5.1.1;22;) Android Native"
    }, 
    "1441742643.283274,CcUX36puNLLZMECE": {
        "domain": "vungle.com", 
        "dst_ip": "23.23.142.155", 
        "dst_port": "80", 
        "headers": {
            "ACCEPT-ENCODING": "gzip", 
            "CONNECTION": "Keep-Alive", 
            "CONTENT-LENGTH": "84", 
            "CONTENT-TYPE": "application/json", 
            "HOST": "api.vungle.com", 
            "USER-AGENT": "VungleDroid/3.3.1", 
            "X-VUNGLE-BUNDLE-ID": "com.joycity.warshipbattle", 
            "X-VUNGLE-LANGUAGE": "eng", 
            "X-VUNGLE-TIMEZONE": "Europe/Helsinki"
        }, 
        "host": "api.vungle.com", 
        "is_host_ip": 0, 
        "label": 1, 
        "md5": null, 
        "method": "POST", 
        "package_name": "com.joycity.warshipbattle", 
        "pii_types": [
            "AdvertiserId"
        ], 
        "platform": "android", 
        "post_body": "{\"pubAppId\":\"55b74c5db6d19a14380000af\",\"ifa\":\"RECON_AdvertiserId_67f204d0f64d4c9184d7002ec528c3dd\"}", 
        "referrer": "-", 
        "src_ip": "10.11.2.3", 
        "src_port": "44325", 
        "tk_flag": 0, 
        "ts": "1441742643.283274", 
        "uri": "/api/v4/config", 
        "user_agent": "VungleDroid/3.3.1"
    }, 
    "1441742645.245755,Cp2Dbv1KPHB1rt8Q2l": {
        "domain": "vungle.com", 
        "dst_ip": "23.15.8.209", 
        "dst_port": "80", 
        "headers": {
            "ACCEPT-ENCODING": "gzip", 
            "CONNECTION": "Keep-Alive", 
            "HOST": "cdn-lb.vungle.com", 
            "USER-AGENT": "Dalvik/2.1.0 (Linux; U; Android 5.1.1; Nexus 6 Build/LMY48I)"
        }, 
        "host": "cdn-lb.vungle.com", 
        "is_host_ip": 0, 
        "label": 0, 
        "md5": null, 
        "method": "GET", 
        "package_name": "com.joycity.warshipbattle", 
        "pii_types": null, 
        "platform": "android", 
        "post_body": "-", 
        "referrer": "-", 
        "src_ip": "10.11.2.3", 
        "src_port": "57130", 
        "tk_flag": 0, 
        "ts": "1441742645.245755", 
        "uri": "/zen/BLITZ_01_EN_15sec-1280x720-Q2.mp4", 
        "user_agent": "Dalvik/2.1.0 (Linux; U; Android 5.1.1; Nexus 6 Build/LMY48I)"
    }, 
    "1441742645.246735,CjHFMuBIN1F18kYd2": {
        "domain": "vungle.com", 
        "dst_ip": "23.15.8.209", 
        "dst_port": "80", 
        "headers": {
            "ACCEPT-ENCODING": "gzip", 
            "CONNECTION": "Keep-Alive", 
            "HOST": "cdn-lb.vungle.com", 
            "USER-AGENT": "Dalvik/2.1.0 (Linux; U; Android 5.1.1; Nexus 6 Build/LMY48I)"
        }, 
        "host": "cdn-lb.vungle.com", 
        "is_host_ip": 0, 
        "label": 0, 
        "md5": null, 
        "method": "GET", 
        "package_name": "com.joycity.warshipbattle", 
        "pii_types": null, 
        "platform": "android", 
        "post_body": "-", 
        "referrer": "-", 
        "src_ip": "10.11.2.3", 
        "src_port": "57039", 
        "tk_flag": 0, 
        "ts": "1441742645.246735", 
        "uri": "/bundles/547db2cbc3611838760001f9-1.zip", 
        "user_agent": "Dalvik/2.1.0 (Linux; U; Android 5.1.1; Nexus 6 Build/LMY48I)"
    }, 
    "1441742645.786926,Ch35Vg1Kn5V4SIgIsj": {
        "domain": "edgecastcdn.net", 
        "dst_ip": "72.21.81.131", 
        "dst_port": "80", 
        "headers": {
            "ACCEPT-ENCODING": "gzip", 
            "CONNECTION": "Keep-Alive", 
            "HOST": "wpc.250f.edgecastcdn.net", 
            "USER-AGENT": "Dalvik/2.1.0 (Linux; U; Android 5.1.1; Nexus 6 Build/LMY48I)"
        }, 
        "host": "wpc.250f.edgecastcdn.net", 
        "is_host_ip": 0, 
        "label": 0, 
        "md5": null, 
        "method": "GET", 
        "package_name": "com.joycity.warshipbattle", 
        "pii_types": null, 
        "platform": "android", 
        "post_body": "-", 
        "referrer": "-", 
        "src_ip": "10.11.2.3", 
        "src_port": "52121", 
        "tk_flag": 1, 
        "ts": "1441742645.786926", 
        "uri": "/80250F/s3videos/output/videos/standard_wide_21884.m4v", 
        "user_agent": "Dalvik/2.1.0 (Linux; U; Android 5.1.1; Nexus 6 Build/LMY48I)"
    }, 
    "1441742654.920861,CXOUeG4026IDl1aV2j": {
        "domain": "joycityplay.com", 
        "dst_ip": "54.249.111.94", 
        "dst_port": "80", 
        "headers": {
            "CONTENT-LENGTH": "363", 
            "CONTENT-TYPE": "application/x-www-form-urlencoded;charset=utf-8", 
            "HOST": "joypool-account.joycityplay.com", 
            "METHOD": "POST", 
            "USER-AGENT": "S3E/ANDROID/Nexus 6/4.40.0"
        }, 
        "host": "joypool-account.joycityplay.com", 
        "is_host_ip": 0, 
        "label": 1, 
        "md5": null, 
        "method": "POST", 
        "package_name": "com.joycity.warshipbattle", 
        "pii_types": [
            "Username"
        ], 
        "platform": "android", 
        "post_body": "client_secret=84c980b1ded43e2b87e4ee4733005966&user_id=dd58911261818bc87de026a390d63680d0116d1322c6478dc9bd98db260418e9&join_type=1&nickname=RECON_Username_c60614e57163489fbfbe309c131b6a2a&profile_image_url=&user_email=cc352052f2cc91defafa38baed73007b5c7c0390a73fe3c0c5b942f33fefa866&device_type=1&login_ip=&lv=0&mcc=310&udid=dd58911261818bc87de026a390d63680d0116d1322c6478dc9bd98db260418e9&gd=0", 
        "referrer": "-", 
        "src_ip": "10.11.2.3", 
        "src_port": "54404", 
        "tk_flag": 0, 
        "ts": "1441742654.920861", 
        "uri": "/users/userpool", 
        "user_agent": "S3E/ANDROID/Nexus 6/4.40.0"
    }, 
    "1441742659.021729,C0o6E5peqrUYnlgw": {
        "domain": "joycityplay.com", 
        "dst_ip": "54.230.194.216", 
        "dst_port": "80", 
        "headers": {
            "ACCEPT": "image/webp\\x2c*/*;q=0.8", 
            "ACCEPT-ENCODING": "gzip\\x2c deflate", 
            "ACCEPT-LANGUAGE": "en-US", 
            "CONNECTION": "keep-alive", 
            "HOST": "platform-cf.joycityplay.com", 
            "USER-AGENT": "Mozilla/5.0 (Linux; Android 5.1.1; Nexus 6 Build/LMY48I; wv) AppleWebKit/537.36 (KHTML\\x2c like Gecko) Version/4.0 Chrome/44.0.2403.117 Mobile Safari/537.36", 
            "X-REQUESTED-WITH": "com.joycity.warshipbattle"
        }, 
        "host": "platform-cf.joycityplay.com", 
        "is_host_ip": 0, 
        "label": 0, 
        "md5": null, 
        "method": "GET", 
        "package_name": "com.joycity.warshipbattle", 
        "pii_types": null, 
        "platform": "android", 
        "post_body": "-", 
        "referrer": "-", 
        "src_ip": "10.11.2.3", 
        "src_port": "50195", 
        "tk_flag": 0, 
        "ts": "1441742659.021729", 
        "uri": "/joypool/sys/image-notice/2015/9/3/1734dd114dd83623a43ef544a9d917bf.jpg", 
        "user_agent": "Mozilla/5.0 (Linux; Android 5.1.1; Nexus 6 Build/LMY48I; wv) AppleWebKit/537.36 (KHTML, like Gecko) Version/4.0 Chrome/44.0.2403.117 Mobile Safari/537.36"
    }, 
    "1441742662.101788,C0o6E5peqrUYnlgw": {
        "domain": "joycityplay.com", 
        "dst_ip": "54.230.194.216", 
        "dst_port": "80", 
        "headers": {
            "ACCEPT": "image/webp\\x2c*/*;q=0.8", 
            "ACCEPT-ENCODING": "gzip\\x2c deflate", 
            "ACCEPT-LANGUAGE": "en-US", 
            "CONNECTION": "keep-alive", 
            "HOST": "platform-cf.joycityplay.com", 
            "USER-AGENT": "Mozilla/5.0 (Linux; Android 5.1.1; Nexus 6 Build/LMY48I; wv) AppleWebKit/537.36 (KHTML\\x2c like Gecko) Version/4.0 Chrome/44.0.2403.117 Mobile Safari/537.36", 
            "X-REQUESTED-WITH": "com.joycity.warshipbattle"
        }, 
        "host": "platform-cf.joycityplay.com", 
        "is_host_ip": 0, 
        "label": 0, 
        "md5": null, 
        "method": "GET", 
        "package_name": "com.joycity.warshipbattle", 
        "pii_types": null, 
        "platform": "android", 
        "post_body": "-", 
        "referrer": "-", 
        "src_ip": "10.11.2.3", 
        "src_port": "50195", 
        "tk_flag": 0, 
        "ts": "1441742662.101788", 
        "uri": "/joypool/sys/image-notice/2015/8/26/a2c1853336ce36f77a95e217220ea2ec.jpg", 
        "user_agent": "Mozilla/5.0 (Linux; Android 5.1.1; Nexus 6 Build/LMY48I; wv) AppleWebKit/537.36 (KHTML, like Gecko) Version/4.0 Chrome/44.0.2403.117 Mobile Safari/537.36"
    }, 
    "1441742688.162576,CWLfTSqzjZW6uXwy1": {
        "domain": "vungle.com", 
        "dst_ip": "23.23.142.155", 
        "dst_port": "80", 
        "headers": {
            "ACCEPT-ENCODING": "gzip", 
            "CONNECTION": "Keep-Alive", 
            "CONTENT-LENGTH": "126", 
            "CONTENT-TYPE": "application/json", 
            "HOST": "api.vungle.com", 
            "USER-AGENT": "VungleDroid/3.3.1", 
            "X-VUNGLE-BUNDLE-ID": "com.joycity.warshipbattle", 
            "X-VUNGLE-LANGUAGE": "eng", 
            "X-VUNGLE-TIMEZONE": "Europe/Helsinki"
        }, 
        "host": "api.vungle.com", 
        "is_host_ip": 0, 
        "label": 1, 
        "md5": null, 
        "method": "POST", 
        "package_name": "com.joycity.warshipbattle", 
        "pii_types": [
            "AdvertiserId"
        ], 
        "platform": "android", 
        "post_body": "{\"ifa\":\"RECON_AdvertiserId_dc048e49bed741fd9263722a8d723af7\",\"pubAppId\":\"55b74c5db6d19a14380000af\",\"start\":1441742636727,\"end\":1441742673860}", 
        "referrer": "-", 
        "src_ip": "10.11.2.3", 
        "src_port": "33598", 
        "tk_flag": 0, 
        "ts": "1441742688.162576", 
        "uri": "/api/v4/sessionEnd", 
        "user_agent": "VungleDroid/3.3.1"
    }, 
    "1441742699.471067,CNYCAj3SdzGT7AXju": {
        "domain": "vungle.com", 
        "dst_ip": "23.23.142.155", 
        "dst_port": "80", 
        "headers": {
            "ACCEPT-ENCODING": "gzip", 
            "CONNECTION": "Keep-Alive", 
            "CONTENT-LENGTH": "106", 
            "CONTENT-TYPE": "application/json", 
            "HOST": "api.vungle.com", 
            "USER-AGENT": "VungleDroid/3.3.1", 
            "X-VUNGLE-BUNDLE-ID": "com.joycity.warshipbattle", 
            "X-VUNGLE-LANGUAGE": "eng", 
            "X-VUNGLE-TIMEZONE": "Europe/Helsinki"
        }, 
        "host": "api.vungle.com", 
        "is_host_ip": 0, 
        "label": 1, 
        "md5": null, 
        "method": "POST", 
        "package_name": "com.joycity.warshipbattle", 
        "pii_types": [
            "AdvertiserId"
        ], 
        "platform": "android", 
        "post_body": "{\"ifa\":\"RECON_AdvertiserId_44a51a451a5145fbae5d608d43239e18\",\"pubAppId\":\"55b74c5db6d19a14380000af\",\"start\":1441742695179}", 
        "referrer": "-", 
        "src_ip": "10.11.2.3", 
        "src_port": "43028", 
        "tk_flag": 0, 
        "ts": "1441742699.471067", 
        "uri": "/api/v4/sessionStart", 
        "user_agent": "VungleDroid/3.3.1"
    }
}
