{
    "1441458201.992647,C0s6gk76GqthD3Mda": {
        "domain": "google.com", 
        "dst_ip": "173.194.121.32", 
        "dst_port": "80", 
        "headers": {
            "ACCEPT-ENCODING": "gzip", 
            "CONNECTION": "Keep-Alive", 
            "HOST": "clients3.google.com", 
            "USER-AGENT": "Dalvik/2.1.0 (Linux; U; Android 5.1.1; Nexus 6 Build/LMY48I)"
        }, 
        "host": "clients3.google.com", 
        "is_host_ip": 0, 
        "label": 0, 
        "md5": null, 
        "method": "GET", 
        "package_name": "com.lk.szrus", 
        "pii_types": null, 
        "platform": "android", 
        "post_body": "-", 
        "referrer": "-", 
        "src_ip": "10.11.2.3", 
        "src_port": "41088", 
        "tk_flag": 1, 
        "ts": "1441458201.992647", 
        "uri": "/generate_204", 
        "user_agent": "Dalvik/2.1.0 (Linux; U; Android 5.1.1; Nexus 6 Build/LMY48I)"
    }, 
    "1441458239.834967,CqgOQy2M4IMzvcjxmk": {
        "domain": "linekong.com", 
        "dst_ip": "54.175.249.49", 
        "dst_port": "80", 
        "headers": {
            "ACCEPT": "*/*", 
            "HOST": "szren.linekong.com", 
            "USER-AGENT": "libcurl-agent/1.0"
        }, 
        "host": "szren.linekong.com", 
        "is_host_ip": 0, 
        "label": 0, 
        "md5": null, 
        "method": "GET", 
        "package_name": "com.lk.szrus", 
        "pii_types": null, 
        "platform": "android", 
        "post_body": "-", 
        "referrer": "-", 
        "src_ip": "10.11.2.3", 
        "src_port": "40379", 
        "tk_flag": 0, 
        "ts": "1441458239.834967", 
        "uri": "/serverlist/public/android/sdk_szrus_20150803_launcher.cfg.crc", 
        "user_agent": "libcurl-agent/1.0"
    }, 
    "1441458240.081015,CNNM221BpJgsoPwRX4": {
        "domain": "linekong.com", 
        "dst_ip": "54.175.249.49", 
        "dst_port": "80", 
        "headers": {
            "ACCEPT": "*/*", 
            "HOST": "szren.linekong.com", 
            "USER-AGENT": "libcurl-agent/1.0"
        }, 
        "host": "szren.linekong.com", 
        "is_host_ip": 0, 
        "label": 0, 
        "md5": null, 
        "method": "GET", 
        "package_name": "com.lk.szrus", 
        "pii_types": null, 
        "platform": "android", 
        "post_body": "-", 
        "referrer": "-", 
        "src_ip": "10.11.2.3", 
        "src_port": "40380", 
        "tk_flag": 0, 
        "ts": "1441458240.081015", 
        "uri": "/serverlist/public/android/sdk_szrus_20150803_launcher.cfg", 
        "user_agent": "libcurl-agent/1.0"
    }, 
    "1441458240.329138,CgPnBk4nKMbIiWumSb": {
        "domain": "linekong.com", 
        "dst_ip": "54.175.249.49", 
        "dst_port": "80", 
        "headers": {
            "ACCEPT": "*/*", 
            "HOST": "szren.linekong.com", 
            "USER-AGENT": "libcurl-agent/1.0"
        }, 
        "host": "szren.linekong.com", 
        "is_host_ip": 0, 
        "label": 0, 
        "md5": null, 
        "method": "GET", 
        "package_name": "com.lk.szrus", 
        "pii_types": null, 
        "platform": "android", 
        "post_body": "-", 
        "referrer": "-", 
        "src_ip": "10.11.2.3", 
        "src_port": "40381", 
        "tk_flag": 0, 
        "ts": "1441458240.329138", 
        "uri": "/serverlist/public/android/sdk_szrus_version.cfg", 
        "user_agent": "libcurl-agent/1.0"
    }, 
    "1441458240.576816,C1jqWJ1uQxLOeQW4ti": {
        "domain": "linekong.com", 
        "dst_ip": "54.175.249.49", 
        "dst_port": "80", 
        "headers": {
            "ACCEPT": "*/*", 
            "HOST": "szren.linekong.com", 
            "USER-AGENT": "libcurl-agent/1.0"
        }, 
        "host": "szren.linekong.com", 
        "is_host_ip": 0, 
        "label": 0, 
        "md5": null, 
        "method": "GET", 
        "package_name": "com.lk.szrus", 
        "pii_types": null, 
        "platform": "android", 
        "post_body": "-", 
        "referrer": "-", 
        "src_ip": "10.11.2.3", 
        "src_port": "40382", 
        "tk_flag": 0, 
        "ts": "1441458240.576816", 
        "uri": "/update/android/1_0_15_130/armeabi-v7a/com.lk.szrus/updatelist.spk", 
        "user_agent": "libcurl-agent/1.0"
    }, 
    "1441458240.961272,CFXlF2mWjB2s89BD8": {
        "domain": "linekong.com", 
        "dst_ip": "54.175.249.49", 
        "dst_port": "80", 
        "headers": {
            "ACCEPT": "*/*", 
            "HOST": "szren.linekong.com", 
            "USER-AGENT": "libcurl-agent/1.0"
        }, 
        "host": "szren.linekong.com", 
        "is_host_ip": 0, 
        "label": 0, 
        "md5": null, 
        "method": "GET", 
        "package_name": "com.lk.szrus", 
        "pii_types": null, 
        "platform": "android", 
        "post_body": "-", 
        "referrer": "-", 
        "src_ip": "10.11.2.3", 
        "src_port": "40383", 
        "tk_flag": 0, 
        "ts": "1441458240.961272", 
        "uri": "/update/android//1_0_15_130/armeabi-v7a/paks/scripts.spk.pk", 
        "user_agent": "libcurl-agent/1.0"
    }, 
    "1441458243.242007,COaLVf3L5zLTE3sZ8f": {
        "domain": "linekong.com", 
        "dst_ip": "54.175.249.49", 
        "dst_port": "80", 
        "headers": {
            "ACCEPT": "*/*", 
            "HOST": "szren.linekong.com", 
            "USER-AGENT": "libcurl-agent/1.0"
        }, 
        "host": "szren.linekong.com", 
        "is_host_ip": 0, 
        "label": 0, 
        "md5": null, 
        "method": "GET", 
        "package_name": "com.lk.szrus", 
        "pii_types": null, 
        "platform": "android", 
        "post_body": "-", 
        "referrer": "-", 
        "src_ip": "10.11.2.3", 
        "src_port": "40384", 
        "tk_flag": 0, 
        "ts": "1441458243.242007", 
        "uri": "/update/android//1_0_15_130/armeabi-v7a/paks/settings.spk.pk", 
        "user_agent": "libcurl-agent/1.0"
    }, 
    "1441458245.276612,C51YOQ1NYJEoyodMk": {
        "domain": "linekong.com", 
        "dst_ip": "54.175.249.49", 
        "dst_port": "80", 
        "headers": {
            "ACCEPT": "*/*", 
            "HOST": "szren.linekong.com", 
            "USER-AGENT": "libcurl-agent/1.0"
        }, 
        "host": "szren.linekong.com", 
        "is_host_ip": 0, 
        "label": 0, 
        "md5": null, 
        "method": "GET", 
        "package_name": "com.lk.szrus", 
        "pii_types": null, 
        "platform": "android", 
        "post_body": "-", 
        "referrer": "-", 
        "src_ip": "10.11.2.3", 
        "src_port": "40385", 
        "tk_flag": 0, 
        "ts": "1441458245.276612", 
        "uri": "/update/android//1_0_15_130/armeabi-v7a/paks/ui.spk.pk", 
        "user_agent": "libcurl-agent/1.0"
    }, 
    "1441458247.214737,CMpWcT1eebosWxGAa": {
        "domain": "linekong.com", 
        "dst_ip": "54.175.249.49", 
        "dst_port": "80", 
        "headers": {
            "ACCEPT": "*/*", 
            "HOST": "szren.linekong.com", 
            "USER-AGENT": "libcurl-agent/1.0"
        }, 
        "host": "szren.linekong.com", 
        "is_host_ip": 0, 
        "label": 0, 
        "md5": null, 
        "method": "GET", 
        "package_name": "com.lk.szrus", 
        "pii_types": null, 
        "platform": "android", 
        "post_body": "-", 
        "referrer": "-", 
        "src_ip": "10.11.2.3", 
        "src_port": "40386", 
        "tk_flag": 0, 
        "ts": "1441458247.214737", 
        "uri": "/update/android//1_0_15_130/op/com.lk.szrus/op.spk.pk", 
        "user_agent": "libcurl-agent/1.0"
    }, 
    "1441458247.459755,CzufxT3jOWx77CkuX7": {
        "domain": "linekong.com", 
        "dst_ip": "54.175.249.49", 
        "dst_port": "80", 
        "headers": {
            "ACCEPT": "*/*", 
            "HOST": "szren.linekong.com", 
            "USER-AGENT": "libcurl-agent/1.0"
        }, 
        "host": "szren.linekong.com", 
        "is_host_ip": 0, 
        "label": 0, 
        "md5": null, 
        "method": "GET", 
        "package_name": "com.lk.szrus", 
        "pii_types": null, 
        "platform": "android", 
        "post_body": "-", 
        "referrer": "-", 
        "src_ip": "10.11.2.3", 
        "src_port": "40387", 
        "tk_flag": 0, 
        "ts": "1441458247.459755", 
        "uri": "/update/android//paks/update_1.0.15.118_1.0.15.120.spk", 
        "user_agent": "libcurl-agent/1.0"
    }, 
    "1441458247.699899,CxDJCw2h9Zt3V4Wixk": {
        "domain": "linekong.com", 
        "dst_ip": "54.175.249.49", 
        "dst_port": "80", 
        "headers": {
            "ACCEPT": "*/*", 
            "HOST": "szren.linekong.com", 
            "USER-AGENT": "libcurl-agent/1.0"
        }, 
        "host": "szren.linekong.com", 
        "is_host_ip": 0, 
        "label": 0, 
        "md5": null, 
        "method": "GET", 
        "package_name": "com.lk.szrus", 
        "pii_types": null, 
        "platform": "android", 
        "post_body": "-", 
        "referrer": "-", 
        "src_ip": "10.11.2.3", 
        "src_port": "40388", 
        "tk_flag": 0, 
        "ts": "1441458247.699899", 
        "uri": "/update/android//paks/update_1.0.15.120_1.0.15.121.spk", 
        "user_agent": "libcurl-agent/1.0"
    }, 
    "1441458247.943227,C8bim418Ca2Cxowi85": {
        "domain": "linekong.com", 
        "dst_ip": "54.175.249.49", 
        "dst_port": "80", 
        "headers": {
            "ACCEPT": "*/*", 
            "HOST": "szren.linekong.com", 
            "USER-AGENT": "libcurl-agent/1.0"
        }, 
        "host": "szren.linekong.com", 
        "is_host_ip": 0, 
        "label": 0, 
        "md5": null, 
        "method": "GET", 
        "package_name": "com.lk.szrus", 
        "pii_types": null, 
        "platform": "android", 
        "post_body": "-", 
        "referrer": "-", 
        "src_ip": "10.11.2.3", 
        "src_port": "40389", 
        "tk_flag": 0, 
        "ts": "1441458247.943227", 
        "uri": "/update/android//paks/update_1.0.15.121_1.0.15.125.spk", 
        "user_agent": "libcurl-agent/1.0"
    }, 
    "1441458248.188622,CbsuQm4ogsn0bGovHb": {
        "domain": "linekong.com", 
        "dst_ip": "54.175.249.49", 
        "dst_port": "80", 
        "headers": {
            "ACCEPT": "*/*", 
            "HOST": "szren.linekong.com", 
            "USER-AGENT": "libcurl-agent/1.0"
        }, 
        "host": "szren.linekong.com", 
        "is_host_ip": 0, 
        "label": 0, 
        "md5": null, 
        "method": "GET", 
        "package_name": "com.lk.szrus", 
        "pii_types": null, 
        "platform": "android", 
        "post_body": "-", 
        "referrer": "-", 
        "src_ip": "10.11.2.3", 
        "src_port": "40390", 
        "tk_flag": 0, 
        "ts": "1441458248.188622", 
        "uri": "/update/android//paks/update_1.0.15.125_1.0.15.127.spk", 
        "user_agent": "libcurl-agent/1.0"
    }, 
    "1441458248.433410,CoNWDH1RWgekV2Yis3": {
        "domain": "linekong.com", 
        "dst_ip": "54.175.249.49", 
        "dst_port": "80", 
        "headers": {
            "ACCEPT": "*/*", 
            "HOST": "szren.linekong.com", 
            "USER-AGENT": "libcurl-agent/1.0"
        }, 
        "host": "szren.linekong.com", 
        "is_host_ip": 0, 
        "label": 0, 
        "md5": null, 
        "method": "GET", 
        "package_name": "com.lk.szrus", 
        "pii_types": null, 
        "platform": "android", 
        "post_body": "-", 
        "referrer": "-", 
        "src_ip": "10.11.2.3", 
        "src_port": "40391", 
        "tk_flag": 0, 
        "ts": "1441458248.433410", 
        "uri": "/update/android//paks/update_1.0.15.127_1.0.15.130.spk", 
        "user_agent": "libcurl-agent/1.0"
    }, 
    "1441458262.567309,CrvmPD2t9tjY65lUwc": {
        "domain": "8864.com", 
        "dst_ip": "8.37.235.3", 
        "dst_port": "80", 
        "headers": {
            "ACCEPT-ENCODING": "gzip", 
            "CHARSET": "UTF-8", 
            "CONNECTION": "Keep-Alive", 
            "CONTENT-LENGTH": "409", 
            "CONTENT-TYPE": "text/plain", 
            "HOST": "x.8864.com", 
            "USER-AGENT": "Dalvik/2.1.0 (Linux; U; Android 5.1.1; Nexus 6 Build/LMY48I)"
        }, 
        "host": "x.8864.com", 
        "is_host_ip": 0, 
        "label": 1, 
        "md5": null, 
        "method": "POST", 
        "package_name": "com.lk.szrus", 
        "pii_types": [
            "IMEI", 
            "AndroidId"
        ], 
        "platform": "android", 
        "post_body": "{\"screen\":\"2413:1440:560\",\"timestamp\":1441458249,\"installid\":\"RECON_AndroidId_65dedc66acbe4d2ead58c3a4ae70f239\",\"deviceid\":\"RECON_IMEI_3902db90b9e64b3dac7b1a7209206f1e\",\"country\":\"fi\",\"opcode\":\"24405\",\"opname\":\"elisa\",\"nwtype\":3,\"wifi\":true,\"devicetype\":1,\"signature\":\"c3QxWlpIS3R08cxzF8Q11TwZHLawv2We\\n\",\"simcountry\":\"fi\",\"simopcode\":\"24405\",\"simopname\":\"elisa\",\"imsi\":\"244052260939200\",\"sdk\":22,\"model\":\"Nexus 6\",\"product\":\"shamu\",\"industrial\":\"shamu\",\"gameid\":\"127\"}", 
        "referrer": "-", 
        "src_ip": "10.11.2.3", 
        "src_port": "55059", 
        "tk_flag": 0, 
        "ts": "1441458262.567309", 
        "uri": "/tempSdkApi/activation.php", 
        "user_agent": "Dalvik/2.1.0 (Linux; U; Android 5.1.1; Nexus 6 Build/LMY48I)"
    }, 
    "1441458288.645258,CWtj0g1Xy957YvBoX2": {
        "domain": "linekong.com", 
        "dst_ip": "54.175.249.49", 
        "dst_port": "80", 
        "headers": {
            "ACCEPT": "*/*", 
            "HOST": "szren.linekong.com", 
            "USER-AGENT": "libcurl-agent/1.0"
        }, 
        "host": "szren.linekong.com", 
        "is_host_ip": 0, 
        "label": 0, 
        "md5": null, 
        "method": "GET", 
        "package_name": "com.lk.szrus", 
        "pii_types": null, 
        "platform": "android", 
        "post_body": "-", 
        "referrer": "-", 
        "src_ip": "10.11.2.3", 
        "src_port": "40392", 
        "tk_flag": 0, 
        "ts": "1441458288.645258", 
        "uri": "/serverlist/public/android/szr_en_serverlist.crc", 
        "user_agent": "libcurl-agent/1.0"
    }, 
    "1441458288.890246,CvjUFw4qU2ii4Cbxcb": {
        "domain": "linekong.com", 
        "dst_ip": "54.175.249.49", 
        "dst_port": "80", 
        "headers": {
            "ACCEPT": "*/*", 
            "HOST": "szren.linekong.com", 
            "USER-AGENT": "libcurl-agent/1.0"
        }, 
        "host": "szren.linekong.com", 
        "is_host_ip": 0, 
        "label": 0, 
        "md5": null, 
        "method": "GET", 
        "package_name": "com.lk.szrus", 
        "pii_types": null, 
        "platform": "android", 
        "post_body": "-", 
        "referrer": "-", 
        "src_ip": "10.11.2.3", 
        "src_port": "40393", 
        "tk_flag": 0, 
        "ts": "1441458288.890246", 
        "uri": "/serverlist/public/android/szr_en_serverlist.7z", 
        "user_agent": "libcurl-agent/1.0"
    }, 
    "1441458296.248305,Cf4d3B1Scgr65jd2i4": {
        "domain": "54.173.242.76", 
        "dst_ip": "54.173.242.76", 
        "dst_port": "8080", 
        "headers": {
            "ACCEPT-ENCODING": "gzip", 
            "CONNECTION": "Keep-Alive", 
            "CONTENT-LENGTH": "350", 
            "CONTENT-TYPE": "text/xml", 
            "HOST": "54.173.242.76:8080", 
            "USER-AGENT": "Dalvik/2.1.0 (Linux; U; Android 5.1.1; Nexus 6 Build/LMY48I)"
        }, 
        "host": "54.173.242.76", 
        "is_host_ip": 1, 
        "label": 1, 
        "md5": null, 
        "method": "POST", 
        "package_name": "com.lk.szrus", 
        "pii_types": [
            "AndroidId"
        ], 
        "platform": "android", 
        "post_body": "<?xml version=\"1.0\"?><methodCall><methodName>overseamid.getAccountById</methodName><params><param><value>RECON_AndroidId_08983a27e03942ff9a11224798cd0672</value></param><param><value><int>127</int></value></param><param><value>128.214.137.196</value></param><param><value>IIoMa6JciyisvopVHQZMILXLSm+ko8t3DSCKDGuiXIsorL6KVR3UHZBNSSBepwbhlDCp4SCU</value></param></params></methodCall>", 
        "referrer": "-", 
        "src_ip": "10.11.2.3", 
        "src_port": "38950", 
        "tk_flag": 0, 
        "ts": "1441458296.248305", 
        "uri": "/overseamid/xmlRpcServerServlet", 
        "user_agent": "Dalvik/2.1.0 (Linux; U; Android 5.1.1; Nexus 6 Build/LMY48I)"
    }, 
    "1441458296.390822,Cf4d3B1Scgr65jd2i4": {
        "domain": "54.173.242.76", 
        "dst_ip": "54.173.242.76", 
        "dst_port": "8080", 
        "headers": {
            "ACCEPT-ENCODING": "gzip", 
            "CONNECTION": "Keep-Alive", 
            "CONTENT-LENGTH": "522", 
            "CONTENT-TYPE": "text/xml", 
            "HOST": "54.173.242.76:8080", 
            "USER-AGENT": "Dalvik/2.1.0 (Linux; U; Android 5.1.1; Nexus 6 Build/LMY48I)"
        }, 
        "host": "54.173.242.76", 
        "is_host_ip": 1, 
        "label": 1, 
        "md5": null, 
        "method": "POST", 
        "package_name": "com.lk.szrus", 
        "pii_types": [
            "AndroidId"
        ], 
        "platform": "android", 
        "post_body": "<?xml version=\"1.0\"?><methodCall><methodName>overseamid.registerUser</methodName><params><param><value>linekong</value></param><param><value>Vr9n88FZDrkzArRujBKeQIwfRRdiwO4oBFa/Z/PrDfwl3QOt0g+53BPeqhgy1HyY2HeIRpQAFCTXHFifPQ==</value></param><param><value><int>2</int></value></param><param><value><int>127</int></value></param><param><value>RECON_AndroidId_012000f1503743a4a72ad7f513171ffe</value></param><param><value>128.214.137.196</value></param><param><value>Vr9n88FZDrkzArRujBKeQIwfRRdiwO4oBFa/Z/MGbWLqrmq+9g==</value></param></params></methodCall>", 
        "referrer": "-", 
        "src_ip": "10.11.2.3", 
        "src_port": "38950", 
        "tk_flag": 0, 
        "ts": "1441458296.390822", 
        "uri": "/overseamid/xmlRpcServerServlet", 
        "user_agent": "Dalvik/2.1.0 (Linux; U; Android 5.1.1; Nexus 6 Build/LMY48I)"
    }, 
    "1441458483.561413,CJuFEvCKgSqZoIng2": {
        "domain": "54.173.242.76", 
        "dst_ip": "54.173.242.76", 
        "dst_port": "8080", 
        "headers": {
            "ACCEPT-ENCODING": "gzip", 
            "CONNECTION": "Keep-Alive", 
            "CONTENT-LENGTH": "519", 
            "CONTENT-TYPE": "text/xml", 
            "HOST": "54.173.242.76:8080", 
            "USER-AGENT": "Dalvik/2.1.0 (Linux; U; Android 5.1.1; Nexus 6 Build/LMY48I)"
        }, 
        "host": "54.173.242.76", 
        "is_host_ip": 1, 
        "label": 1, 
        "md5": null, 
        "method": "POST", 
        "package_name": "com.lk.szrus", 
        "pii_types": [
            "Email"
        ], 
        "platform": "android", 
        "post_body": "<?xml version=\"1.0\"?><methodCall><methodName>overseamid.getPassNameByrelName</methodName><params><param><value>RECON_Email_66e6dc1c678f4142b26ae834a2b380bd</value></param><param><value>ya29.5QGpuG1H5NYy3tkNvYLPUQlnKP9j9f9pyvXh7yepsksuyibKgUlBz2pUr7DhmCqwNafE</value></param><param><value><int>10</int></value></param><param><value><int>127</int></value></param><param><value>128.214.137.196</value></param><param><value>JhiCqQjKYUZyDMBTQzTi/jvZQC2KkSEVAyYYglFh0+pMUrQ3RSY4UhZe2I6rudkbb/3oUc8w083GAeqL</value></param></params></methodCall>", 
        "referrer": "-", 
        "src_ip": "10.11.2.3", 
        "src_port": "49399", 
        "tk_flag": 0, 
        "ts": "1441458483.561413", 
        "uri": "/overseamid/xmlRpcServerServlet", 
        "user_agent": "Dalvik/2.1.0 (Linux; U; Android 5.1.1; Nexus 6 Build/LMY48I)"
    }, 
    "1441458488.599745,CJuFEvCKgSqZoIng2": {
        "domain": "54.173.242.76", 
        "dst_ip": "54.173.242.76", 
        "dst_port": "8080", 
        "headers": {
            "ACCEPT-ENCODING": "gzip", 
            "CONNECTION": "Keep-Alive", 
            "CONTENT-LENGTH": "546", 
            "CONTENT-TYPE": "text/xml", 
            "HOST": "54.173.242.76:8080", 
            "USER-AGENT": "Dalvik/2.1.0 (Linux; U; Android 5.1.1; Nexus 6 Build/LMY48I)"
        }, 
        "host": "54.173.242.76", 
        "is_host_ip": 1, 
        "label": 1, 
        "md5": null, 
        "method": "POST", 
        "package_name": "com.lk.szrus", 
        "pii_types": [
            "Email"
        ], 
        "platform": "android", 
        "post_body": "<?xml version=\"1.0\"?><methodCall><methodName>overseamid.registerRelevancePassport</methodName><params><param><value>587326974604</value></param><param><value>RECON_Email_0aa0e94994824db691c60475fdecd08f</value></param><param><value>ya29.5QGpuG1H5NYy3tkNvYLPUQlnKP9j9f9pyvXh7yepsksuyibKgUlBz2pUr7DhmCqwNafE</value></param><param><value><int>10</int></value></param><param><value><int>127</int></value></param><param><value>128.214.137.196</value></param><param><value>Nh9HU6G57hkTYpTObHJ+oGx/JXdCIM6IBDYfR1MtfUCephI+WmsCnpvRZvkJ</value></param></params></methodCall>", 
        "referrer": "-", 
        "src_ip": "10.11.2.3", 
        "src_port": "49399", 
        "tk_flag": 0, 
        "ts": "1441458488.599745", 
        "uri": "/overseamid/xmlRpcServerServlet", 
        "user_agent": "Dalvik/2.1.0 (Linux; U; Android 5.1.1; Nexus 6 Build/LMY48I)"
    }
}
