{
    "1441729310.967773,CPRy8X3fAzdh1wx7lj": {
        "domain": "google.com", 
        "dst_ip": "173.194.123.39", 
        "dst_port": "80", 
        "headers": {
            "ACCEPT-ENCODING": "gzip", 
            "CONNECTION": "Keep-Alive", 
            "HOST": "clients3.google.com", 
            "USER-AGENT": "Dalvik/2.1.0 (Linux; U; Android 5.1.1; Nexus 6 Build/LMY48I)"
        }, 
        "host": "clients3.google.com", 
        "is_host_ip": 0, 
        "label": 0, 
        "md5": null, 
        "method": "GET", 
        "package_name": "com.imangi.templerun2", 
        "pii_types": null, 
        "platform": "android", 
        "post_body": "-", 
        "referrer": "-", 
        "src_ip": "10.11.2.3", 
        "src_port": "60591", 
        "tk_flag": 1, 
        "ts": "1441729310.967773", 
        "uri": "/generate_204", 
        "user_agent": "Dalvik/2.1.0 (Linux; U; Android 5.1.1; Nexus 6 Build/LMY48I)"
    }, 
    "1441729314.518674,CPRy8X3fAzdh1wx7lj": {
        "domain": "google.com", 
        "dst_ip": "173.194.123.39", 
        "dst_port": "80", 
        "headers": {
            "ACCEPT-ENCODING": "gzip", 
            "CONNECTION": "Keep-Alive", 
            "HOST": "clients3.google.com", 
            "USER-AGENT": "Dalvik/2.1.0 (Linux; U; Android 5.1.1; Nexus 6 Build/LMY48I)"
        }, 
        "host": "clients3.google.com", 
        "is_host_ip": 0, 
        "label": 0, 
        "md5": null, 
        "method": "GET", 
        "package_name": "com.imangi.templerun2", 
        "pii_types": null, 
        "platform": "android", 
        "post_body": "-", 
        "referrer": "-", 
        "src_ip": "10.11.2.3", 
        "src_port": "60591", 
        "tk_flag": 1, 
        "ts": "1441729314.518674", 
        "uri": "/generate_204", 
        "user_agent": "Dalvik/2.1.0 (Linux; U; Android 5.1.1; Nexus 6 Build/LMY48I)"
    }, 
    "1441729314.657821,CPRy8X3fAzdh1wx7lj": {
        "domain": "google.com", 
        "dst_ip": "173.194.123.39", 
        "dst_port": "80", 
        "headers": {
            "ACCEPT-ENCODING": "gzip", 
            "CONNECTION": "Keep-Alive", 
            "HOST": "clients3.google.com", 
            "USER-AGENT": "Dalvik/2.1.0 (Linux; U; Android 5.1.1; Nexus 6 Build/LMY48I)"
        }, 
        "host": "clients3.google.com", 
        "is_host_ip": 0, 
        "label": 0, 
        "md5": null, 
        "method": "GET", 
        "package_name": "com.imangi.templerun2", 
        "pii_types": null, 
        "platform": "android", 
        "post_body": "-", 
        "referrer": "-", 
        "src_ip": "10.11.2.3", 
        "src_port": "60591", 
        "tk_flag": 1, 
        "ts": "1441729314.657821", 
        "uri": "/generate_204", 
        "user_agent": "Dalvik/2.1.0 (Linux; U; Android 5.1.1; Nexus 6 Build/LMY48I)"
    }, 
    "1441729330.533726,CRISgw252b3c5mDw15": {
        "domain": "unity3d.com", 
        "dst_ip": "50.18.221.72", 
        "dst_port": "80", 
        "headers": {
            "ACCEPT-ENCODING": "gzip", 
            "CONNECTION": "Keep-Alive", 
            "CONTENT-LENGTH": "385", 
            "CONTENT-TYPE": "application/x-www-form-urlencoded", 
            "HOST": "stats.unity3d.com", 
            "USER-AGENT": "Dalvik/2.1.0 (Linux; U; Android 5.1.1; Nexus 6 Build/LMY48I)", 
            "X-UNITY-VERSION": "4.6.5f1"
        }, 
        "host": "stats.unity3d.com", 
        "is_host_ip": 0, 
        "label": 0, 
        "md5": null, 
        "method": "POST", 
        "package_name": "com.imangi.templerun2", 
        "pii_types": null, 
        "platform": "android", 
        "post_body": "os=Android+OS+API-22&cpu=ARMv7+VFPv3+NEON&gfxname=Adreno+(TM)+420&gfxvendor=Qualcomm&gfxversion=OpenGL+ES+3.1V%40104.0&gfxdriver=(GIT%40I0ba6dce82d)&cpucount=4&ram=2969&vram=1024&screen=2560+x+1440&platform=11&flags=16779458&hash=533ee8ffc257f259ec0eebc3a2d206e3&appId=com.imangi.templerun2&uuid=4087f7e93d01fa14d2c9fbcd115468d2&model=motorola/Nexus 6/shamu&unity=4.6.5f1&build=4.6.5f1", 
        "referrer": "-", 
        "src_ip": "10.11.2.3", 
        "src_port": "45917", 
        "tk_flag": 0, 
        "ts": "1441729330.533726", 
        "uri": "/HWStats.cgi", 
        "user_agent": "Dalvik/2.1.0 (Linux; U; Android 5.1.1; Nexus 6 Build/LMY48I)"
    }, 
    "1441729338.463231,CssYxI2YxSXrOpwon3": {
        "domain": "cachefly.net", 
        "dst_ip": "205.234.175.175", 
        "dst_port": "80", 
        "headers": {
            "ACCEPT-ENCODING": "gzip", 
            "CONNECTION": "Keep-Alive", 
            "HOST": "flurry.cachefly.net", 
            "USER-AGENT": "Dalvik/2.1.0 (Linux; U; Android 5.1.1; Nexus 6 Build/LMY48I)"
        }, 
        "host": "flurry.cachefly.net", 
        "is_host_ip": 0, 
        "label": 0, 
        "md5": null, 
        "method": "GET", 
        "package_name": "com.imangi.templerun2", 
        "pii_types": null, 
        "platform": "android", 
        "post_body": "-", 
        "referrer": "-", 
        "src_ip": "10.11.2.3", 
        "src_port": "45003", 
        "tk_flag": 0, 
        "ts": "1441729338.463231", 
        "uri": "/vast/videocontrols/v1/android.zip", 
        "user_agent": "Dalvik/2.1.0 (Linux; U; Android 5.1.1; Nexus 6 Build/LMY48I)"
    }, 
    "1441729348.350164,CFyjPEiB2i0vaGRqc": {
        "domain": "amazonaws.com", 
        "dst_ip": "54.231.17.4", 
        "dst_port": "80", 
        "headers": {
            "ACCEPT-ENCODING": "gzip", 
            "CONNECTION": "Keep-Alive", 
            "HOST": "com.imangi.s3-website-us-east-1.amazonaws.com", 
            "USER-AGENT": "Dalvik/2.1.0 (Linux; U; Android 5.1.1; Nexus 6 Build/LMY48I)", 
            "X-UNITY-VERSION": "4.6.5f1"
        }, 
        "host": "com.imangi.s3-website-us-east-1.amazonaws.com", 
        "is_host_ip": 0, 
        "label": 0, 
        "md5": null, 
        "method": "GET", 
        "package_name": "com.imangi.templerun2", 
        "pii_types": null, 
        "platform": "android", 
        "post_body": "-", 
        "referrer": "-", 
        "src_ip": "10.11.2.3", 
        "src_port": "34198", 
        "tk_flag": 1, 
        "ts": "1441729348.350164", 
        "uri": "/android/promo/TR2GooglePlay_1.txt", 
        "user_agent": "Dalvik/2.1.0 (Linux; U; Android 5.1.1; Nexus 6 Build/LMY48I)"
    }, 
    "1441729356.688712,CMUmXl3nvwwP5lOq7b": {
        "domain": "appclick.co", 
        "dst_ip": "54.149.169.12", 
        "dst_port": "80", 
        "headers": {
            "ACCEPT": "application/json", 
            "ACCEPT-ENCODING": "gzip", 
            "CONNECTION": "Keep-Alive", 
            "CONTENT-LENGTH": "530", 
            "CONTENT-TYPE": "application/json; charset=utf-8", 
            "HOST": "appclick.co", 
            "USER-AGENT": "Dalvik/2.1.0 (Linux; U; Android 5.1.1; Nexus 6 Build/LMY48I)"
        }, 
        "host": "appclick.co", 
        "is_host_ip": 0, 
        "label": 1, 
        "md5": null, 
        "method": "POST", 
        "package_name": "com.imangi.templerun2", 
        "pii_types": [
            "AdvertiserId"
        ], 
        "platform": "android", 
        "post_body": "{\"IsAdvertiserTrackingEnabled\":true,\"AppId\":\"22359\",\"BuildType\":\"Native\",\"DeviceGenerationInfo\":\"Nexus 6\",\"DeviceLanguageCode\":\"en\",\"IsHacked\":false,\"IsOnWifi\":true,\"IsUsingSdk\":true,\"IsOfferCacheAvailable\":true,\"OSVersion\":\"5.1.1\",\"PublisherUserId\":\"\",\"PublisherSDKVersion\":\"5.4.10\",\"UDIDs\":[{\"Type\":\"12\",\"Value\":\"RECON_AdvertiserId_babd1455b37b470fb8c11ea886032df8\"}],\"WebViewUserAgent\":\"Mozilla/5.0 (Linux; Android 5.1.1; Nexus 6 Build/LMY48I; wv) AppleWebKit/537.36 (KHTML, like Gecko) Version/4.0 Chrome/44.0.2403.117 Mobile Safari/537.36\"}", 
        "referrer": "-", 
        "src_ip": "10.11.2.3", 
        "src_port": "34210", 
        "tk_flag": 0, 
        "ts": "1441729356.688712", 
        "uri": "/PublicServices/MobileTrackingApiRestV1.svc/CreateSessionV2?appId=22359", 
        "user_agent": "Dalvik/2.1.0 (Linux; U; Android 5.1.1; Nexus 6 Build/LMY48I)"
    }, 
    "1441729356.983942,Cw3jbr2x2Xg85b6Ir": {
        "domain": "chartboost.com", 
        "dst_ip": "199.27.76.113", 
        "dst_port": "80", 
        "headers": {
            "ACCEPT-ENCODING": "gzip", 
            "CONNECTION": "Keep-Alive", 
            "HOST": "v.chartboost.com", 
            "USER-AGENT": "Dalvik/2.1.0 (Linux; U; Android 5.1.1; Nexus 6 Build/LMY48I)"
        }, 
        "host": "v.chartboost.com", 
        "is_host_ip": 0, 
        "label": 0, 
        "md5": null, 
        "method": "GET", 
        "package_name": "com.imangi.templerun2", 
        "pii_types": null, 
        "platform": "android", 
        "post_body": "-", 
        "referrer": "-", 
        "src_ip": "10.11.2.3", 
        "src_port": "36515", 
        "tk_flag": 1, 
        "ts": "1441729356.983942", 
        "uri": "/videoads/552294d943150f1c0f5e2939_568-1428329699.mp4", 
        "user_agent": "Dalvik/2.1.0 (Linux; U; Android 5.1.1; Nexus 6 Build/LMY48I)"
    }, 
    "1441729356.984250,CbCHBD3zDvtLW76W5a": {
        "domain": "chartboost.com", 
        "dst_ip": "199.27.76.113", 
        "dst_port": "80", 
        "headers": {
            "ACCEPT-ENCODING": "gzip", 
            "CONNECTION": "Keep-Alive", 
            "HOST": "v.chartboost.com", 
            "USER-AGENT": "Dalvik/2.1.0 (Linux; U; Android 5.1.1; Nexus 6 Build/LMY48I)"
        }, 
        "host": "v.chartboost.com", 
        "is_host_ip": 0, 
        "label": 0, 
        "md5": null, 
        "method": "GET", 
        "package_name": "com.imangi.templerun2", 
        "pii_types": null, 
        "platform": "android", 
        "post_body": "-", 
        "referrer": "-", 
        "src_ip": "10.11.2.3", 
        "src_port": "48327", 
        "tk_flag": 1, 
        "ts": "1441729356.984250", 
        "uri": "/videoads/55a4e4edc909a602c91abf9c_568-1436882663.mp4", 
        "user_agent": "Dalvik/2.1.0 (Linux; U; Android 5.1.1; Nexus 6 Build/LMY48I)"
    }, 
    "1441729356.984277,CXTwLu4Rx6DCtnrY36": {
        "domain": "chartboost.com", 
        "dst_ip": "199.27.76.113", 
        "dst_port": "80", 
        "headers": {
            "ACCEPT-ENCODING": "gzip", 
            "CONNECTION": "Keep-Alive", 
            "HOST": "v.chartboost.com", 
            "USER-AGENT": "Dalvik/2.1.0 (Linux; U; Android 5.1.1; Nexus 6 Build/LMY48I)"
        }, 
        "host": "v.chartboost.com", 
        "is_host_ip": 0, 
        "label": 0, 
        "md5": null, 
        "method": "GET", 
        "package_name": "com.imangi.templerun2", 
        "pii_types": null, 
        "platform": "android", 
        "post_body": "-", 
        "referrer": "-", 
        "src_ip": "10.11.2.3", 
        "src_port": "43621", 
        "tk_flag": 1, 
        "ts": "1441729356.984277", 
        "uri": "/videoads/55e75e76c909a6319a241a65_568-1441226392.mp4", 
        "user_agent": "Dalvik/2.1.0 (Linux; U; Android 5.1.1; Nexus 6 Build/LMY48I)"
    }, 
    "1441729356.984718,CfBgI32bnd1W4uD4": {
        "domain": "chartboost.com", 
        "dst_ip": "199.27.76.113", 
        "dst_port": "80", 
        "headers": {
            "ACCEPT-ENCODING": "gzip", 
            "CONNECTION": "Keep-Alive", 
            "HOST": "v.chartboost.com", 
            "USER-AGENT": "Dalvik/2.1.0 (Linux; U; Android 5.1.1; Nexus 6 Build/LMY48I)"
        }, 
        "host": "v.chartboost.com", 
        "is_host_ip": 0, 
        "label": 0, 
        "md5": null, 
        "method": "GET", 
        "package_name": "com.imangi.templerun2", 
        "pii_types": null, 
        "platform": "android", 
        "post_body": "-", 
        "referrer": "-", 
        "src_ip": "10.11.2.3", 
        "src_port": "51278", 
        "tk_flag": 1, 
        "ts": "1441729356.984718", 
        "uri": "/videoads/55bc09bac909a65764eccde7_568-1438386663.mp4", 
        "user_agent": "Dalvik/2.1.0 (Linux; U; Android 5.1.1; Nexus 6 Build/LMY48I)"
    }, 
    "1441729357.202204,Cekax42F9pHL8uZZEg": {
        "domain": "appclick.co", 
        "dst_ip": "54.149.169.12", 
        "dst_port": "80", 
        "headers": {
            "ACCEPT": "application/json", 
            "ACCEPT-ENCODING": "gzip", 
            "CONNECTION": "Keep-Alive", 
            "CONTENT-LENGTH": "46", 
            "CONTENT-TYPE": "application/json; charset=utf-8", 
            "HOST": "appclick.co", 
            "USER-AGENT": "Dalvik/2.1.0 (Linux; U; Android 5.1.1; Nexus 6 Build/LMY48I)"
        }, 
        "host": "appclick.co", 
        "is_host_ip": 0, 
        "label": 0, 
        "md5": null, 
        "method": "POST", 
        "package_name": "com.imangi.templerun2", 
        "pii_types": null, 
        "platform": "android", 
        "post_body": "{\"Session\":{\"SessionId\":\"641285506994278400\"}}", 
        "referrer": "-", 
        "src_ip": "10.11.2.3", 
        "src_port": "37929", 
        "tk_flag": 0, 
        "ts": "1441729357.202204", 
        "uri": "/PublicServices/AfppApiRestV1.svc/GetAvailableDeviceBalanceV2?appId=22359", 
        "user_agent": "Dalvik/2.1.0 (Linux; U; Android 5.1.1; Nexus 6 Build/LMY48I)"
    }, 
    "1441729357.313653,CJiDPt4ix0t7GWJ396": {
        "domain": "appclick.co", 
        "dst_ip": "54.149.169.12", 
        "dst_port": "80", 
        "headers": {
            "ACCEPT-ENCODING": "gzip", 
            "CONNECTION": "Keep-Alive", 
            "HOST": "appclick.co", 
            "USER-AGENT": "Dalvik/2.1.0 (Linux; U; Android 5.1.1; Nexus 6 Build/LMY48I)"
        }, 
        "host": "appclick.co", 
        "is_host_ip": 0, 
        "label": 0, 
        "md5": null, 
        "method": "GET", 
        "package_name": "com.imangi.templerun2", 
        "pii_types": null, 
        "platform": "android", 
        "post_body": "-", 
        "referrer": "-", 
        "src_ip": "10.11.2.3", 
        "src_port": "41648", 
        "tk_flag": 0, 
        "ts": "1441729357.313653", 
        "uri": "/Richmedia/?appId=22359&responseType=json&placementtype=interstitial&SessionId=641285506994278400&placement=SaveMe2", 
        "user_agent": "Dalvik/2.1.0 (Linux; U; Android 5.1.1; Nexus 6 Build/LMY48I)"
    }, 
    "1441729357.344099,CSaZWp2nlOPkLdIKvd": {
        "domain": "appclick.co", 
        "dst_ip": "54.149.169.12", 
        "dst_port": "80", 
        "headers": {
            "ACCEPT-ENCODING": "gzip", 
            "CONNECTION": "Keep-Alive", 
            "HOST": "appclick.co", 
            "USER-AGENT": "Dalvik/2.1.0 (Linux; U; Android 5.1.1; Nexus 6 Build/LMY48I)"
        }, 
        "host": "appclick.co", 
        "is_host_ip": 0, 
        "label": 0, 
        "md5": null, 
        "method": "GET", 
        "package_name": "com.imangi.templerun2", 
        "pii_types": null, 
        "platform": "android", 
        "post_body": "-", 
        "referrer": "-", 
        "src_ip": "10.11.2.3", 
        "src_port": "39926", 
        "tk_flag": 0, 
        "ts": "1441729357.344099", 
        "uri": "/Richmedia/?appId=22359&responseType=json&placementtype=interstitial&SessionId=641285506994278400&placement=FreeStuff2", 
        "user_agent": "Dalvik/2.1.0 (Linux; U; Android 5.1.1; Nexus 6 Build/LMY48I)"
    }, 
    "1441729357.375647,CTBhKJ1NC6ED3Suzpk": {
        "domain": "vungle.com", 
        "dst_ip": "107.22.251.138", 
        "dst_port": "80", 
        "headers": {
            "ACCEPT-ENCODING": "gzip", 
            "CONNECTION": "Keep-Alive", 
            "CONTENT-LENGTH": "0", 
            "CONTENT-TYPE": "application/x-www-form-urlencoded", 
            "HOST": "api.vungle.com", 
            "USER-AGENT": "VungleDroid/3.3.0", 
            "X-VUNGLE-BUNDLE-ID": "com.imangi.templerun2", 
            "X-VUNGLE-LANGUAGE": "eng", 
            "X-VUNGLE-TIMEZONE": "Europe/Helsinki"
        }, 
        "host": "api.vungle.com", 
        "is_host_ip": 0, 
        "label": 1, 
        "md5": null, 
        "method": "POST", 
        "package_name": "com.imangi.templerun2", 
        "pii_types": [
            "AdvertiserId"
        ], 
        "platform": "android", 
        "post_body": "-", 
        "referrer": "-", 
        "src_ip": "10.11.2.3", 
        "src_port": "55191", 
        "tk_flag": 0, 
        "ts": "1441729357.375647", 
        "uri": "/api/v1/new?app_id=com.imangi.templerun2&ifa=RECON_AdvertiserId_80fdfc55325a4489b1d0c02bc684fc5d", 
        "user_agent": "VungleDroid/3.3.0"
    }, 
    "1441729357.375988,CsrDxQuGxX0uV3v82": {
        "domain": "vungle.com", 
        "dst_ip": "107.22.251.138", 
        "dst_port": "80", 
        "headers": {
            "ACCEPT-ENCODING": "gzip", 
            "CONNECTION": "Keep-Alive", 
            "CONTENT-LENGTH": "309", 
            "CONTENT-TYPE": "application/json", 
            "HOST": "api.vungle.com", 
            "USER-AGENT": "VungleDroid/3.3.0", 
            "X-VUNGLE-BUNDLE-ID": "com.imangi.templerun2", 
            "X-VUNGLE-LANGUAGE": "eng", 
            "X-VUNGLE-TIMEZONE": "Europe/Helsinki"
        }, 
        "host": "api.vungle.com", 
        "is_host_ip": 0, 
        "label": 1, 
        "md5": null, 
        "method": "POST", 
        "package_name": "com.imangi.templerun2", 
        "pii_types": [
            "AdvertiserId"
        ], 
        "platform": "android", 
        "post_body": "{\"ifa\":\"RECON_AdvertiserId_d4b78566d4c442399a5babe0a0779af2\",\"demo\":{},\"deviceInfo\":{\"connection\":\"wifi\",\"dim\":{\"height\":2392,\"width\":1440},\"isSdCardAvailable\":1,\"soundEnabled\":false,\"model\":\"motorola,Nexus 6\",\"networkOperator\":\"elisa\",\"osVersion\":\"5.1.1\",\"platform\":\"android\",\"volume\":0},\"pubAppId\":\"com.imangi.templerun2\"}", 
        "referrer": "-", 
        "src_ip": "10.11.2.3", 
        "src_port": "32806", 
        "tk_flag": 0, 
        "ts": "1441729357.375988", 
        "uri": "/api/v1/requestAd", 
        "user_agent": "VungleDroid/3.3.0"
    }, 
    "1441729357.670381,CoxX514iU37vFcV4X8": {
        "domain": "vungle.com", 
        "dst_ip": "107.22.251.138", 
        "dst_port": "80", 
        "headers": {
            "ACCEPT-ENCODING": "gzip", 
            "CONNECTION": "Keep-Alive", 
            "CONTENT-LENGTH": "36", 
            "CONTENT-TYPE": "application/json", 
            "HOST": "api.vungle.com", 
            "USER-AGENT": "VungleDroid/3.3.0", 
            "X-VUNGLE-BUNDLE-ID": "com.imangi.templerun2", 
            "X-VUNGLE-LANGUAGE": "eng", 
            "X-VUNGLE-TIMEZONE": "Europe/Helsinki"
        }, 
        "host": "api.vungle.com", 
        "is_host_ip": 0, 
        "label": 0, 
        "md5": null, 
        "method": "POST", 
        "package_name": "com.imangi.templerun2", 
        "pii_types": null, 
        "platform": "android", 
        "post_body": "{\"pubAppId\":\"com.imangi.templerun2\"}", 
        "referrer": "-", 
        "src_ip": "10.11.2.3", 
        "src_port": "50860", 
        "tk_flag": 0, 
        "ts": "1441729357.670381", 
        "uri": "/api/v1/config", 
        "user_agent": "VungleDroid/3.3.0"
    }, 
    "1441729357.832888,CoxX514iU37vFcV4X8": {
        "domain": "vungle.com", 
        "dst_ip": "107.22.251.138", 
        "dst_port": "80", 
        "headers": {
            "ACCEPT-ENCODING": "gzip", 
            "CONNECTION": "Keep-Alive", 
            "CONTENT-LENGTH": "103", 
            "CONTENT-TYPE": "application/json", 
            "HOST": "api.vungle.com", 
            "USER-AGENT": "VungleDroid/3.3.0", 
            "X-VUNGLE-BUNDLE-ID": "com.imangi.templerun2", 
            "X-VUNGLE-LANGUAGE": "eng", 
            "X-VUNGLE-TIMEZONE": "Europe/Helsinki"
        }, 
        "host": "api.vungle.com", 
        "is_host_ip": 0, 
        "label": 1, 
        "md5": null, 
        "method": "POST", 
        "package_name": "com.imangi.templerun2", 
        "pii_types": [
            "AdvertiserId"
        ], 
        "platform": "android", 
        "post_body": "{\"ifa\":\"RECON_AdvertiserId_f0067a219d8f42ae93ee9f3a3b24d035\",\"pubAppId\":\"com.imangi.templerun2\",\"start\":1441729353636}", 
        "referrer": "-", 
        "src_ip": "10.11.2.3", 
        "src_port": "50860", 
        "tk_flag": 0, 
        "ts": "1441729357.832888", 
        "uri": "/api/v1/sessionStart", 
        "user_agent": "VungleDroid/3.3.0"
    }, 
    "1441729358.325892,CgoN6wFLO3MyCtog7": {
        "domain": "everyplay.com", 
        "dst_ip": "93.184.215.113", 
        "dst_port": "80", 
        "headers": {
            "ACCEPT-ENCODING": "gzip", 
            "CONNECTION": "Keep-Alive", 
            "HOST": "static.everyplay.com", 
            "USER-AGENT": "Dalvik/2.1.0 (Linux; U; Android 5.1.1; Nexus 6 Build/LMY48I)"
        }, 
        "host": "static.everyplay.com", 
        "is_host_ip": 0, 
        "label": 0, 
        "md5": null, 
        "method": "GET", 
        "package_name": "com.imangi.templerun2", 
        "pii_types": null, 
        "platform": "android", 
        "post_body": "-", 
        "referrer": "-", 
        "src_ip": "10.11.2.3", 
        "src_port": "45900", 
        "tk_flag": 0, 
        "ts": "1441729358.325892", 
        "uri": "/impact/videos/11661/3bdf7f883934cb72/pd-15-second-trailer-review/b30-600.mp4", 
        "user_agent": "Dalvik/2.1.0 (Linux; U; Android 5.1.1; Nexus 6 Build/LMY48I)"
    }, 
    "1441729358.372924,CsFTyL2Lcts0naPV63": {
        "domain": "googleapis.com", 
        "dst_ip": "173.194.208.95", 
        "dst_port": "80", 
        "headers": {
            "ACCEPT": "text/css\\x2c*/*;q=0.1", 
            "ACCEPT-ENCODING": "gzip\\x2c deflate", 
            "ACCEPT-LANGUAGE": "en-US", 
            "CACHE-CONTROL": "no-cache", 
            "CONNECTION": "keep-alive", 
            "HOST": "fonts.googleapis.com", 
            "PRAGMA": "no-cache", 
            "REFERER": "http://appclick.co/Richmedia/?appId=22359&responseType=json&placementtype=interstitial&SessionId=641285506994278400&placement=SaveMe2", 
            "USER-AGENT": "Apache-HttpClient/UNAVAILABLE (java 1.4)", 
            "X-REQUESTED-WITH": "com.imangi.templerun2"
        }, 
        "host": "fonts.googleapis.com", 
        "is_host_ip": 0, 
        "label": 0, 
        "md5": null, 
        "method": "GET", 
        "package_name": "com.imangi.templerun2", 
        "pii_types": null, 
        "platform": "android", 
        "post_body": "-", 
        "referrer": "http://appclick.co/Richmedia/?appId=22359&responseType=json&placementtype=interstitial&SessionId=641285506994278400&placement=SaveMe2", 
        "src_ip": "10.11.2.3", 
        "src_port": "34715", 
        "tk_flag": 1, 
        "ts": "1441729358.372924", 
        "uri": "/css?family=Lato:300,900", 
        "user_agent": "Apache-HttpClient/UNAVAILABLE (java 1.4)"
    }, 
    "1441729358.376205,CNas6f4qpUdnBGY3Xh": {
        "domain": "nativex.com", 
        "dst_ip": "72.21.81.253", 
        "dst_port": "80", 
        "headers": {
            "ACCEPT": "text/css\\x2c*/*;q=0.1", 
            "ACCEPT-ENCODING": "gzip\\x2c deflate", 
            "ACCEPT-LANGUAGE": "en-US", 
            "CACHE-CONTROL": "no-cache", 
            "CONNECTION": "keep-alive", 
            "HOST": "cdn.nativex.com", 
            "PRAGMA": "no-cache", 
            "REFERER": "http://appclick.co/Richmedia/?appId=22359&responseType=json&placementtype=interstitial&SessionId=641285506994278400&placement=SaveMe2", 
            "USER-AGENT": "Apache-HttpClient/UNAVAILABLE (java 1.4)", 
            "X-REQUESTED-WITH": "com.imangi.templerun2"
        }, 
        "host": "cdn.nativex.com", 
        "is_host_ip": 0, 
        "label": 0, 
        "md5": null, 
        "method": "GET", 
        "package_name": "com.imangi.templerun2", 
        "pii_types": null, 
        "platform": "android", 
        "post_body": "-", 
        "referrer": "http://appclick.co/Richmedia/?appId=22359&responseType=json&placementtype=interstitial&SessionId=641285506994278400&placement=SaveMe2", 
        "src_ip": "10.11.2.3", 
        "src_port": "33476", 
        "tk_flag": 0, 
        "ts": "1441729358.376205", 
        "uri": "/asset/0c3f2d57-7508-4215-91d2-31d7b07c1bd7.css", 
        "user_agent": "Apache-HttpClient/UNAVAILABLE (java 1.4)"
    }, 
    "1441729358.861844,CNas6f4qpUdnBGY3Xh": {
        "domain": "nativex.com", 
        "dst_ip": "72.21.81.253", 
        "dst_port": "80", 
        "headers": {
            "ACCEPT": "image/webp\\x2c*/*;q=0.8", 
            "ACCEPT-ENCODING": "gzip\\x2c deflate", 
            "ACCEPT-LANGUAGE": "en-US", 
            "CACHE-CONTROL": "no-cache", 
            "CONNECTION": "keep-alive", 
            "HOST": "cdn.nativex.com", 
            "PRAGMA": "no-cache", 
            "REFERER": "http://appclick.co/Richmedia/?appId=22359&responseType=json&placementtype=interstitial&SessionId=641285506994278400&placement=SaveMe2", 
            "USER-AGENT": "Apache-HttpClient/UNAVAILABLE (java 1.4)", 
            "X-REQUESTED-WITH": "com.imangi.templerun2"
        }, 
        "host": "cdn.nativex.com", 
        "is_host_ip": 0, 
        "label": 0, 
        "md5": null, 
        "method": "GET", 
        "package_name": "com.imangi.templerun2", 
        "pii_types": null, 
        "platform": "android", 
        "post_body": "-", 
        "referrer": "http://appclick.co/Richmedia/?appId=22359&responseType=json&placementtype=interstitial&SessionId=641285506994278400&placement=SaveMe2", 
        "src_ip": "10.11.2.3", 
        "src_port": "33476", 
        "tk_flag": 0, 
        "ts": "1441729358.861844", 
        "uri": "/asset/aff3b8c7-b789-4d4a-86ad-827b7d9fe102.png", 
        "user_agent": "Apache-HttpClient/UNAVAILABLE (java 1.4)"
    }, 
    "1441729359.107434,CSCjyN1fh1O5KU6Ruj": {
        "domain": "gstatic.com", 
        "dst_ip": "74.125.228.247", 
        "dst_port": "80", 
        "headers": {
            "ACCEPT": "*/*", 
            "ACCEPT-ENCODING": "gzip\\x2c deflate", 
            "ACCEPT-LANGUAGE": "en-US", 
            "CACHE-CONTROL": "no-cache", 
            "CONNECTION": "keep-alive", 
            "HOST": "fonts.gstatic.com", 
            "ORIGIN": "http://appclick.co", 
            "PRAGMA": "no-cache", 
            "REFERER": "http://fonts.googleapis.com/css?family=Lato:300\\x2c900", 
            "USER-AGENT": "Apache-HttpClient/UNAVAILABLE (java 1.4)", 
            "X-REQUESTED-WITH": "com.imangi.templerun2"
        }, 
        "host": "fonts.gstatic.com", 
        "is_host_ip": 0, 
        "label": 0, 
        "md5": null, 
        "method": "GET", 
        "package_name": "com.imangi.templerun2", 
        "pii_types": null, 
        "platform": "android", 
        "post_body": "-", 
        "referrer": "http://fonts.googleapis.com/css?family=Lato:300,900", 
        "src_ip": "10.11.2.3", 
        "src_port": "43899", 
        "tk_flag": 0, 
        "ts": "1441729359.107434", 
        "uri": "/s/lato/v11/4cKlrioa77J2iqTqBgkRWg.ttf", 
        "user_agent": "Apache-HttpClient/UNAVAILABLE (java 1.4)"
    }, 
    "1441729359.108667,ChdR1BTJtqmDP8lGc": {
        "domain": "gstatic.com", 
        "dst_ip": "74.125.228.247", 
        "dst_port": "80", 
        "headers": {
            "ACCEPT": "*/*", 
            "ACCEPT-ENCODING": "gzip\\x2c deflate", 
            "ACCEPT-LANGUAGE": "en-US", 
            "CACHE-CONTROL": "no-cache", 
            "CONNECTION": "keep-alive", 
            "HOST": "fonts.gstatic.com", 
            "ORIGIN": "http://appclick.co", 
            "PRAGMA": "no-cache", 
            "REFERER": "http://fonts.googleapis.com/css?family=Lato:300\\x2c900", 
            "USER-AGENT": "Apache-HttpClient/UNAVAILABLE (java 1.4)", 
            "X-REQUESTED-WITH": "com.imangi.templerun2"
        }, 
        "host": "fonts.gstatic.com", 
        "is_host_ip": 0, 
        "label": 0, 
        "md5": null, 
        "method": "GET", 
        "package_name": "com.imangi.templerun2", 
        "pii_types": null, 
        "platform": "android", 
        "post_body": "-", 
        "referrer": "http://fonts.googleapis.com/css?family=Lato:300,900", 
        "src_ip": "10.11.2.3", 
        "src_port": "43900", 
        "tk_flag": 0, 
        "ts": "1441729359.108667", 
        "uri": "/s/lato/v11/nj47mAZe0mYUIySgfn0wpQ.ttf", 
        "user_agent": "Apache-HttpClient/UNAVAILABLE (java 1.4)"
    }, 
    "1441729359.224670,Cw3jbr2x2Xg85b6Ir": {
        "domain": "chartboost.com", 
        "dst_ip": "199.27.76.113", 
        "dst_port": "80", 
        "headers": {
            "ACCEPT-ENCODING": "gzip", 
            "CONNECTION": "Keep-Alive", 
            "HOST": "v.chartboost.com", 
            "USER-AGENT": "Dalvik/2.1.0 (Linux; U; Android 5.1.1; Nexus 6 Build/LMY48I)"
        }, 
        "host": "v.chartboost.com", 
        "is_host_ip": 0, 
        "label": 0, 
        "md5": null, 
        "method": "GET", 
        "package_name": "com.imangi.templerun2", 
        "pii_types": null, 
        "platform": "android", 
        "post_body": "-", 
        "referrer": "-", 
        "src_ip": "10.11.2.3", 
        "src_port": "36515", 
        "tk_flag": 1, 
        "ts": "1441729359.224670", 
        "uri": "/videoads/549fcc76c909a63527f448f8_568-1419758724.mp4", 
        "user_agent": "Dalvik/2.1.0 (Linux; U; Android 5.1.1; Nexus 6 Build/LMY48I)"
    }, 
    "1441729362.776506,CQRMDG33PeUV8VLCYl": {
        "domain": "appclick.co", 
        "dst_ip": "54.149.169.12", 
        "dst_port": "80", 
        "headers": {
            "ACCEPT": "*/*", 
            "ACCEPT-ENCODING": "gzip\\x2c deflate", 
            "ACCEPT-LANGUAGE": "en-US", 
            "CACHE-CONTROL": "no-cache", 
            "CONNECTION": "keep-alive", 
            "HOST": "appclick.co", 
            "PRAGMA": "no-cache", 
            "REFERER": "http://appclick.co/Richmedia/?appId=22359&responseType=json&placementtype=interstitial&SessionId=641285506994278400&placement=FreeStuff2", 
            "USER-AGENT": "Apache-HttpClient/UNAVAILABLE (java 1.4)", 
            "X-REQUESTED-WITH": "com.imangi.templerun2"
        }, 
        "host": "appclick.co", 
        "is_host_ip": 0, 
        "label": 0, 
        "md5": null, 
        "method": "GET", 
        "package_name": "com.imangi.templerun2", 
        "pii_types": null, 
        "platform": "android", 
        "post_body": "-", 
        "referrer": "http://appclick.co/Richmedia/?appId=22359&responseType=json&placementtype=interstitial&SessionId=641285506994278400&placement=FreeStuff2", 
        "src_ip": "10.11.2.3", 
        "src_port": "42255", 
        "tk_flag": 0, 
        "ts": "1441729362.776506", 
        "uri": "/favicon.ico", 
        "user_agent": "Apache-HttpClient/UNAVAILABLE (java 1.4)"
    }, 
    "1441729362.858111,CGunF61Zyfa3qzo9jc": {
        "domain": "edgecastcdn.net", 
        "dst_ip": "72.21.81.131", 
        "dst_port": "80", 
        "headers": {
            "ACCEPT-ENCODING": "gzip", 
            "CONNECTION": "Keep-Alive", 
            "HOST": "wpc.250f.edgecastcdn.net", 
            "USER-AGENT": "Dalvik/2.1.0 (Linux; U; Android 5.1.1; Nexus 6 Build/LMY48I)"
        }, 
        "host": "wpc.250f.edgecastcdn.net", 
        "is_host_ip": 0, 
        "label": 0, 
        "md5": null, 
        "method": "GET", 
        "package_name": "com.imangi.templerun2", 
        "pii_types": null, 
        "platform": "android", 
        "post_body": "-", 
        "referrer": "-", 
        "src_ip": "10.11.2.3", 
        "src_port": "39691", 
        "tk_flag": 1, 
        "ts": "1441729362.858111", 
        "uri": "/80250F/s3videos/output/videos/standard_wide_29715.m4v", 
        "user_agent": "Dalvik/2.1.0 (Linux; U; Android 5.1.1; Nexus 6 Build/LMY48I)"
    }, 
    "1441729362.858127,CR0Tfp1Iovd4rr00m7": {
        "domain": "edgecastcdn.net", 
        "dst_ip": "72.21.81.131", 
        "dst_port": "80", 
        "headers": {
            "ACCEPT-ENCODING": "gzip", 
            "CONNECTION": "Keep-Alive", 
            "HOST": "wpc.250f.edgecastcdn.net", 
            "USER-AGENT": "Dalvik/2.1.0 (Linux; U; Android 5.1.1; Nexus 6 Build/LMY48I)"
        }, 
        "host": "wpc.250f.edgecastcdn.net", 
        "is_host_ip": 0, 
        "label": 0, 
        "md5": null, 
        "method": "GET", 
        "package_name": "com.imangi.templerun2", 
        "pii_types": null, 
        "platform": "android", 
        "post_body": "-", 
        "referrer": "-", 
        "src_ip": "10.11.2.3", 
        "src_port": "45456", 
        "tk_flag": 1, 
        "ts": "1441729362.858127", 
        "uri": "/80250F/s3videos/output/videos/standard_wide_24100.m4v", 
        "user_agent": "Dalvik/2.1.0 (Linux; U; Android 5.1.1; Nexus 6 Build/LMY48I)"
    }, 
    "1441729362.858309,CqOQvK2iL15tlQY8b3": {
        "domain": "edgecastcdn.net", 
        "dst_ip": "72.21.81.131", 
        "dst_port": "80", 
        "headers": {
            "ACCEPT-ENCODING": "gzip", 
            "CONNECTION": "Keep-Alive", 
            "HOST": "wpc.250f.edgecastcdn.net", 
            "USER-AGENT": "Dalvik/2.1.0 (Linux; U; Android 5.1.1; Nexus 6 Build/LMY48I)"
        }, 
        "host": "wpc.250f.edgecastcdn.net", 
        "is_host_ip": 0, 
        "label": 0, 
        "md5": null, 
        "method": "GET", 
        "package_name": "com.imangi.templerun2", 
        "pii_types": null, 
        "platform": "android", 
        "post_body": "-", 
        "referrer": "-", 
        "src_ip": "10.11.2.3", 
        "src_port": "54128", 
        "tk_flag": 1, 
        "ts": "1441729362.858309", 
        "uri": "/80250F/s3videos/output/videos/standard_wide_26617.m4v", 
        "user_agent": "Dalvik/2.1.0 (Linux; U; Android 5.1.1; Nexus 6 Build/LMY48I)"
    }, 
    "1441729362.875741,Cte5Md4rGnTJ8cC6Sh": {
        "domain": "appclick.co", 
        "dst_ip": "54.149.169.12", 
        "dst_port": "80", 
        "headers": {
            "ACCEPT": "*/*", 
            "ACCEPT-ENCODING": "gzip\\x2c deflate", 
            "ACCEPT-LANGUAGE": "en-US", 
            "CACHE-CONTROL": "no-cache", 
            "CONNECTION": "keep-alive", 
            "HOST": "appclick.co", 
            "PRAGMA": "no-cache", 
            "REFERER": "http://appclick.co/Richmedia/?appId=22359&responseType=json&placementtype=interstitial&SessionId=641285506994278400&placement=SaveMe2", 
            "USER-AGENT": "Apache-HttpClient/UNAVAILABLE (java 1.4)", 
            "X-REQUESTED-WITH": "com.imangi.templerun2"
        }, 
        "host": "appclick.co", 
        "is_host_ip": 0, 
        "label": 0, 
        "md5": null, 
        "method": "GET", 
        "package_name": "com.imangi.templerun2", 
        "pii_types": null, 
        "platform": "android", 
        "post_body": "-", 
        "referrer": "http://appclick.co/Richmedia/?appId=22359&responseType=json&placementtype=interstitial&SessionId=641285506994278400&placement=SaveMe2", 
        "src_ip": "10.11.2.3", 
        "src_port": "42256", 
        "tk_flag": 0, 
        "ts": "1441729362.875741", 
        "uri": "/favicon.ico", 
        "user_agent": "Apache-HttpClient/UNAVAILABLE (java 1.4)"
    }, 
    "1441729368.346288,Cw3jbr2x2Xg85b6Ir": {
        "domain": "chartboost.com", 
        "dst_ip": "199.27.76.113", 
        "dst_port": "80", 
        "headers": {
            "ACCEPT-ENCODING": "gzip", 
            "CONNECTION": "Keep-Alive", 
            "HOST": "v.chartboost.com", 
            "USER-AGENT": "Dalvik/2.1.0 (Linux; U; Android 5.1.1; Nexus 6 Build/LMY48I)"
        }, 
        "host": "v.chartboost.com", 
        "is_host_ip": 0, 
        "label": 0, 
        "md5": null, 
        "method": "GET", 
        "package_name": "com.imangi.templerun2", 
        "pii_types": null, 
        "platform": "android", 
        "post_body": "-", 
        "referrer": "-", 
        "src_ip": "10.11.2.3", 
        "src_port": "36515", 
        "tk_flag": 1, 
        "ts": "1441729368.346288", 
        "uri": "/videoads/55e9a6b85b14530198aadb1f_568-1441375952.mp4", 
        "user_agent": "Dalvik/2.1.0 (Linux; U; Android 5.1.1; Nexus 6 Build/LMY48I)"
    }, 
    "1441729457.076949,CG5IiP5apJ9FzBMLe": {
        "domain": "everyplay.com", 
        "dst_ip": "93.184.215.113", 
        "dst_port": "80", 
        "headers": {
            "ACCEPT-ENCODING": "gzip", 
            "CONNECTION": "Keep-Alive", 
            "HOST": "static.everyplay.com", 
            "USER-AGENT": "Dalvik/2.1.0 (Linux; U; Android 5.1.1; Nexus 6 Build/LMY48I)"
        }, 
        "host": "static.everyplay.com", 
        "is_host_ip": 0, 
        "label": 0, 
        "md5": null, 
        "method": "GET", 
        "package_name": "com.imangi.templerun2", 
        "pii_types": null, 
        "platform": "android", 
        "post_body": "-", 
        "referrer": "-", 
        "src_ip": "10.11.2.3", 
        "src_port": "43661", 
        "tk_flag": 0, 
        "ts": "1441729457.076949", 
        "uri": "/impact/videos/14393/a63fd7754e643be0/bb-ad-applifier-15sec-640x360/b30-600.mp4", 
        "user_agent": "Dalvik/2.1.0 (Linux; U; Android 5.1.1; Nexus 6 Build/LMY48I)"
    }, 
    "1441729457.310857,CfPrE22zdVaZsq7zWi": {
        "domain": "nativex.com", 
        "dst_ip": "72.21.81.253", 
        "dst_port": "80", 
        "headers": {
            "ACCEPT": "image/webp\\x2c*/*;q=0.8", 
            "ACCEPT-ENCODING": "gzip\\x2c deflate", 
            "ACCEPT-LANGUAGE": "en-US", 
            "CACHE-CONTROL": "no-cache", 
            "CONNECTION": "keep-alive", 
            "HOST": "cdn.nativex.com", 
            "PRAGMA": "no-cache", 
            "REFERER": "http://appclick.co/Richmedia/?appId=22359&responseType=json&placementtype=interstitial&SessionId=641285506994278400&placement=FreeStuff2", 
            "USER-AGENT": "Apache-HttpClient/UNAVAILABLE (java 1.4)", 
            "X-REQUESTED-WITH": "com.imangi.templerun2"
        }, 
        "host": "cdn.nativex.com", 
        "is_host_ip": 0, 
        "label": 0, 
        "md5": null, 
        "method": "GET", 
        "package_name": "com.imangi.templerun2", 
        "pii_types": null, 
        "platform": "android", 
        "post_body": "-", 
        "referrer": "http://appclick.co/Richmedia/?appId=22359&responseType=json&placementtype=interstitial&SessionId=641285506994278400&placement=FreeStuff2", 
        "src_ip": "10.11.2.3", 
        "src_port": "33481", 
        "tk_flag": 0, 
        "ts": "1441729457.310857", 
        "uri": "/asset/cc052940-0107-4f73-a8d7-93f4d731cec1.png", 
        "user_agent": "Apache-HttpClient/UNAVAILABLE (java 1.4)"
    }, 
    "1441729457.310866,CQ7spzEnJhDimXaz3": {
        "domain": "nativex.com", 
        "dst_ip": "72.21.81.253", 
        "dst_port": "80", 
        "headers": {
            "ACCEPT": "image/webp\\x2c*/*;q=0.8", 
            "ACCEPT-ENCODING": "gzip\\x2c deflate", 
            "ACCEPT-LANGUAGE": "en-US", 
            "CACHE-CONTROL": "no-cache", 
            "CONNECTION": "keep-alive", 
            "HOST": "cdn.nativex.com", 
            "PRAGMA": "no-cache", 
            "REFERER": "http://appclick.co/Richmedia/?appId=22359&responseType=json&placementtype=interstitial&SessionId=641285506994278400&placement=FreeStuff2", 
            "USER-AGENT": "Apache-HttpClient/UNAVAILABLE (java 1.4)", 
            "X-REQUESTED-WITH": "com.imangi.templerun2"
        }, 
        "host": "cdn.nativex.com", 
        "is_host_ip": 0, 
        "label": 0, 
        "md5": null, 
        "method": "GET", 
        "package_name": "com.imangi.templerun2", 
        "pii_types": null, 
        "platform": "android", 
        "post_body": "-", 
        "referrer": "http://appclick.co/Richmedia/?appId=22359&responseType=json&placementtype=interstitial&SessionId=641285506994278400&placement=FreeStuff2", 
        "src_ip": "10.11.2.3", 
        "src_port": "33482", 
        "tk_flag": 0, 
        "ts": "1441729457.310866", 
        "uri": "/asset/feaaa0d8-94da-45e6-87fe-04a4708ee7ff.jpg", 
        "user_agent": "Apache-HttpClient/UNAVAILABLE (java 1.4)"
    }, 
    "1441729457.444036,CVsDBP21nAICDrtRjb": {
        "domain": "applifier.com", 
        "dst_ip": "72.21.91.39", 
        "dst_port": "80", 
        "headers": {
            "ACCEPT": "text/html\\x2capplication/xhtml+xml\\x2capplication/xml;q=0.9\\x2cimage/webp\\x2c*/*;q=0.8", 
            "ACCEPT-ENCODING": "gzip\\x2c deflate", 
            "ACCEPT-LANGUAGE": "en-US", 
            "CONNECTION": "keep-alive", 
            "HOST": "cdn.applifier.com", 
            "UPGRADE-INSECURE-REQUESTS": "1", 
            "USER-AGENT": "Mozilla/5.0 (Linux; Android 5.1.1; Nexus 6 Build/LMY48I; wv) AppleWebKit/537.36 (KHTML\\x2c like Gecko) Version/4.0 Chrome/44.0.2403.117 Mobile Safari/537.36", 
            "X-REQUESTED-WITH": "com.imangi.templerun2"
        }, 
        "host": "cdn.applifier.com", 
        "is_host_ip": 0, 
        "label": 0, 
        "md5": null, 
        "method": "GET", 
        "package_name": "com.imangi.templerun2", 
        "pii_types": null, 
        "platform": "android", 
        "post_body": "-", 
        "referrer": "-", 
        "src_ip": "10.11.2.3", 
        "src_port": "53712", 
        "tk_flag": 0, 
        "ts": "1441729457.444036", 
        "uri": "/impact/webview/production/impact/index.html?version=ddf93ab05fd63c881c94720e5b037e483aee3de1", 
        "user_agent": "Mozilla/5.0 (Linux; Android 5.1.1; Nexus 6 Build/LMY48I; wv) AppleWebKit/537.36 (KHTML, like Gecko) Version/4.0 Chrome/44.0.2403.117 Mobile Safari/537.36"
    }, 
    "1441729458.139613,CVsDBP21nAICDrtRjb": {
        "domain": "applifier.com", 
        "dst_ip": "72.21.91.39", 
        "dst_port": "80", 
        "headers": {
            "ACCEPT": "*/*", 
            "ACCEPT-ENCODING": "gzip\\x2c deflate", 
            "ACCEPT-LANGUAGE": "en-US", 
            "CONNECTION": "keep-alive", 
            "HOST": "cdn.applifier.com", 
            "REFERER": "http://cdn.applifier.com/impact/webview/production/impact/index.html?version=ddf93ab05fd63c881c94720e5b037e483aee3de1", 
            "USER-AGENT": "Mozilla/5.0 (Linux; Android 5.1.1; Nexus 6 Build/LMY48I; wv) AppleWebKit/537.36 (KHTML\\x2c like Gecko) Version/4.0 Chrome/44.0.2403.117 Mobile Safari/537.36", 
            "X-REQUESTED-WITH": "com.imangi.templerun2"
        }, 
        "host": "cdn.applifier.com", 
        "is_host_ip": 0, 
        "label": 0, 
        "md5": null, 
        "method": "GET", 
        "package_name": "com.imangi.templerun2", 
        "pii_types": null, 
        "platform": "android", 
        "post_body": "-", 
        "referrer": "http://cdn.applifier.com/impact/webview/production/impact/index.html?version=ddf93ab05fd63c881c94720e5b037e483aee3de1", 
        "src_ip": "10.11.2.3", 
        "src_port": "53712", 
        "tk_flag": 0, 
        "ts": "1441729458.139613", 
        "uri": "/favicon.ico", 
        "user_agent": "Mozilla/5.0 (Linux; Android 5.1.1; Nexus 6 Build/LMY48I; wv) AppleWebKit/537.36 (KHTML, like Gecko) Version/4.0 Chrome/44.0.2403.117 Mobile Safari/537.36"
    }, 
    "1441729458.720225,ClcnEC3CbWeH0lTpda": {
        "domain": "google-analytics.com", 
        "dst_ip": "216.58.217.142", 
        "dst_port": "80", 
        "headers": {
            "ACCEPT": "*/*", 
            "ACCEPT-ENCODING": "gzip\\x2c deflate", 
            "ACCEPT-LANGUAGE": "en-US", 
            "CONNECTION": "keep-alive", 
            "HOST": "www.google-analytics.com", 
            "REFERER": "http://cdn.applifier.com/impact/webview/production/impact/index.html?version=ddf93ab05fd63c881c94720e5b037e483aee3de1", 
            "USER-AGENT": "Mozilla/5.0 (Linux; Android 5.1.1; Nexus 6 Build/LMY48I; wv) AppleWebKit/537.36 (KHTML\\x2c like Gecko) Version/4.0 Chrome/44.0.2403.117 Mobile Safari/537.36", 
            "X-REQUESTED-WITH": "com.imangi.templerun2"
        }, 
        "host": "www.google-analytics.com", 
        "is_host_ip": 0, 
        "label": 0, 
        "md5": null, 
        "method": "GET", 
        "package_name": "com.imangi.templerun2", 
        "pii_types": null, 
        "platform": "android", 
        "post_body": "-", 
        "referrer": "http://cdn.applifier.com/impact/webview/production/impact/index.html?version=ddf93ab05fd63c881c94720e5b037e483aee3de1", 
        "src_ip": "10.11.2.3", 
        "src_port": "45557", 
        "tk_flag": 1, 
        "ts": "1441729458.720225", 
        "uri": "/ga.js", 
        "user_agent": "Mozilla/5.0 (Linux; Android 5.1.1; Nexus 6 Build/LMY48I; wv) AppleWebKit/537.36 (KHTML, like Gecko) Version/4.0 Chrome/44.0.2403.117 Mobile Safari/537.36"
    }, 
    "1441729459.166962,CVsDBP21nAICDrtRjb": {
        "domain": "applifier.com", 
        "dst_ip": "72.21.91.39", 
        "dst_port": "80", 
        "headers": {
            "ACCEPT": "image/webp\\x2c*/*;q=0.8", 
            "ACCEPT-ENCODING": "gzip\\x2c deflate", 
            "ACCEPT-LANGUAGE": "en-US", 
            "CONNECTION": "keep-alive", 
            "COOKIE": "i18next=en; __utma=228634830.1788801548.1441729456.1441729456.1441729456.1; __utmb=228634830.0.10.1441729456; __utmc=228634830; __utmz=228634830.1441729456.1.1.utmcsr=(direct)|utmccn=(direct)|utmcmd=(none)", 
            "HOST": "cdn.applifier.com", 
            "REFERER": "http://cdn.applifier.com/impact/webview/production/impact/index.html?version=ddf93ab05fd63c881c94720e5b037e483aee3de1", 
            "USER-AGENT": "Mozilla/5.0 (Linux; Android 5.1.1; Nexus 6 Build/LMY48I; wv) AppleWebKit/537.36 (KHTML\\x2c like Gecko) Version/4.0 Chrome/44.0.2403.117 Mobile Safari/537.36", 
            "X-REQUESTED-WITH": "com.imangi.templerun2"
        }, 
        "host": "cdn.applifier.com", 
        "is_host_ip": 0, 
        "label": 0, 
        "md5": null, 
        "method": "GET", 
        "package_name": "com.imangi.templerun2", 
        "pii_types": null, 
        "platform": "android", 
        "post_body": "-", 
        "referrer": "http://cdn.applifier.com/impact/webview/production/impact/index.html?version=ddf93ab05fd63c881c94720e5b037e483aee3de1", 
        "src_ip": "10.11.2.3", 
        "src_port": "53712", 
        "tk_flag": 0, 
        "ts": "1441729459.166962", 
        "uri": "/impact/webview/production/impact/img/unityads.png", 
        "user_agent": "Mozilla/5.0 (Linux; Android 5.1.1; Nexus 6 Build/LMY48I; wv) AppleWebKit/537.36 (KHTML, like Gecko) Version/4.0 Chrome/44.0.2403.117 Mobile Safari/537.36"
    }, 
    "1441729459.781426,CmbDQ52Wo6amojHPBg": {
        "domain": "everyplay.com", 
        "dst_ip": "93.184.215.113", 
        "dst_port": "80", 
        "headers": {
            "ACCEPT": "image/webp\\x2c*/*;q=0.8", 
            "ACCEPT-ENCODING": "gzip\\x2c deflate", 
            "ACCEPT-LANGUAGE": "en-US", 
            "CONNECTION": "keep-alive", 
            "HOST": "static.everyplay.com", 
            "REFERER": "http://cdn.applifier.com/impact/webview/production/impact/index.html?version=ddf93ab05fd63c881c94720e5b037e483aee3de1", 
            "USER-AGENT": "Mozilla/5.0 (Linux; Android 5.1.1; Nexus 6 Build/LMY48I; wv) AppleWebKit/537.36 (KHTML\\x2c like Gecko) Version/4.0 Chrome/44.0.2403.117 Mobile Safari/537.36", 
            "X-REQUESTED-WITH": "com.imangi.templerun2"
        }, 
        "host": "static.everyplay.com", 
        "is_host_ip": 0, 
        "label": 0, 
        "md5": null, 
        "method": "GET", 
        "package_name": "com.imangi.templerun2", 
        "pii_types": null, 
        "platform": "android", 
        "post_body": "-", 
        "referrer": "http://cdn.applifier.com/impact/webview/production/impact/index.html?version=ddf93ab05fd63c881c94720e5b037e483aee3de1", 
        "src_ip": "10.11.2.3", 
        "src_port": "54955", 
        "tk_flag": 0, 
        "ts": "1441729459.781426", 
        "uri": "/impact/images/11661/f3d997bd317919ca/puzzle-and-dragons-600x800.jpg", 
        "user_agent": "Mozilla/5.0 (Linux; Android 5.1.1; Nexus 6 Build/LMY48I; wv) AppleWebKit/537.36 (KHTML, like Gecko) Version/4.0 Chrome/44.0.2403.117 Mobile Safari/537.36"
    }, 
    "1441729459.781438,CxrXo3C9ZIc3SeVeb": {
        "domain": "everyplay.com", 
        "dst_ip": "93.184.215.113", 
        "dst_port": "80", 
        "headers": {
            "ACCEPT": "image/webp\\x2c*/*;q=0.8", 
            "ACCEPT-ENCODING": "gzip\\x2c deflate", 
            "ACCEPT-LANGUAGE": "en-US", 
            "CONNECTION": "keep-alive", 
            "HOST": "static.everyplay.com", 
            "REFERER": "http://cdn.applifier.com/impact/webview/production/impact/index.html?version=ddf93ab05fd63c881c94720e5b037e483aee3de1", 
            "USER-AGENT": "Mozilla/5.0 (Linux; Android 5.1.1; Nexus 6 Build/LMY48I; wv) AppleWebKit/537.36 (KHTML\\x2c like Gecko) Version/4.0 Chrome/44.0.2403.117 Mobile Safari/537.36", 
            "X-REQUESTED-WITH": "com.imangi.templerun2"
        }, 
        "host": "static.everyplay.com", 
        "is_host_ip": 0, 
        "label": 0, 
        "md5": null, 
        "method": "GET", 
        "package_name": "com.imangi.templerun2", 
        "pii_types": null, 
        "platform": "android", 
        "post_body": "-", 
        "referrer": "http://cdn.applifier.com/impact/webview/production/impact/index.html?version=ddf93ab05fd63c881c94720e5b037e483aee3de1", 
        "src_ip": "10.11.2.3", 
        "src_port": "54956", 
        "tk_flag": 0, 
        "ts": "1441729459.781438", 
        "uri": "/impact/images/11661/c927a92bd4ca5b8e/puzzle-and-dragons-800x600.jpg", 
        "user_agent": "Mozilla/5.0 (Linux; Android 5.1.1; Nexus 6 Build/LMY48I; wv) AppleWebKit/537.36 (KHTML, like Gecko) Version/4.0 Chrome/44.0.2403.117 Mobile Safari/537.36"
    }, 
    "1441729461.133412,CGi7Ji36Ux9xrkrkA4": {
        "domain": "applifier.com", 
        "dst_ip": "52.20.160.56", 
        "dst_port": "80", 
        "headers": {
            "ACCEPT-ENCODING": "gzip", 
            "CONNECTION": "Keep-Alive", 
            "CONTENT-LENGTH": "364", 
            "CONTENT-TYPE": "application/x-www-form-urlencoded", 
            "HOST": "impact.applifier.com", 
            "USER-AGENT": "Dalvik/2.1.0 (Linux; U; Android 5.1.1; Nexus 6 Build/LMY48I)"
        }, 
        "host": "impact.applifier.com", 
        "is_host_ip": 0, 
        "label": 1, 
        "md5": null, 
        "method": "POST", 
        "package_name": "com.imangi.templerun2", 
        "pii_types": [
            "AdvertiserId"
        ], 
        "platform": "android", 
        "post_body": "zone=freeStuff&platform=android&trackingEnabled=1&advertisingTrackingId=4cd66d2d07d535940cfbf565dd983642&rawAdvertisingTrackingId=RECON_AdvertiserId_efdc03afb01f4322af3c5061c75ceede&gameId=36615&sdkVersion=1402&softwareVersion=22&hardwareVersion=motorola+Nexus+6&deviceType=268435538&connectionType=wifi&cachingSpeed=204&screenSize=268435538&screenDensity=560&cachedPlayback=true", 
        "referrer": "-", 
        "src_ip": "10.11.2.3", 
        "src_port": "47841", 
        "tk_flag": 0, 
        "ts": "1441729461.133412", 
        "uri": "/mobile/gamers/55eda1d0a686b7c200bb7eef/video/video_start/530e7b6475d15bf92b000002/36615", 
        "user_agent": "Dalvik/2.1.0 (Linux; U; Android 5.1.1; Nexus 6 Build/LMY48I)"
    }, 
    "1441729462.834831,CGi7Ji36Ux9xrkrkA4": {
        "domain": "applifier.com", 
        "dst_ip": "52.20.160.56", 
        "dst_port": "80", 
        "headers": {
            "ACCEPT-ENCODING": "gzip", 
            "CONNECTION": "Keep-Alive", 
            "CONTENT-LENGTH": "364", 
            "CONTENT-TYPE": "application/x-www-form-urlencoded", 
            "HOST": "impact.applifier.com", 
            "USER-AGENT": "Dalvik/2.1.0 (Linux; U; Android 5.1.1; Nexus 6 Build/LMY48I)"
        }, 
        "host": "impact.applifier.com", 
        "is_host_ip": 0, 
        "label": 1, 
        "md5": null, 
        "method": "POST", 
        "package_name": "com.imangi.templerun2", 
        "pii_types": [
            "AdvertiserId"
        ], 
        "platform": "android", 
        "post_body": "zone=freeStuff&platform=android&trackingEnabled=1&advertisingTrackingId=4cd66d2d07d535940cfbf565dd983642&rawAdvertisingTrackingId=RECON_AdvertiserId_769fb6e6242e4cf6a2e9d72e5b6334c2&gameId=36615&sdkVersion=1402&softwareVersion=22&hardwareVersion=motorola+Nexus+6&deviceType=268435538&connectionType=wifi&cachingSpeed=266&screenSize=268435538&screenDensity=560&cachedPlayback=true", 
        "referrer": "-", 
        "src_ip": "10.11.2.3", 
        "src_port": "47841", 
        "tk_flag": 0, 
        "ts": "1441729462.834831", 
        "uri": "/mobile/gamers/55eda1d0a686b7c200bb7eef/video/first_quartile/530e7b6475d15bf92b000002/36615", 
        "user_agent": "Dalvik/2.1.0 (Linux; U; Android 5.1.1; Nexus 6 Build/LMY48I)"
    }, 
    "1441729466.845642,CGi7Ji36Ux9xrkrkA4": {
        "domain": "applifier.com", 
        "dst_ip": "52.20.160.56", 
        "dst_port": "80", 
        "headers": {
            "ACCEPT-ENCODING": "gzip", 
            "CONNECTION": "Keep-Alive", 
            "CONTENT-LENGTH": "364", 
            "CONTENT-TYPE": "application/x-www-form-urlencoded", 
            "HOST": "impact.applifier.com", 
            "USER-AGENT": "Dalvik/2.1.0 (Linux; U; Android 5.1.1; Nexus 6 Build/LMY48I)"
        }, 
        "host": "impact.applifier.com", 
        "is_host_ip": 0, 
        "label": 1, 
        "md5": null, 
        "method": "POST", 
        "package_name": "com.imangi.templerun2", 
        "pii_types": [
            "AdvertiserId"
        ], 
        "platform": "android", 
        "post_body": "zone=freeStuff&platform=android&trackingEnabled=1&advertisingTrackingId=4cd66d2d07d535940cfbf565dd983642&rawAdvertisingTrackingId=RECON_AdvertiserId_a79192ff2eac42af84d427df15343597&gameId=36615&sdkVersion=1402&softwareVersion=22&hardwareVersion=motorola+Nexus+6&deviceType=268435538&connectionType=wifi&cachingSpeed=266&screenSize=268435538&screenDensity=560&cachedPlayback=true", 
        "referrer": "-", 
        "src_ip": "10.11.2.3", 
        "src_port": "47841", 
        "tk_flag": 0, 
        "ts": "1441729466.845642", 
        "uri": "/mobile/gamers/55eda1d0a686b7c200bb7eef/video/mid_point/530e7b6475d15bf92b000002/36615", 
        "user_agent": "Dalvik/2.1.0 (Linux; U; Android 5.1.1; Nexus 6 Build/LMY48I)"
    }, 
    "1441729467.254901,CaJuEY3IC5b5mY6K69": {
        "domain": "vungle.com", 
        "dst_ip": "184.72.222.153", 
        "dst_port": "80", 
        "headers": {
            "ACCEPT-ENCODING": "gzip", 
            "CONNECTION": "Keep-Alive", 
            "CONTENT-LENGTH": "123", 
            "CONTENT-TYPE": "application/json", 
            "HOST": "api.vungle.com", 
            "USER-AGENT": "VungleDroid/3.3.0", 
            "X-VUNGLE-BUNDLE-ID": "com.imangi.templerun2", 
            "X-VUNGLE-LANGUAGE": "eng", 
            "X-VUNGLE-TIMEZONE": "Europe/Helsinki"
        }, 
        "host": "api.vungle.com", 
        "is_host_ip": 0, 
        "label": 1, 
        "md5": null, 
        "method": "POST", 
        "package_name": "com.imangi.templerun2", 
        "pii_types": [
            "AdvertiserId"
        ], 
        "platform": "android", 
        "post_body": "{\"ifa\":\"RECON_AdvertiserId_38ff8c9630ce45b8bddef89c5df48da6\",\"pubAppId\":\"com.imangi.templerun2\",\"start\":1441729353636,\"end\":1441729453748}", 
        "referrer": "-", 
        "src_ip": "10.11.2.3", 
        "src_port": "48906", 
        "tk_flag": 0, 
        "ts": "1441729467.254901", 
        "uri": "/api/v1/sessionEnd", 
        "user_agent": "VungleDroid/3.3.0"
    }, 
    "1441729470.831037,CGi7Ji36Ux9xrkrkA4": {
        "domain": "applifier.com", 
        "dst_ip": "52.20.160.56", 
        "dst_port": "80", 
        "headers": {
            "ACCEPT-ENCODING": "gzip", 
            "CONNECTION": "Keep-Alive", 
            "CONTENT-LENGTH": "364", 
            "CONTENT-TYPE": "application/x-www-form-urlencoded", 
            "HOST": "impact.applifier.com", 
            "USER-AGENT": "Dalvik/2.1.0 (Linux; U; Android 5.1.1; Nexus 6 Build/LMY48I)"
        }, 
        "host": "impact.applifier.com", 
        "is_host_ip": 0, 
        "label": 1, 
        "md5": null, 
        "method": "POST", 
        "package_name": "com.imangi.templerun2", 
        "pii_types": [
            "AdvertiserId"
        ], 
        "platform": "android", 
        "post_body": "zone=freeStuff&platform=android&trackingEnabled=1&advertisingTrackingId=4cd66d2d07d535940cfbf565dd983642&rawAdvertisingTrackingId=RECON_AdvertiserId_a649d5b5b36247688b09183cd18d7a10&gameId=36615&sdkVersion=1402&softwareVersion=22&hardwareVersion=motorola+Nexus+6&deviceType=268435538&connectionType=wifi&cachingSpeed=266&screenSize=268435538&screenDensity=560&cachedPlayback=true", 
        "referrer": "-", 
        "src_ip": "10.11.2.3", 
        "src_port": "47841", 
        "tk_flag": 0, 
        "ts": "1441729470.831037", 
        "uri": "/mobile/gamers/55eda1d0a686b7c200bb7eef/video/third_quartile/530e7b6475d15bf92b000002/36615", 
        "user_agent": "Dalvik/2.1.0 (Linux; U; Android 5.1.1; Nexus 6 Build/LMY48I)"
    }, 
    "1441729474.200701,CGi7Ji36Ux9xrkrkA4": {
        "domain": "applifier.com", 
        "dst_ip": "52.20.160.56", 
        "dst_port": "80", 
        "headers": {
            "ACCEPT-ENCODING": "gzip", 
            "CONNECTION": "Keep-Alive", 
            "CONTENT-LENGTH": "364", 
            "CONTENT-TYPE": "application/x-www-form-urlencoded", 
            "HOST": "impact.applifier.com", 
            "USER-AGENT": "Dalvik/2.1.0 (Linux; U; Android 5.1.1; Nexus 6 Build/LMY48I)"
        }, 
        "host": "impact.applifier.com", 
        "is_host_ip": 0, 
        "label": 1, 
        "md5": null, 
        "method": "POST", 
        "package_name": "com.imangi.templerun2", 
        "pii_types": [
            "AdvertiserId"
        ], 
        "platform": "android", 
        "post_body": "zone=freeStuff&platform=android&trackingEnabled=1&advertisingTrackingId=4cd66d2d07d535940cfbf565dd983642&rawAdvertisingTrackingId=RECON_AdvertiserId_2bbc002d8ad34a978ad6b6fc3be53770&gameId=36615&sdkVersion=1402&softwareVersion=22&hardwareVersion=motorola+Nexus+6&deviceType=268435538&connectionType=wifi&cachingSpeed=266&screenSize=268435538&screenDensity=560&cachedPlayback=true", 
        "referrer": "-", 
        "src_ip": "10.11.2.3", 
        "src_port": "47841", 
        "tk_flag": 0, 
        "ts": "1441729474.200701", 
        "uri": "/mobile/gamers/55eda1d0a686b7c200bb7eef/video/video_end/530e7b6475d15bf92b000002/36615", 
        "user_agent": "Dalvik/2.1.0 (Linux; U; Android 5.1.1; Nexus 6 Build/LMY48I)"
    }, 
    "1441729476.205088,CO4zdM1uMTyHll5X2i": {
        "domain": "vungle.com", 
        "dst_ip": "184.72.222.153", 
        "dst_port": "80", 
        "headers": {
            "ACCEPT-ENCODING": "gzip", 
            "CONNECTION": "Keep-Alive", 
            "CONTENT-LENGTH": "103", 
            "CONTENT-TYPE": "application/json", 
            "HOST": "api.vungle.com", 
            "USER-AGENT": "VungleDroid/3.3.0", 
            "X-VUNGLE-BUNDLE-ID": "com.imangi.templerun2", 
            "X-VUNGLE-LANGUAGE": "eng", 
            "X-VUNGLE-TIMEZONE": "Europe/Helsinki"
        }, 
        "host": "api.vungle.com", 
        "is_host_ip": 0, 
        "label": 1, 
        "md5": null, 
        "method": "POST", 
        "package_name": "com.imangi.templerun2", 
        "pii_types": [
            "AdvertiserId"
        ], 
        "platform": "android", 
        "post_body": "{\"ifa\":\"RECON_AdvertiserId_270546341a18414ca7c81402198ed1fd\",\"pubAppId\":\"com.imangi.templerun2\",\"start\":1441729472830}", 
        "referrer": "-", 
        "src_ip": "10.11.2.3", 
        "src_port": "57400", 
        "tk_flag": 0, 
        "ts": "1441729476.205088", 
        "uri": "/api/v1/sessionStart", 
        "user_agent": "VungleDroid/3.3.0"
    }, 
    "1441729493.428787,CHEZ0j2AJZKSvf7TKh": {
        "domain": "vungle.com", 
        "dst_ip": "184.72.222.153", 
        "dst_port": "80", 
        "headers": {
            "ACCEPT-ENCODING": "gzip", 
            "CONNECTION": "Keep-Alive", 
            "CONTENT-LENGTH": "123", 
            "CONTENT-TYPE": "application/json", 
            "HOST": "api.vungle.com", 
            "USER-AGENT": "VungleDroid/3.3.0", 
            "X-VUNGLE-BUNDLE-ID": "com.imangi.templerun2", 
            "X-VUNGLE-LANGUAGE": "eng", 
            "X-VUNGLE-TIMEZONE": "Europe/Helsinki"
        }, 
        "host": "api.vungle.com", 
        "is_host_ip": 0, 
        "label": 1, 
        "md5": null, 
        "method": "POST", 
        "package_name": "com.imangi.templerun2", 
        "pii_types": [
            "AdvertiserId"
        ], 
        "platform": "android", 
        "post_body": "{\"ifa\":\"RECON_AdvertiserId_25d4d1a4bf0748b58a83d4fc3e175603\",\"pubAppId\":\"com.imangi.templerun2\",\"start\":1441729472830,\"end\":1441729480056}", 
        "referrer": "-", 
        "src_ip": "10.11.2.3", 
        "src_port": "46017", 
        "tk_flag": 0, 
        "ts": "1441729493.428787", 
        "uri": "/api/v1/sessionEnd", 
        "user_agent": "VungleDroid/3.3.0"
    }, 
    "1441729527.953636,CgS3P04Q5nQwxB4jok": {
        "domain": "vungle.com", 
        "dst_ip": "54.225.202.75", 
        "dst_port": "80", 
        "headers": {
            "ACCEPT-ENCODING": "gzip", 
            "CONNECTION": "Keep-Alive", 
            "CONTENT-LENGTH": "103", 
            "CONTENT-TYPE": "application/json", 
            "HOST": "api.vungle.com", 
            "USER-AGENT": "VungleDroid/3.3.0", 
            "X-VUNGLE-BUNDLE-ID": "com.imangi.templerun2", 
            "X-VUNGLE-LANGUAGE": "eng", 
            "X-VUNGLE-TIMEZONE": "Europe/Helsinki"
        }, 
        "host": "api.vungle.com", 
        "is_host_ip": 0, 
        "label": 1, 
        "md5": null, 
        "method": "POST", 
        "package_name": "com.imangi.templerun2", 
        "pii_types": [
            "AdvertiserId"
        ], 
        "platform": "android", 
        "post_body": "{\"ifa\":\"RECON_AdvertiserId_91ab946ef29f4be4a58131c074fb8319\",\"pubAppId\":\"com.imangi.templerun2\",\"start\":1441729524446}", 
        "referrer": "-", 
        "src_ip": "10.11.2.3", 
        "src_port": "50209", 
        "tk_flag": 0, 
        "ts": "1441729527.953636", 
        "uri": "/api/v1/sessionStart", 
        "user_agent": "VungleDroid/3.3.0"
    }, 
    "1441729556.764597,CaOn1l3S24i9zjQYs": {
        "domain": "amazonaws.com", 
        "dst_ip": "54.231.96.212", 
        "dst_port": "80", 
        "headers": {
            "ACCEPT": "text/html\\x2capplication/xhtml+xml\\x2capplication/xml;q=0.9\\x2cimage/webp\\x2c*/*;q=0.8", 
            "ACCEPT-ENCODING": "gzip\\x2c deflate", 
            "ACCEPT-LANGUAGE": "en-US", 
            "CONNECTION": "keep-alive", 
            "HOST": "com.imangi.s3-website-us-east-1.amazonaws.com", 
            "UPGRADE-INSECURE-REQUESTS": "1", 
            "USER-AGENT": "Mozilla/5.0 (Linux; Android 5.1.1; Nexus 6 Build/LMY48I; wv) AppleWebKit/537.36 (KHTML\\x2c like Gecko) Version/4.0 Chrome/44.0.2403.117 Mobile Safari/537.36", 
            "X-REQUESTED-WITH": "com.imangi.templerun2"
        }, 
        "host": "com.imangi.s3-website-us-east-1.amazonaws.com", 
        "is_host_ip": 0, 
        "label": 0, 
        "md5": null, 
        "method": "GET", 
        "package_name": "com.imangi.templerun2", 
        "pii_types": null, 
        "platform": "android", 
        "post_body": "-", 
        "referrer": "-", 
        "src_ip": "10.11.2.3", 
        "src_port": "34756", 
        "tk_flag": 1, 
        "ts": "1441729556.764597", 
        "uri": "/android/privacy.html", 
        "user_agent": "Mozilla/5.0 (Linux; Android 5.1.1; Nexus 6 Build/LMY48I; wv) AppleWebKit/537.36 (KHTML, like Gecko) Version/4.0 Chrome/44.0.2403.117 Mobile Safari/537.36"
    }, 
    "1441729557.060401,CaOn1l3S24i9zjQYs": {
        "domain": "amazonaws.com", 
        "dst_ip": "54.231.96.212", 
        "dst_port": "80", 
        "headers": {
            "ACCEPT": "*/*", 
            "ACCEPT-ENCODING": "gzip\\x2c deflate", 
            "ACCEPT-LANGUAGE": "en-US", 
            "CONNECTION": "keep-alive", 
            "HOST": "com.imangi.s3-website-us-east-1.amazonaws.com", 
            "REFERER": "http://com.imangi.s3-website-us-east-1.amazonaws.com/android/privacy.html", 
            "USER-AGENT": "Mozilla/5.0 (Linux; Android 5.1.1; Nexus 6 Build/LMY48I; wv) AppleWebKit/537.36 (KHTML\\x2c like Gecko) Version/4.0 Chrome/44.0.2403.117 Mobile Safari/537.36", 
            "X-REQUESTED-WITH": "com.imangi.templerun2"
        }, 
        "host": "com.imangi.s3-website-us-east-1.amazonaws.com", 
        "is_host_ip": 0, 
        "label": 0, 
        "md5": null, 
        "method": "GET", 
        "package_name": "com.imangi.templerun2", 
        "pii_types": null, 
        "platform": "android", 
        "post_body": "-", 
        "referrer": "http://com.imangi.s3-website-us-east-1.amazonaws.com/android/privacy.html", 
        "src_ip": "10.11.2.3", 
        "src_port": "34756", 
        "tk_flag": 1, 
        "ts": "1441729557.060401", 
        "uri": "/favicon.ico", 
        "user_agent": "Mozilla/5.0 (Linux; Android 5.1.1; Nexus 6 Build/LMY48I; wv) AppleWebKit/537.36 (KHTML, like Gecko) Version/4.0 Chrome/44.0.2403.117 Mobile Safari/537.36"
    }, 
    "1441729566.532052,C1FE8u42BOj1LUlqGg": {
        "domain": "vungle.com", 
        "dst_ip": "54.225.202.75", 
        "dst_port": "80", 
        "headers": {
            "ACCEPT-ENCODING": "gzip", 
            "CONNECTION": "Keep-Alive", 
            "CONTENT-LENGTH": "123", 
            "CONTENT-TYPE": "application/json", 
            "HOST": "api.vungle.com", 
            "USER-AGENT": "VungleDroid/3.3.0", 
            "X-VUNGLE-BUNDLE-ID": "com.imangi.templerun2", 
            "X-VUNGLE-LANGUAGE": "eng", 
            "X-VUNGLE-TIMEZONE": "Europe/Helsinki"
        }, 
        "host": "api.vungle.com", 
        "is_host_ip": 0, 
        "label": 1, 
        "md5": null, 
        "method": "POST", 
        "package_name": "com.imangi.templerun2", 
        "pii_types": [
            "AdvertiserId"
        ], 
        "platform": "android", 
        "post_body": "{\"ifa\":\"RECON_AdvertiserId_81e510961dea4b818f9f042cc780630e\",\"pubAppId\":\"com.imangi.templerun2\",\"start\":1441729524446,\"end\":1441729553138}", 
        "referrer": "-", 
        "src_ip": "10.11.2.3", 
        "src_port": "50591", 
        "tk_flag": 0, 
        "ts": "1441729566.532052", 
        "uri": "/api/v1/sessionEnd", 
        "user_agent": "VungleDroid/3.3.0"
    }, 
    "1441729587.865606,C89tdm3j5mZj6DNKm": {
        "domain": "vungle.com", 
        "dst_ip": "54.243.80.154", 
        "dst_port": "80", 
        "headers": {
            "ACCEPT-ENCODING": "gzip", 
            "CONNECTION": "Keep-Alive", 
            "CONTENT-LENGTH": "103", 
            "CONTENT-TYPE": "application/json", 
            "HOST": "api.vungle.com", 
            "USER-AGENT": "VungleDroid/3.3.0", 
            "X-VUNGLE-BUNDLE-ID": "com.imangi.templerun2", 
            "X-VUNGLE-LANGUAGE": "eng", 
            "X-VUNGLE-TIMEZONE": "Europe/Helsinki"
        }, 
        "host": "api.vungle.com", 
        "is_host_ip": 0, 
        "label": 1, 
        "md5": null, 
        "method": "POST", 
        "package_name": "com.imangi.templerun2", 
        "pii_types": [
            "AdvertiserId"
        ], 
        "platform": "android", 
        "post_body": "{\"ifa\":\"RECON_AdvertiserId_ed9abec0d52c4b0fa08cc9f24c8cbd15\",\"pubAppId\":\"com.imangi.templerun2\",\"start\":1441729584368}", 
        "referrer": "-", 
        "src_ip": "10.11.2.3", 
        "src_port": "33365", 
        "tk_flag": 0, 
        "ts": "1441729587.865606", 
        "uri": "/api/v1/sessionStart", 
        "user_agent": "VungleDroid/3.3.0"
    }, 
    "1441729619.872786,C33gLj2jYhGeOtQ3Fh": {
        "domain": "amzn.to", 
        "dst_ip": "69.58.188.49", 
        "dst_port": "80", 
        "headers": {
            "ACCEPT": "text/html\\x2capplication/xhtml+xml\\x2capplication/xml;q=0.9\\x2cimage/webp\\x2c*/*;q=0.8", 
            "ACCEPT-ENCODING": "gzip\\x2c deflate", 
            "ACCEPT-LANGUAGE": "en-US", 
            "CONNECTION": "keep-alive", 
            "HOST": "amzn.to", 
            "UPGRADE-INSECURE-REQUESTS": "1", 
            "USER-AGENT": "Mozilla/5.0 (Linux; Android 5.1.1; Nexus 6 Build/LMY48I; wv) AppleWebKit/537.36 (KHTML\\x2c like Gecko) Version/4.0 Chrome/44.0.2403.117 Mobile Safari/537.36", 
            "X-REQUESTED-WITH": "com.imangi.templerun2"
        }, 
        "host": "amzn.to", 
        "is_host_ip": 0, 
        "label": 0, 
        "md5": null, 
        "method": "GET", 
        "package_name": "com.imangi.templerun2", 
        "pii_types": null, 
        "platform": "android", 
        "post_body": "-", 
        "referrer": "-", 
        "src_ip": "10.11.2.3", 
        "src_port": "42561", 
        "tk_flag": 0, 
        "ts": "1441729619.872786", 
        "uri": "/1i97XKU", 
        "user_agent": "Mozilla/5.0 (Linux; Android 5.1.1; Nexus 6 Build/LMY48I; wv) AppleWebKit/537.36 (KHTML, like Gecko) Version/4.0 Chrome/44.0.2403.117 Mobile Safari/537.36"
    }, 
    "1441729620.260870,CFbcZo1y2421EUIbXl": {
        "domain": "amazon.com", 
        "dst_ip": "205.251.242.54", 
        "dst_port": "80", 
        "headers": {
            "ACCEPT": "text/html\\x2capplication/xhtml+xml\\x2capplication/xml;q=0.9\\x2cimage/webp\\x2c*/*;q=0.8", 
            "ACCEPT-ENCODING": "gzip\\x2c deflate", 
            "ACCEPT-LANGUAGE": "en-US", 
            "CONNECTION": "keep-alive", 
            "HOST": "www.amazon.com", 
            "UPGRADE-INSECURE-REQUESTS": "1", 
            "USER-AGENT": "Mozilla/5.0 (Linux; Android 5.1.1; Nexus 6 Build/LMY48I; wv) AppleWebKit/537.36 (KHTML\\x2c like Gecko) Version/4.0 Chrome/44.0.2403.117 Mobile Safari/537.36", 
            "X-REQUESTED-WITH": "com.imangi.templerun2"
        }, 
        "host": "www.amazon.com", 
        "is_host_ip": 0, 
        "label": 0, 
        "md5": null, 
        "method": "GET", 
        "package_name": "com.imangi.templerun2", 
        "pii_types": null, 
        "platform": "android", 
        "post_body": "-", 
        "referrer": "-", 
        "src_ip": "10.11.2.3", 
        "src_port": "51904", 
        "tk_flag": 1, 
        "ts": "1441729620.260870", 
        "uri": "/b/?node=8141732011&ref=store", 
        "user_agent": "Mozilla/5.0 (Linux; Android 5.1.1; Nexus 6 Build/LMY48I; wv) AppleWebKit/537.36 (KHTML, like Gecko) Version/4.0 Chrome/44.0.2403.117 Mobile Safari/537.36"
    }, 
    "1441729620.874301,Czs4So3TWJTGeGnYW4": {
        "domain": "fls-na.amazon.com", 
        "dst_ip": "54.239.22.213", 
        "dst_port": "80", 
        "headers": {
            "ACCEPT": "image/webp\\x2c*/*;q=0.8", 
            "ACCEPT-ENCODING": "gzip\\x2c deflate", 
            "ACCEPT-LANGUAGE": "en-US", 
            "CONNECTION": "keep-alive", 
            "COOKIE": "session-id=182-7407461-8001234; session-id-time=2072449617l", 
            "HOST": "fls-na.amazon.com", 
            "REFERER": "http://www.amazon.com/b/?node=8141732011&ref=store", 
            "USER-AGENT": "Mozilla/5.0 (Linux; Android 5.1.1; Nexus 6 Build/LMY48I; wv) AppleWebKit/537.36 (KHTML\\x2c like Gecko) Version/4.0 Chrome/44.0.2403.117 Mobile Safari/537.36", 
            "X-REQUESTED-WITH": "com.imangi.templerun2"
        }, 
        "host": "fls-na.amazon.com", 
        "is_host_ip": 0, 
        "label": 0, 
        "md5": null, 
        "method": "GET", 
        "package_name": "com.imangi.templerun2", 
        "pii_types": null, 
        "platform": "android", 
        "post_body": "-", 
        "referrer": "http://www.amazon.com/b/?node=8141732011&ref=store", 
        "src_ip": "10.11.2.3", 
        "src_port": "44511", 
        "tk_flag": 1, 
        "ts": "1441729620.874301", 
        "uri": "/1/batch/1/OP/ATVPDKIKX0DER:182-7407461-8001234:002G9FJJ9TB6TP5M8F1S$uedata=s:/mn/search/uedata/182-7407461-8001234?staticb&id=002G9FJJ9TB6TP5M8F1S:0", 
        "user_agent": "Mozilla/5.0 (Linux; Android 5.1.1; Nexus 6 Build/LMY48I; wv) AppleWebKit/537.36 (KHTML, like Gecko) Version/4.0 Chrome/44.0.2403.117 Mobile Safari/537.36"
    }, 
    "1441729620.875057,COQ53A4zwzEinzUKg6": {
        "domain": "images-amazon.com", 
        "dst_ip": "23.62.6.49", 
        "dst_port": "80", 
        "headers": {
            "ACCEPT": "text/css\\x2c*/*;q=0.1", 
            "ACCEPT-ENCODING": "gzip\\x2c deflate", 
            "ACCEPT-LANGUAGE": "en-US", 
            "CONNECTION": "keep-alive", 
            "HOST": "z-ecx.images-amazon.com", 
            "REFERER": "http://www.amazon.com/b/?node=8141732011&ref=store", 
            "USER-AGENT": "Mozilla/5.0 (Linux; Android 5.1.1; Nexus 6 Build/LMY48I; wv) AppleWebKit/537.36 (KHTML\\x2c like Gecko) Version/4.0 Chrome/44.0.2403.117 Mobile Safari/537.36", 
            "X-REQUESTED-WITH": "com.imangi.templerun2"
        }, 
        "host": "z-ecx.images-amazon.com", 
        "is_host_ip": 0, 
        "label": 0, 
        "md5": null, 
        "method": "GET", 
        "package_name": "com.imangi.templerun2", 
        "pii_types": null, 
        "platform": "android", 
        "post_body": "-", 
        "referrer": "http://www.amazon.com/b/?node=8141732011&ref=store", 
        "src_ip": "10.11.2.3", 
        "src_port": "37977", 
        "tk_flag": 1, 
        "ts": "1441729620.875057", 
        "uri": "/images/G/01/AUIClients/AmazonUI-8dc23dd56bb7b480a3219de8fbf2a7bdd6f3b2ee._V2_.css", 
        "user_agent": "Mozilla/5.0 (Linux; Android 5.1.1; Nexus 6 Build/LMY48I; wv) AppleWebKit/537.36 (KHTML, like Gecko) Version/4.0 Chrome/44.0.2403.117 Mobile Safari/537.36"
    }, 
    "1441729621.018038,Czs4So3TWJTGeGnYW4": {
        "domain": "fls-na.amazon.com", 
        "dst_ip": "54.239.22.213", 
        "dst_port": "80", 
        "headers": {
            "ACCEPT": "image/webp\\x2c*/*;q=0.8", 
            "ACCEPT-ENCODING": "gzip\\x2c deflate", 
            "ACCEPT-LANGUAGE": "en-US", 
            "CONNECTION": "keep-alive", 
            "COOKIE": "session-id=182-7407461-8001234; session-id-time=2072449617l", 
            "HOST": "fls-na.amazon.com", 
            "REFERER": "http://www.amazon.com/b/?node=8141732011&ref=store", 
            "USER-AGENT": "Mozilla/5.0 (Linux; Android 5.1.1; Nexus 6 Build/LMY48I; wv) AppleWebKit/537.36 (KHTML\\x2c like Gecko) Version/4.0 Chrome/44.0.2403.117 Mobile Safari/537.36", 
            "X-REQUESTED-WITH": "com.imangi.templerun2"
        }, 
        "host": "fls-na.amazon.com", 
        "is_host_ip": 0, 
        "label": 0, 
        "md5": null, 
        "method": "GET", 
        "package_name": "com.imangi.templerun2", 
        "pii_types": null, 
        "platform": "android", 
        "post_body": "-", 
        "referrer": "http://www.amazon.com/b/?node=8141732011&ref=store", 
        "src_ip": "10.11.2.3", 
        "src_port": "44511", 
        "tk_flag": 1, 
        "ts": "1441729621.018038", 
        "uri": "/1/batch/1/OP/ATVPDKIKX0DER:182-7407461-8001234:002G9FJJ9TB6TP5M8F1S$uedata=s:/mn/search/uedata/182-7407461-8001234?noscript&id=002G9FJJ9TB6TP5M8F1S:0", 
        "user_agent": "Mozilla/5.0 (Linux; Android 5.1.1; Nexus 6 Build/LMY48I; wv) AppleWebKit/537.36 (KHTML, like Gecko) Version/4.0 Chrome/44.0.2403.117 Mobile Safari/537.36"
    }, 
    "1441729621.387370,CGcB4h9GMASP2LMcc": {
        "domain": "images-amazon.com", 
        "dst_ip": "54.192.194.76", 
        "dst_port": "80", 
        "headers": {
            "ACCEPT": "image/webp\\x2c*/*;q=0.8", 
            "ACCEPT-ENCODING": "gzip\\x2c deflate", 
            "ACCEPT-LANGUAGE": "en-US", 
            "CONNECTION": "keep-alive", 
            "HOST": "g-ecx.images-amazon.com", 
            "REFERER": "http://www.amazon.com/b/?node=8141732011&ref=store", 
            "USER-AGENT": "Mozilla/5.0 (Linux; Android 5.1.1; Nexus 6 Build/LMY48I; wv) AppleWebKit/537.36 (KHTML\\x2c like Gecko) Version/4.0 Chrome/44.0.2403.117 Mobile Safari/537.36", 
            "X-REQUESTED-WITH": "com.imangi.templerun2"
        }, 
        "host": "g-ecx.images-amazon.com", 
        "is_host_ip": 0, 
        "label": 0, 
        "md5": null, 
        "method": "GET", 
        "package_name": "com.imangi.templerun2", 
        "pii_types": null, 
        "platform": "android", 
        "post_body": "-", 
        "referrer": "http://www.amazon.com/b/?node=8141732011&ref=store", 
        "src_ip": "10.11.2.3", 
        "src_port": "56048", 
        "tk_flag": 1, 
        "ts": "1441729621.387370", 
        "uri": "/images/G/01/x-locale/common/transparent-pixel._CB386942464_.gif", 
        "user_agent": "Mozilla/5.0 (Linux; Android 5.1.1; Nexus 6 Build/LMY48I; wv) AppleWebKit/537.36 (KHTML, like Gecko) Version/4.0 Chrome/44.0.2403.117 Mobile Safari/537.36"
    }, 
    "1441729621.387694,CPeBbq1rhVVFgwq1Rl": {
        "domain": "images-amazon.com", 
        "dst_ip": "54.192.194.76", 
        "dst_port": "80", 
        "headers": {
            "ACCEPT": "image/webp\\x2c*/*;q=0.8", 
            "ACCEPT-ENCODING": "gzip\\x2c deflate", 
            "ACCEPT-LANGUAGE": "en-US", 
            "CONNECTION": "keep-alive", 
            "HOST": "g-ecx.images-amazon.com", 
            "REFERER": "http://z-ecx.images-amazon.com/images/G/01/AUIClients/AmazonUI-8dc23dd56bb7b480a3219de8fbf2a7bdd6f3b2ee._V2_.css", 
            "USER-AGENT": "Mozilla/5.0 (Linux; Android 5.1.1; Nexus 6 Build/LMY48I; wv) AppleWebKit/537.36 (KHTML\\x2c like Gecko) Version/4.0 Chrome/44.0.2403.117 Mobile Safari/537.36", 
            "X-REQUESTED-WITH": "com.imangi.templerun2"
        }, 
        "host": "g-ecx.images-amazon.com", 
        "is_host_ip": 0, 
        "label": 0, 
        "md5": null, 
        "method": "GET", 
        "package_name": "com.imangi.templerun2", 
        "pii_types": null, 
        "platform": "android", 
        "post_body": "-", 
        "referrer": "http://z-ecx.images-amazon.com/images/G/01/AUIClients/AmazonUI-8dc23dd56bb7b480a3219de8fbf2a7bdd6f3b2ee._V2_.css", 
        "src_ip": "10.11.2.3", 
        "src_port": "56049", 
        "tk_flag": 1, 
        "ts": "1441729621.387694", 
        "uri": "/images/G/01/AUIClients/AmazonUIBaseCSS-sprite_1x-d8065a46f85a138c33afba7d2eb61649e3de663e._V2_.png", 
        "user_agent": "Mozilla/5.0 (Linux; Android 5.1.1; Nexus 6 Build/LMY48I; wv) AppleWebKit/537.36 (KHTML, like Gecko) Version/4.0 Chrome/44.0.2403.117 Mobile Safari/537.36"
    }, 
    "1441729621.393195,C6Twi71OKqWHWuW501": {
        "domain": "images-amazon.com", 
        "dst_ip": "54.192.193.41", 
        "dst_port": "80", 
        "headers": {
            "ACCEPT": "image/webp\\x2c*/*;q=0.8", 
            "ACCEPT-ENCODING": "gzip\\x2c deflate", 
            "ACCEPT-LANGUAGE": "en-US", 
            "CONNECTION": "keep-alive", 
            "HOST": "ecx.images-amazon.com", 
            "REFERER": "http://www.amazon.com/b/?node=8141732011&ref=store", 
            "USER-AGENT": "Mozilla/5.0 (Linux; Android 5.1.1; Nexus 6 Build/LMY48I; wv) AppleWebKit/537.36 (KHTML\\x2c like Gecko) Version/4.0 Chrome/44.0.2403.117 Mobile Safari/537.36", 
            "X-REQUESTED-WITH": "com.imangi.templerun2"
        }, 
        "host": "ecx.images-amazon.com", 
        "is_host_ip": 0, 
        "label": 0, 
        "md5": null, 
        "method": "GET", 
        "package_name": "com.imangi.templerun2", 
        "pii_types": null, 
        "platform": "android", 
        "post_body": "-", 
        "referrer": "http://www.amazon.com/b/?node=8141732011&ref=store", 
        "src_ip": "10.11.2.3", 
        "src_port": "53544", 
        "tk_flag": 1, 
        "ts": "1441729621.393195", 
        "uri": "/images/I/41Zaqy1VP7L._AC_SX110_SY165_QL70_.jpg", 
        "user_agent": "Mozilla/5.0 (Linux; Android 5.1.1; Nexus 6 Build/LMY48I; wv) AppleWebKit/537.36 (KHTML, like Gecko) Version/4.0 Chrome/44.0.2403.117 Mobile Safari/537.36"
    }, 
    "1441729621.393341,CwGBhF3EPlBYuluVya": {
        "domain": "images-amazon.com", 
        "dst_ip": "54.192.193.41", 
        "dst_port": "80", 
        "headers": {
            "ACCEPT": "image/webp\\x2c*/*;q=0.8", 
            "ACCEPT-ENCODING": "gzip\\x2c deflate", 
            "ACCEPT-LANGUAGE": "en-US", 
            "CONNECTION": "keep-alive", 
            "HOST": "ecx.images-amazon.com", 
            "REFERER": "http://www.amazon.com/b/?node=8141732011&ref=store", 
            "USER-AGENT": "Mozilla/5.0 (Linux; Android 5.1.1; Nexus 6 Build/LMY48I; wv) AppleWebKit/537.36 (KHTML\\x2c like Gecko) Version/4.0 Chrome/44.0.2403.117 Mobile Safari/537.36", 
            "X-REQUESTED-WITH": "com.imangi.templerun2"
        }, 
        "host": "ecx.images-amazon.com", 
        "is_host_ip": 0, 
        "label": 0, 
        "md5": null, 
        "method": "GET", 
        "package_name": "com.imangi.templerun2", 
        "pii_types": null, 
        "platform": "android", 
        "post_body": "-", 
        "referrer": "http://www.amazon.com/b/?node=8141732011&ref=store", 
        "src_ip": "10.11.2.3", 
        "src_port": "53545", 
        "tk_flag": 1, 
        "ts": "1441729621.393341", 
        "uri": "/images/I/418ckQJZjFL._AC_SX110_SY165_QL70_.jpg", 
        "user_agent": "Mozilla/5.0 (Linux; Android 5.1.1; Nexus 6 Build/LMY48I; wv) AppleWebKit/537.36 (KHTML, like Gecko) Version/4.0 Chrome/44.0.2403.117 Mobile Safari/537.36"
    }, 
    "1441729621.393351,CnG0yn3pBje6Kb2hUd": {
        "domain": "images-amazon.com", 
        "dst_ip": "54.192.193.41", 
        "dst_port": "80", 
        "headers": {
            "ACCEPT": "image/webp\\x2c*/*;q=0.8", 
            "ACCEPT-ENCODING": "gzip\\x2c deflate", 
            "ACCEPT-LANGUAGE": "en-US", 
            "CONNECTION": "keep-alive", 
            "HOST": "ecx.images-amazon.com", 
            "REFERER": "http://www.amazon.com/b/?node=8141732011&ref=store", 
            "USER-AGENT": "Mozilla/5.0 (Linux; Android 5.1.1; Nexus 6 Build/LMY48I; wv) AppleWebKit/537.36 (KHTML\\x2c like Gecko) Version/4.0 Chrome/44.0.2403.117 Mobile Safari/537.36", 
            "X-REQUESTED-WITH": "com.imangi.templerun2"
        }, 
        "host": "ecx.images-amazon.com", 
        "is_host_ip": 0, 
        "label": 0, 
        "md5": null, 
        "method": "GET", 
        "package_name": "com.imangi.templerun2", 
        "pii_types": null, 
        "platform": "android", 
        "post_body": "-", 
        "referrer": "http://www.amazon.com/b/?node=8141732011&ref=store", 
        "src_ip": "10.11.2.3", 
        "src_port": "53546", 
        "tk_flag": 1, 
        "ts": "1441729621.393351", 
        "uri": "/images/I/41WfJSwY48L._AC_SX110_SY165_QL70_.jpg", 
        "user_agent": "Mozilla/5.0 (Linux; Android 5.1.1; Nexus 6 Build/LMY48I; wv) AppleWebKit/537.36 (KHTML, like Gecko) Version/4.0 Chrome/44.0.2403.117 Mobile Safari/537.36"
    }, 
    "1441729621.393973,CuFuON1X2PzdimWsYh": {
        "domain": "images-amazon.com", 
        "dst_ip": "54.192.193.41", 
        "dst_port": "80", 
        "headers": {
            "ACCEPT": "image/webp\\x2c*/*;q=0.8", 
            "ACCEPT-ENCODING": "gzip\\x2c deflate", 
            "ACCEPT-LANGUAGE": "en-US", 
            "CONNECTION": "keep-alive", 
            "HOST": "ecx.images-amazon.com", 
            "REFERER": "http://www.amazon.com/b/?node=8141732011&ref=store", 
            "USER-AGENT": "Mozilla/5.0 (Linux; Android 5.1.1; Nexus 6 Build/LMY48I; wv) AppleWebKit/537.36 (KHTML\\x2c like Gecko) Version/4.0 Chrome/44.0.2403.117 Mobile Safari/537.36", 
            "X-REQUESTED-WITH": "com.imangi.templerun2"
        }, 
        "host": "ecx.images-amazon.com", 
        "is_host_ip": 0, 
        "label": 0, 
        "md5": null, 
        "method": "GET", 
        "package_name": "com.imangi.templerun2", 
        "pii_types": null, 
        "platform": "android", 
        "post_body": "-", 
        "referrer": "http://www.amazon.com/b/?node=8141732011&ref=store", 
        "src_ip": "10.11.2.3", 
        "src_port": "53547", 
        "tk_flag": 1, 
        "ts": "1441729621.393973", 
        "uri": "/images/I/41X+t85fkZL._AC_SX110_SY165_QL70_.jpg", 
        "user_agent": "Mozilla/5.0 (Linux; Android 5.1.1; Nexus 6 Build/LMY48I; wv) AppleWebKit/537.36 (KHTML, like Gecko) Version/4.0 Chrome/44.0.2403.117 Mobile Safari/537.36"
    }, 
    "1441729621.862906,CFbcZo1y2421EUIbXl": {
        "domain": "amazon.com", 
        "dst_ip": "205.251.242.54", 
        "dst_port": "80", 
        "headers": {
            "ACCEPT": "*/*", 
            "ACCEPT-ENCODING": "gzip\\x2c deflate", 
            "ACCEPT-LANGUAGE": "en-US", 
            "CONNECTION": "keep-alive", 
            "COOKIE": "session-id=182-7407461-8001234; session-id-time=2072449617l", 
            "HOST": "www.amazon.com", 
            "REFERER": "http://www.amazon.com/b/?node=8141732011&ref=store", 
            "USER-AGENT": "Mozilla/5.0 (Linux; Android 5.1.1; Nexus 6 Build/LMY48I; wv) AppleWebKit/537.36 (KHTML\\x2c like Gecko) Version/4.0 Chrome/44.0.2403.117 Mobile Safari/537.36", 
            "X-REQUESTED-WITH": "com.imangi.templerun2"
        }, 
        "host": "www.amazon.com", 
        "is_host_ip": 0, 
        "label": 0, 
        "md5": null, 
        "method": "GET", 
        "package_name": "com.imangi.templerun2", 
        "pii_types": null, 
        "platform": "android", 
        "post_body": "-", 
        "referrer": "http://www.amazon.com/b/?node=8141732011&ref=store", 
        "src_ip": "10.11.2.3", 
        "src_port": "51904", 
        "tk_flag": 1, 
        "ts": "1441729621.862906", 
        "uri": "/favicon.ico", 
        "user_agent": "Mozilla/5.0 (Linux; Android 5.1.1; Nexus 6 Build/LMY48I; wv) AppleWebKit/537.36 (KHTML, like Gecko) Version/4.0 Chrome/44.0.2403.117 Mobile Safari/537.36"
    }
}
