{
    "1441737075.899459,CFIpOQXrEoMINHNg": {
        "domain": "perfectionholic.com", 
        "dst_ip": "184.73.242.57", 
        "dst_port": "80", 
        "headers": {
            "CONNECTION": "Keep-Alive", 
            "CONTENT-LENGTH": "0", 
            "CONTENT-TYPE": "application/x-www-form-urlencoded", 
            "HOST": "newfeatureview.perfectionholic.com"
        }, 
        "host": "newfeatureview.perfectionholic.com", 
        "is_host_ip": 0, 
        "label": 0, 
        "md5": null, 
        "method": "POST", 
        "package_name": "com.Avalon.amazingrun", 
        "pii_types": null, 
        "platform": "android", 
        "post_body": "-", 
        "referrer": "-", 
        "src_ip": "10.11.2.3", 
        "src_port": "51118", 
        "tk_flag": 0, 
        "ts": "1441737075.899459", 
        "uri": "/featureview/gettime/", 
        "user_agent": "-"
    }, 
    "1441737075.899856,C4IkJX1MMoyP4YT4": {
        "domain": "perfectionholic.com", 
        "dst_ip": "184.73.242.57", 
        "dst_port": "80", 
        "headers": {
            "CONNECTION": "Keep-Alive", 
            "CONTENT-LENGTH": "0", 
            "CONTENT-TYPE": "application/x-www-form-urlencoded", 
            "HOST": "newfeatureview.perfectionholic.com"
        }, 
        "host": "newfeatureview.perfectionholic.com", 
        "is_host_ip": 0, 
        "label": 0, 
        "md5": null, 
        "method": "POST", 
        "package_name": "com.Avalon.amazingrun", 
        "pii_types": null, 
        "platform": "android", 
        "post_body": "-", 
        "referrer": "-", 
        "src_ip": "10.11.2.3", 
        "src_port": "39551", 
        "tk_flag": 0, 
        "ts": "1441737075.899856", 
        "uri": "/featureview/getfeatureview/", 
        "user_agent": "-"
    }, 
    "1441737076.405782,CSP1Vwapo7la7Mdej": {
        "domain": "doodlemobile.com", 
        "dst_ip": "23.23.91.80", 
        "dst_port": "80", 
        "headers": {
            "CONNECTION": "Keep-Alive", 
            "CONTENT-LENGTH": "128", 
            "CONTENT-TYPE": "application/x-www-form-urlencoded", 
            "HOST": "f2.doodlemobile.com"
        }, 
        "host": "f2.doodlemobile.com", 
        "is_host_ip": 0, 
        "label": 1, 
        "md5": null, 
        "method": "POST", 
        "package_name": "com.Avalon.amazingrun", 
        "pii_types": [
            "AdvertiserId"
        ], 
        "platform": "android", 
        "post_body": "clicked=0&deviceId=RECON_AdvertiserId_4a85ef37d92649edb8eb37825769a3e4&language=en&locale=US&sysversion=22&installedGames=com.Avalon.amazingrun", 
        "referrer": "-", 
        "src_ip": "10.11.2.3", 
        "src_port": "41636", 
        "tk_flag": 0, 
        "ts": "1441737076.405782", 
        "uri": "/feature_server/fullScreen/get.php", 
        "user_agent": "-"
    }, 
    "1441737076.420548,CfBaGb2WM4IqgzmBq2": {
        "domain": "d239g0z67jcted.cloudfront.net", 
        "dst_ip": "54.230.195.80", 
        "dst_port": "80", 
        "headers": {
            "CONNECTION": "Keep-Alive", 
            "HOST": "d239g0z67jcted.cloudfront.net", 
            "USER-AGENT": "Apache-HttpClient/UNAVAILABLE (java 1.4)"
        }, 
        "host": "d239g0z67jcted.cloudfront.net", 
        "is_host_ip": 0, 
        "label": 0, 
        "md5": null, 
        "method": "GET", 
        "package_name": "com.Avalon.amazingrun", 
        "pii_types": null, 
        "platform": "android", 
        "post_body": "-", 
        "referrer": "-", 
        "src_ip": "10.11.2.3", 
        "src_port": "50287", 
        "tk_flag": 0, 
        "ts": "1441737076.420548", 
        "uri": "/icons/icon_WildHunter3D.png", 
        "user_agent": "Apache-HttpClient/UNAVAILABLE (java 1.4)"
    }, 
    "1441737076.439965,CRjcij3p0caIsLTEha": {
        "domain": "doodlemobile.com", 
        "dst_ip": "23.23.91.80", 
        "dst_port": "80", 
        "headers": {
            "CONNECTION": "Keep-Alive", 
            "CONTENT-LENGTH": "0", 
            "CONTENT-TYPE": "application/x-www-form-urlencoded", 
            "HOST": "f2.doodlemobile.com"
        }, 
        "host": "f2.doodlemobile.com", 
        "is_host_ip": 0, 
        "label": 0, 
        "md5": null, 
        "method": "POST", 
        "package_name": "com.Avalon.amazingrun", 
        "pii_types": null, 
        "platform": "android", 
        "post_body": "-", 
        "referrer": "-", 
        "src_ip": "10.11.2.3", 
        "src_port": "55898", 
        "tk_flag": 0, 
        "ts": "1441737076.439965", 
        "uri": "/feature_server/geo-ip/test.php", 
        "user_agent": "-"
    }, 
    "1441737076.675261,C9vZ1D1nR7t814Nnod": {
        "domain": "d239g0z67jcted.cloudfront.net", 
        "dst_ip": "54.230.195.80", 
        "dst_port": "80", 
        "headers": {
            "CONNECTION": "Keep-Alive", 
            "HOST": "d239g0z67jcted.cloudfront.net", 
            "USER-AGENT": "Apache-HttpClient/UNAVAILABLE (java 1.4)"
        }, 
        "host": "d239g0z67jcted.cloudfront.net", 
        "is_host_ip": 0, 
        "label": 0, 
        "md5": null, 
        "method": "GET", 
        "package_name": "com.Avalon.amazingrun", 
        "pii_types": null, 
        "platform": "android", 
        "post_body": "-", 
        "referrer": "-", 
        "src_ip": "10.11.2.3", 
        "src_port": "43041", 
        "tk_flag": 0, 
        "ts": "1441737076.675261", 
        "uri": "/featurescreen/WildHunter3D_l.jpg", 
        "user_agent": "Apache-HttpClient/UNAVAILABLE (java 1.4)"
    }, 
    "1441737077.207339,C4IkJX1MMoyP4YT4": {
        "domain": "perfectionholic.com", 
        "dst_ip": "184.73.242.57", 
        "dst_port": "80", 
        "headers": {
            "CONNECTION": "Keep-Alive", 
            "CONTENT-LENGTH": "0", 
            "CONTENT-TYPE": "application/x-www-form-urlencoded", 
            "HOST": "newfeatureview.perfectionholic.com"
        }, 
        "host": "newfeatureview.perfectionholic.com", 
        "is_host_ip": 0, 
        "label": 0, 
        "md5": null, 
        "method": "POST", 
        "package_name": "com.Avalon.amazingrun", 
        "pii_types": null, 
        "platform": "android", 
        "post_body": "-", 
        "referrer": "-", 
        "src_ip": "10.11.2.3", 
        "src_port": "39551", 
        "tk_flag": 0, 
        "ts": "1441737077.207339", 
        "uri": "/featureview/gettime/", 
        "user_agent": "-"
    }, 
    "1441737084.042637,C4IkJX1MMoyP4YT4": {
        "domain": "perfectionholic.com", 
        "dst_ip": "184.73.242.57", 
        "dst_port": "80", 
        "headers": {
            "CONNECTION": "Keep-Alive", 
            "CONTENT-LENGTH": "0", 
            "CONTENT-TYPE": "application/x-www-form-urlencoded", 
            "HOST": "newfeatureview.perfectionholic.com"
        }, 
        "host": "newfeatureview.perfectionholic.com", 
        "is_host_ip": 0, 
        "label": 0, 
        "md5": null, 
        "method": "POST", 
        "package_name": "com.Avalon.amazingrun", 
        "pii_types": null, 
        "platform": "android", 
        "post_body": "-", 
        "referrer": "-", 
        "src_ip": "10.11.2.3", 
        "src_port": "39551", 
        "tk_flag": 0, 
        "ts": "1441737084.042637", 
        "uri": "/featureview/gettime/", 
        "user_agent": "-"
    }, 
    "1441737316.298327,Cmiayc3LAVNVrVDLq9": {
        "domain": "doodlemobile.com", 
        "dst_ip": "50.18.170.82", 
        "dst_port": "8080", 
        "headers": {
            "ACCEPT-ENCODING": "gzip", 
            "CONNECTION": "Keep-Alive", 
            "CONTENT-LENGTH": "889", 
            "CONTENT-TYPE": "application/x-www-form-urlencoded", 
            "HOST": "data2.doodlemobile.com:8080", 
            "USER-AGENT": "Dalvik/2.1.0 (Linux; U; Android 5.1.1; Nexus 6 Build/LMY48I)"
        }, 
        "host": "data2.doodlemobile.com", 
        "is_host_ip": 0, 
        "label": 1, 
        "md5": null, 
        "method": "POST", 
        "package_name": "com.Avalon.amazingrun", 
        "pii_types": [
            "AdvertiserId"
        ], 
        "platform": "android", 
        "post_body": "p=android&a=22FDF046CCA34002&m=2.3&d=RECON_AdvertiserId_2f7441c2b33b4006b4b25f8b1a067c5c&v=1.0.6&j=[{\"hb\":{\"g\":\"wifi\",\"id\":\"3abb9edd8331c44afc3492ad542f48c44bacbd\",\"a\":\"22FDF046CCA34002\",\"p\":\"android\",\"m\":\"2.3\",\"v\":\"1.0.6\",\"d\":\"RECON_AdvertiserId_2f7441c2b33b4006b4b25f8b1a067c5c\",\"dm\":\"null\",\"dv\":\"22\",\"hwdm\":\"null\",\"lg\":\"en\",\"lo\":\"US\",\"pn\":\"com.Avalon.amazingrun\"},\"ev\":[{\"ts\":1441736982440,\"g\":\"null\",\"id\":\"3abb9edd8331c44afc3492ad542f48c44bacbd\",\"el\":\"2\",\"ep\":\"com.julian.wildhunter\",\"en\":\"Appear\",\"ed\":\"FullScreen_Small_com.julian.wildhunter\",\"et\":\"1\",\"es\":\"0\"},{\"ts\":1441736991073,\"g\":\"wifi\",\"id\":\"3abb9edd8331c44afc3492ad542f48c44bacbd\",\"el\":\"2\",\"ep\":\"Wild+Hunter+3D\",\"en\":\"Appear\",\"ed\":\"featureview_Wild+Hunter+3D\",\"et\":\"1\",\"es\":\"0\"},{\"ts\":1441737078643,\"g\":\"wifi\",\"id\":\"3abb9edd8331c44afc3492ad542f48c44bacbd\",\"el\":\"2\",\"ep\":\"Wild+Hunter+3D\",\"en\":\"Appear\",\"ed\":\"featureview_Wild+Hunter+3D\",\"et\":\"1\",\"es\":\"0\"}]}]", 
        "referrer": "-", 
        "src_ip": "10.11.2.3", 
        "src_port": "38506", 
        "tk_flag": 0, 
        "ts": "1441737316.298327", 
        "uri": "/dmdata_zmm/ReceiveServlet", 
        "user_agent": "Dalvik/2.1.0 (Linux; U; Android 5.1.1; Nexus 6 Build/LMY48I)"
    }, 
    "1441737378.518247,CwdfK63LDCCYB9kma9": {
        "domain": "perfectionholic.com", 
        "dst_ip": "184.73.242.57", 
        "dst_port": "80", 
        "headers": {
            "CONNECTION": "Keep-Alive", 
            "CONTENT-LENGTH": "0", 
            "CONTENT-TYPE": "application/x-www-form-urlencoded", 
            "HOST": "newfeatureview.perfectionholic.com"
        }, 
        "host": "newfeatureview.perfectionholic.com", 
        "is_host_ip": 0, 
        "label": 0, 
        "md5": null, 
        "method": "POST", 
        "package_name": "com.Avalon.amazingrun", 
        "pii_types": null, 
        "platform": "android", 
        "post_body": "-", 
        "referrer": "-", 
        "src_ip": "10.11.2.3", 
        "src_port": "60743", 
        "tk_flag": 0, 
        "ts": "1441737378.518247", 
        "uri": "/featureview/gettime/", 
        "user_agent": "-"
    }, 
    "1441737383.555413,Chged2ipYsjj4INJg": {
        "domain": "perfectionholic.com", 
        "dst_ip": "107.20.139.138", 
        "dst_port": "8080", 
        "headers": {
            "ACCEPT": "text/html\\x2capplication/xhtml+xml\\x2capplication/xml;q=0.9\\x2cimage/webp\\x2c*/*;q=0.8", 
            "ACCEPT-ENCODING": "gzip\\x2c deflate", 
            "ACCEPT-LANGUAGE": "en-US", 
            "CONNECTION": "keep-alive", 
            "HOST": "featured.perfectionholic.com:8080", 
            "UPGRADE-INSECURE-REQUESTS": "1", 
            "USER-AGENT": "Mozilla/5.0 (Linux; Android 5.1.1; Nexus 6 Build/LMY48I; wv) AppleWebKit/537.36 (KHTML\\x2c like Gecko) Version/4.0 Chrome/44.0.2403.117 Mobile Safari/537.36", 
            "X-REQUESTED-WITH": "com.Avalon.amazingrun"
        }, 
        "host": "featured.perfectionholic.com", 
        "is_host_ip": 0, 
        "label": 0, 
        "md5": null, 
        "method": "GET", 
        "package_name": "com.Avalon.amazingrun", 
        "pii_types": null, 
        "platform": "android", 
        "post_body": "-", 
        "referrer": "-", 
        "src_ip": "10.11.2.3", 
        "src_port": "50662", 
        "tk_flag": 0, 
        "ts": "1441737383.555413", 
        "uri": "/moregames/index.html", 
        "user_agent": "Mozilla/5.0 (Linux; Android 5.1.1; Nexus 6 Build/LMY48I; wv) AppleWebKit/537.36 (KHTML, like Gecko) Version/4.0 Chrome/44.0.2403.117 Mobile Safari/537.36"
    }, 
    "1441737383.968107,CbMYKQwDO3ktSGg8l": {
        "domain": "google-analytics.com", 
        "dst_ip": "74.125.228.224", 
        "dst_port": "80", 
        "headers": {
            "ACCEPT": "*/*", 
            "ACCEPT-ENCODING": "gzip\\x2c deflate", 
            "ACCEPT-LANGUAGE": "en-US", 
            "CONNECTION": "keep-alive", 
            "HOST": "www.google-analytics.com", 
            "REFERER": "http://featured.perfectionholic.com:8080/moregames/index.html", 
            "USER-AGENT": "Mozilla/5.0 (Linux; Android 5.1.1; Nexus 6 Build/LMY48I; wv) AppleWebKit/537.36 (KHTML\\x2c like Gecko) Version/4.0 Chrome/44.0.2403.117 Mobile Safari/537.36", 
            "X-REQUESTED-WITH": "com.Avalon.amazingrun"
        }, 
        "host": "www.google-analytics.com", 
        "is_host_ip": 0, 
        "label": 0, 
        "md5": null, 
        "method": "GET", 
        "package_name": "com.Avalon.amazingrun", 
        "pii_types": null, 
        "platform": "android", 
        "post_body": "-", 
        "referrer": "http://featured.perfectionholic.com:8080/moregames/index.html", 
        "src_ip": "10.11.2.3", 
        "src_port": "37336", 
        "tk_flag": 1, 
        "ts": "1441737383.968107", 
        "uri": "/analytics.js", 
        "user_agent": "Mozilla/5.0 (Linux; Android 5.1.1; Nexus 6 Build/LMY48I; wv) AppleWebKit/537.36 (KHTML, like Gecko) Version/4.0 Chrome/44.0.2403.117 Mobile Safari/537.36"
    }, 
    "1441737383.981860,CT2YrJ1VKnBglYuaxd": {
        "domain": "d3jhh8va3kyqsf.cloudfront.net", 
        "dst_ip": "54.192.193.253", 
        "dst_port": "80", 
        "headers": {
            "ACCEPT": "image/webp\\x2c*/*;q=0.8", 
            "ACCEPT-ENCODING": "gzip\\x2c deflate", 
            "ACCEPT-LANGUAGE": "en-US", 
            "CONNECTION": "keep-alive", 
            "HOST": "d3jhh8va3kyqsf.cloudfront.net", 
            "REFERER": "http://featured.perfectionholic.com:8080/moregames/index.html", 
            "USER-AGENT": "Mozilla/5.0 (Linux; Android 5.1.1; Nexus 6 Build/LMY48I; wv) AppleWebKit/537.36 (KHTML\\x2c like Gecko) Version/4.0 Chrome/44.0.2403.117 Mobile Safari/537.36", 
            "X-REQUESTED-WITH": "com.Avalon.amazingrun"
        }, 
        "host": "d3jhh8va3kyqsf.cloudfront.net", 
        "is_host_ip": 0, 
        "label": 0, 
        "md5": null, 
        "method": "GET", 
        "package_name": "com.Avalon.amazingrun", 
        "pii_types": null, 
        "platform": "android", 
        "post_body": "-", 
        "referrer": "http://featured.perfectionholic.com:8080/moregames/index.html", 
        "src_ip": "10.11.2.3", 
        "src_port": "34980", 
        "tk_flag": 0, 
        "ts": "1441737383.981860", 
        "uri": "/moregames_files/icon_amazingrun.png", 
        "user_agent": "Mozilla/5.0 (Linux; Android 5.1.1; Nexus 6 Build/LMY48I; wv) AppleWebKit/537.36 (KHTML, like Gecko) Version/4.0 Chrome/44.0.2403.117 Mobile Safari/537.36"
    }, 
    "1441737383.982294,Co8WXv4aPV66ZvSgB4": {
        "domain": "d3jhh8va3kyqsf.cloudfront.net", 
        "dst_ip": "54.192.193.253", 
        "dst_port": "80", 
        "headers": {
            "ACCEPT": "image/webp\\x2c*/*;q=0.8", 
            "ACCEPT-ENCODING": "gzip\\x2c deflate", 
            "ACCEPT-LANGUAGE": "en-US", 
            "CONNECTION": "keep-alive", 
            "HOST": "d3jhh8va3kyqsf.cloudfront.net", 
            "REFERER": "http://featured.perfectionholic.com:8080/moregames/index.html", 
            "USER-AGENT": "Mozilla/5.0 (Linux; Android 5.1.1; Nexus 6 Build/LMY48I; wv) AppleWebKit/537.36 (KHTML\\x2c like Gecko) Version/4.0 Chrome/44.0.2403.117 Mobile Safari/537.36", 
            "X-REQUESTED-WITH": "com.Avalon.amazingrun"
        }, 
        "host": "d3jhh8va3kyqsf.cloudfront.net", 
        "is_host_ip": 0, 
        "label": 0, 
        "md5": null, 
        "method": "GET", 
        "package_name": "com.Avalon.amazingrun", 
        "pii_types": null, 
        "platform": "android", 
        "post_body": "-", 
        "referrer": "http://featured.perfectionholic.com:8080/moregames/index.html", 
        "src_ip": "10.11.2.3", 
        "src_port": "34982", 
        "tk_flag": 0, 
        "ts": "1441737383.982294", 
        "uri": "/moregames_files/icon_loseweight!.png", 
        "user_agent": "Mozilla/5.0 (Linux; Android 5.1.1; Nexus 6 Build/LMY48I; wv) AppleWebKit/537.36 (KHTML, like Gecko) Version/4.0 Chrome/44.0.2403.117 Mobile Safari/537.36"
    }, 
    "1441737383.982432,CMpDkYfaCrfBcjP48": {
        "domain": "d3jhh8va3kyqsf.cloudfront.net", 
        "dst_ip": "54.192.193.253", 
        "dst_port": "80", 
        "headers": {
            "ACCEPT": "image/webp\\x2c*/*;q=0.8", 
            "ACCEPT-ENCODING": "gzip\\x2c deflate", 
            "ACCEPT-LANGUAGE": "en-US", 
            "CONNECTION": "keep-alive", 
            "HOST": "d3jhh8va3kyqsf.cloudfront.net", 
            "REFERER": "http://featured.perfectionholic.com:8080/moregames/index.html", 
            "USER-AGENT": "Mozilla/5.0 (Linux; Android 5.1.1; Nexus 6 Build/LMY48I; wv) AppleWebKit/537.36 (KHTML\\x2c like Gecko) Version/4.0 Chrome/44.0.2403.117 Mobile Safari/537.36", 
            "X-REQUESTED-WITH": "com.Avalon.amazingrun"
        }, 
        "host": "d3jhh8va3kyqsf.cloudfront.net", 
        "is_host_ip": 0, 
        "label": 0, 
        "md5": null, 
        "method": "GET", 
        "package_name": "com.Avalon.amazingrun", 
        "pii_types": null, 
        "platform": "android", 
        "post_body": "-", 
        "referrer": "http://featured.perfectionholic.com:8080/moregames/index.html", 
        "src_ip": "10.11.2.3", 
        "src_port": "34981", 
        "tk_flag": 0, 
        "ts": "1441737383.982432", 
        "uri": "/moregames_files/icon_3dbowling.png", 
        "user_agent": "Mozilla/5.0 (Linux; Android 5.1.1; Nexus 6 Build/LMY48I; wv) AppleWebKit/537.36 (KHTML, like Gecko) Version/4.0 Chrome/44.0.2403.117 Mobile Safari/537.36"
    }, 
    "1441737383.982935,CMIegum3OtDmC4uGi": {
        "domain": "d3jhh8va3kyqsf.cloudfront.net", 
        "dst_ip": "54.192.193.253", 
        "dst_port": "80", 
        "headers": {
            "ACCEPT": "image/webp\\x2c*/*;q=0.8", 
            "ACCEPT-ENCODING": "gzip\\x2c deflate", 
            "ACCEPT-LANGUAGE": "en-US", 
            "CONNECTION": "keep-alive", 
            "HOST": "d3jhh8va3kyqsf.cloudfront.net", 
            "REFERER": "http://featured.perfectionholic.com:8080/moregames/index.html", 
            "USER-AGENT": "Mozilla/5.0 (Linux; Android 5.1.1; Nexus 6 Build/LMY48I; wv) AppleWebKit/537.36 (KHTML\\x2c like Gecko) Version/4.0 Chrome/44.0.2403.117 Mobile Safari/537.36", 
            "X-REQUESTED-WITH": "com.Avalon.amazingrun"
        }, 
        "host": "d3jhh8va3kyqsf.cloudfront.net", 
        "is_host_ip": 0, 
        "label": 0, 
        "md5": null, 
        "method": "GET", 
        "package_name": "com.Avalon.amazingrun", 
        "pii_types": null, 
        "platform": "android", 
        "post_body": "-", 
        "referrer": "http://featured.perfectionholic.com:8080/moregames/index.html", 
        "src_ip": "10.11.2.3", 
        "src_port": "34984", 
        "tk_flag": 0, 
        "ts": "1441737383.982935", 
        "uri": "/moregames_files/icon_modernsniper.png", 
        "user_agent": "Mozilla/5.0 (Linux; Android 5.1.1; Nexus 6 Build/LMY48I; wv) AppleWebKit/537.36 (KHTML, like Gecko) Version/4.0 Chrome/44.0.2403.117 Mobile Safari/537.36"
    }, 
    "1441737383.982964,CDPmt42O4O3SDNNNe2": {
        "domain": "d3jhh8va3kyqsf.cloudfront.net", 
        "dst_ip": "54.192.193.253", 
        "dst_port": "80", 
        "headers": {
            "ACCEPT": "image/webp\\x2c*/*;q=0.8", 
            "ACCEPT-ENCODING": "gzip\\x2c deflate", 
            "ACCEPT-LANGUAGE": "en-US", 
            "CONNECTION": "keep-alive", 
            "HOST": "d3jhh8va3kyqsf.cloudfront.net", 
            "REFERER": "http://featured.perfectionholic.com:8080/moregames/index.html", 
            "USER-AGENT": "Mozilla/5.0 (Linux; Android 5.1.1; Nexus 6 Build/LMY48I; wv) AppleWebKit/537.36 (KHTML\\x2c like Gecko) Version/4.0 Chrome/44.0.2403.117 Mobile Safari/537.36", 
            "X-REQUESTED-WITH": "com.Avalon.amazingrun"
        }, 
        "host": "d3jhh8va3kyqsf.cloudfront.net", 
        "is_host_ip": 0, 
        "label": 0, 
        "md5": null, 
        "method": "GET", 
        "package_name": "com.Avalon.amazingrun", 
        "pii_types": null, 
        "platform": "android", 
        "post_body": "-", 
        "referrer": "http://featured.perfectionholic.com:8080/moregames/index.html", 
        "src_ip": "10.11.2.3", 
        "src_port": "34985", 
        "tk_flag": 0, 
        "ts": "1441737383.982964", 
        "uri": "/moregames_files/icon_bikeracing3d.png", 
        "user_agent": "Mozilla/5.0 (Linux; Android 5.1.1; Nexus 6 Build/LMY48I; wv) AppleWebKit/537.36 (KHTML, like Gecko) Version/4.0 Chrome/44.0.2403.117 Mobile Safari/537.36"
    }, 
    "1441737383.983336,CJm4lS2l1aVaPA5dif": {
        "domain": "d3jhh8va3kyqsf.cloudfront.net", 
        "dst_ip": "54.192.193.253", 
        "dst_port": "80", 
        "headers": {
            "ACCEPT": "image/webp\\x2c*/*;q=0.8", 
            "ACCEPT-ENCODING": "gzip\\x2c deflate", 
            "ACCEPT-LANGUAGE": "en-US", 
            "CONNECTION": "keep-alive", 
            "HOST": "d3jhh8va3kyqsf.cloudfront.net", 
            "REFERER": "http://featured.perfectionholic.com:8080/moregames/index.html", 
            "USER-AGENT": "Mozilla/5.0 (Linux; Android 5.1.1; Nexus 6 Build/LMY48I; wv) AppleWebKit/537.36 (KHTML\\x2c like Gecko) Version/4.0 Chrome/44.0.2403.117 Mobile Safari/537.36", 
            "X-REQUESTED-WITH": "com.Avalon.amazingrun"
        }, 
        "host": "d3jhh8va3kyqsf.cloudfront.net", 
        "is_host_ip": 0, 
        "label": 0, 
        "md5": null, 
        "method": "GET", 
        "package_name": "com.Avalon.amazingrun", 
        "pii_types": null, 
        "platform": "android", 
        "post_body": "-", 
        "referrer": "http://featured.perfectionholic.com:8080/moregames/index.html", 
        "src_ip": "10.11.2.3", 
        "src_port": "34983", 
        "tk_flag": 0, 
        "ts": "1441737383.983336", 
        "uri": "/moregames_files/icon_punchboxing3d.png", 
        "user_agent": "Mozilla/5.0 (Linux; Android 5.1.1; Nexus 6 Build/LMY48I; wv) AppleWebKit/537.36 (KHTML, like Gecko) Version/4.0 Chrome/44.0.2403.117 Mobile Safari/537.36"
    }, 
    "1441737384.229890,CT2YrJ1VKnBglYuaxd": {
        "domain": "d3jhh8va3kyqsf.cloudfront.net", 
        "dst_ip": "54.192.193.253", 
        "dst_port": "80", 
        "headers": {
            "ACCEPT": "image/webp\\x2c*/*;q=0.8", 
            "ACCEPT-ENCODING": "gzip\\x2c deflate", 
            "ACCEPT-LANGUAGE": "en-US", 
            "CONNECTION": "keep-alive", 
            "HOST": "d3jhh8va3kyqsf.cloudfront.net", 
            "REFERER": "http://featured.perfectionholic.com:8080/moregames/index.html", 
            "USER-AGENT": "Mozilla/5.0 (Linux; Android 5.1.1; Nexus 6 Build/LMY48I; wv) AppleWebKit/537.36 (KHTML\\x2c like Gecko) Version/4.0 Chrome/44.0.2403.117 Mobile Safari/537.36", 
            "X-REQUESTED-WITH": "com.Avalon.amazingrun"
        }, 
        "host": "d3jhh8va3kyqsf.cloudfront.net", 
        "is_host_ip": 0, 
        "label": 0, 
        "md5": null, 
        "method": "GET", 
        "package_name": "com.Avalon.amazingrun", 
        "pii_types": null, 
        "platform": "android", 
        "post_body": "-", 
        "referrer": "http://featured.perfectionholic.com:8080/moregames/index.html", 
        "src_ip": "10.11.2.3", 
        "src_port": "34980", 
        "tk_flag": 0, 
        "ts": "1441737384.229890", 
        "uri": "/moregames_files/icon_ultimatesoccer.png", 
        "user_agent": "Mozilla/5.0 (Linux; Android 5.1.1; Nexus 6 Build/LMY48I; wv) AppleWebKit/537.36 (KHTML, like Gecko) Version/4.0 Chrome/44.0.2403.117 Mobile Safari/537.36"
    }, 
    "1441737384.239052,Co8WXv4aPV66ZvSgB4": {
        "domain": "d3jhh8va3kyqsf.cloudfront.net", 
        "dst_ip": "54.192.193.253", 
        "dst_port": "80", 
        "headers": {
            "ACCEPT": "image/webp\\x2c*/*;q=0.8", 
            "ACCEPT-ENCODING": "gzip\\x2c deflate", 
            "ACCEPT-LANGUAGE": "en-US", 
            "CONNECTION": "keep-alive", 
            "HOST": "d3jhh8va3kyqsf.cloudfront.net", 
            "REFERER": "http://featured.perfectionholic.com:8080/moregames/index.html", 
            "USER-AGENT": "Mozilla/5.0 (Linux; Android 5.1.1; Nexus 6 Build/LMY48I; wv) AppleWebKit/537.36 (KHTML\\x2c like Gecko) Version/4.0 Chrome/44.0.2403.117 Mobile Safari/537.36", 
            "X-REQUESTED-WITH": "com.Avalon.amazingrun"
        }, 
        "host": "d3jhh8va3kyqsf.cloudfront.net", 
        "is_host_ip": 0, 
        "label": 0, 
        "md5": null, 
        "method": "GET", 
        "package_name": "com.Avalon.amazingrun", 
        "pii_types": null, 
        "platform": "android", 
        "post_body": "-", 
        "referrer": "http://featured.perfectionholic.com:8080/moregames/index.html", 
        "src_ip": "10.11.2.3", 
        "src_port": "34982", 
        "tk_flag": 0, 
        "ts": "1441737384.239052", 
        "uri": "/moregames_files/icon_fastracing3d.png", 
        "user_agent": "Mozilla/5.0 (Linux; Android 5.1.1; Nexus 6 Build/LMY48I; wv) AppleWebKit/537.36 (KHTML, like Gecko) Version/4.0 Chrome/44.0.2403.117 Mobile Safari/537.36"
    }, 
    "1441737384.239548,CMpDkYfaCrfBcjP48": {
        "domain": "d3jhh8va3kyqsf.cloudfront.net", 
        "dst_ip": "54.192.193.253", 
        "dst_port": "80", 
        "headers": {
            "ACCEPT": "image/webp\\x2c*/*;q=0.8", 
            "ACCEPT-ENCODING": "gzip\\x2c deflate", 
            "ACCEPT-LANGUAGE": "en-US", 
            "CONNECTION": "keep-alive", 
            "HOST": "d3jhh8va3kyqsf.cloudfront.net", 
            "REFERER": "http://featured.perfectionholic.com:8080/moregames/index.html", 
            "USER-AGENT": "Mozilla/5.0 (Linux; Android 5.1.1; Nexus 6 Build/LMY48I; wv) AppleWebKit/537.36 (KHTML\\x2c like Gecko) Version/4.0 Chrome/44.0.2403.117 Mobile Safari/537.36", 
            "X-REQUESTED-WITH": "com.Avalon.amazingrun"
        }, 
        "host": "d3jhh8va3kyqsf.cloudfront.net", 
        "is_host_ip": 0, 
        "label": 0, 
        "md5": null, 
        "method": "GET", 
        "package_name": "com.Avalon.amazingrun", 
        "pii_types": null, 
        "platform": "android", 
        "post_body": "-", 
        "referrer": "http://featured.perfectionholic.com:8080/moregames/index.html", 
        "src_ip": "10.11.2.3", 
        "src_port": "34981", 
        "tk_flag": 0, 
        "ts": "1441737384.239548", 
        "uri": "/moregames_files/icon_poolbilliardspro.png", 
        "user_agent": "Mozilla/5.0 (Linux; Android 5.1.1; Nexus 6 Build/LMY48I; wv) AppleWebKit/537.36 (KHTML, like Gecko) Version/4.0 Chrome/44.0.2403.117 Mobile Safari/537.36"
    }, 
    "1441737384.239563,CDPmt42O4O3SDNNNe2": {
        "domain": "d3jhh8va3kyqsf.cloudfront.net", 
        "dst_ip": "54.192.193.253", 
        "dst_port": "80", 
        "headers": {
            "ACCEPT": "image/webp\\x2c*/*;q=0.8", 
            "ACCEPT-ENCODING": "gzip\\x2c deflate", 
            "ACCEPT-LANGUAGE": "en-US", 
            "CONNECTION": "keep-alive", 
            "HOST": "d3jhh8va3kyqsf.cloudfront.net", 
            "REFERER": "http://featured.perfectionholic.com:8080/moregames/index.html", 
            "USER-AGENT": "Mozilla/5.0 (Linux; Android 5.1.1; Nexus 6 Build/LMY48I; wv) AppleWebKit/537.36 (KHTML\\x2c like Gecko) Version/4.0 Chrome/44.0.2403.117 Mobile Safari/537.36", 
            "X-REQUESTED-WITH": "com.Avalon.amazingrun"
        }, 
        "host": "d3jhh8va3kyqsf.cloudfront.net", 
        "is_host_ip": 0, 
        "label": 0, 
        "md5": null, 
        "method": "GET", 
        "package_name": "com.Avalon.amazingrun", 
        "pii_types": null, 
        "platform": "android", 
        "post_body": "-", 
        "referrer": "http://featured.perfectionholic.com:8080/moregames/index.html", 
        "src_ip": "10.11.2.3", 
        "src_port": "34985", 
        "tk_flag": 0, 
        "ts": "1441737384.239563", 
        "uri": "/moregames_files/icon_fanaticalfootball.png", 
        "user_agent": "Mozilla/5.0 (Linux; Android 5.1.1; Nexus 6 Build/LMY48I; wv) AppleWebKit/537.36 (KHTML, like Gecko) Version/4.0 Chrome/44.0.2403.117 Mobile Safari/537.36"
    }, 
    "1441737384.240243,CJm4lS2l1aVaPA5dif": {
        "domain": "d3jhh8va3kyqsf.cloudfront.net", 
        "dst_ip": "54.192.193.253", 
        "dst_port": "80", 
        "headers": {
            "ACCEPT": "image/webp\\x2c*/*;q=0.8", 
            "ACCEPT-ENCODING": "gzip\\x2c deflate", 
            "ACCEPT-LANGUAGE": "en-US", 
            "CONNECTION": "keep-alive", 
            "HOST": "d3jhh8va3kyqsf.cloudfront.net", 
            "REFERER": "http://featured.perfectionholic.com:8080/moregames/index.html", 
            "USER-AGENT": "Mozilla/5.0 (Linux; Android 5.1.1; Nexus 6 Build/LMY48I; wv) AppleWebKit/537.36 (KHTML\\x2c like Gecko) Version/4.0 Chrome/44.0.2403.117 Mobile Safari/537.36", 
            "X-REQUESTED-WITH": "com.Avalon.amazingrun"
        }, 
        "host": "d3jhh8va3kyqsf.cloudfront.net", 
        "is_host_ip": 0, 
        "label": 0, 
        "md5": null, 
        "method": "GET", 
        "package_name": "com.Avalon.amazingrun", 
        "pii_types": null, 
        "platform": "android", 
        "post_body": "-", 
        "referrer": "http://featured.perfectionholic.com:8080/moregames/index.html", 
        "src_ip": "10.11.2.3", 
        "src_port": "34983", 
        "tk_flag": 0, 
        "ts": "1441737384.240243", 
        "uri": "/moregames_files/icon_powerboatracing3d.png", 
        "user_agent": "Mozilla/5.0 (Linux; Android 5.1.1; Nexus 6 Build/LMY48I; wv) AppleWebKit/537.36 (KHTML, like Gecko) Version/4.0 Chrome/44.0.2403.117 Mobile Safari/537.36"
    }, 
    "1441737384.258756,CMIegum3OtDmC4uGi": {
        "domain": "d3jhh8va3kyqsf.cloudfront.net", 
        "dst_ip": "54.192.193.253", 
        "dst_port": "80", 
        "headers": {
            "ACCEPT": "image/webp\\x2c*/*;q=0.8", 
            "ACCEPT-ENCODING": "gzip\\x2c deflate", 
            "ACCEPT-LANGUAGE": "en-US", 
            "CONNECTION": "keep-alive", 
            "HOST": "d3jhh8va3kyqsf.cloudfront.net", 
            "REFERER": "http://featured.perfectionholic.com:8080/moregames/index.html", 
            "USER-AGENT": "Mozilla/5.0 (Linux; Android 5.1.1; Nexus 6 Build/LMY48I; wv) AppleWebKit/537.36 (KHTML\\x2c like Gecko) Version/4.0 Chrome/44.0.2403.117 Mobile Safari/537.36", 
            "X-REQUESTED-WITH": "com.Avalon.amazingrun"
        }, 
        "host": "d3jhh8va3kyqsf.cloudfront.net", 
        "is_host_ip": 0, 
        "label": 0, 
        "md5": null, 
        "method": "GET", 
        "package_name": "com.Avalon.amazingrun", 
        "pii_types": null, 
        "platform": "android", 
        "post_body": "-", 
        "referrer": "http://featured.perfectionholic.com:8080/moregames/index.html", 
        "src_ip": "10.11.2.3", 
        "src_port": "34984", 
        "tk_flag": 0, 
        "ts": "1441737384.258756", 
        "uri": "/moregames_files/icon_jewelssaga.png", 
        "user_agent": "Mozilla/5.0 (Linux; Android 5.1.1; Nexus 6 Build/LMY48I; wv) AppleWebKit/537.36 (KHTML, like Gecko) Version/4.0 Chrome/44.0.2403.117 Mobile Safari/537.36"
    }, 
    "1441737384.310391,CbMYKQwDO3ktSGg8l": {
        "domain": "google-analytics.com", 
        "dst_ip": "74.125.228.224", 
        "dst_port": "80", 
        "headers": {
            "ACCEPT": "image/webp\\x2c*/*;q=0.8", 
            "ACCEPT-ENCODING": "gzip\\x2c deflate", 
            "ACCEPT-LANGUAGE": "en-US", 
            "CONNECTION": "keep-alive", 
            "HOST": "www.google-analytics.com", 
            "REFERER": "http://featured.perfectionholic.com:8080/moregames/index.html", 
            "USER-AGENT": "Mozilla/5.0 (Linux; Android 5.1.1; Nexus 6 Build/LMY48I; wv) AppleWebKit/537.36 (KHTML\\x2c like Gecko) Version/4.0 Chrome/44.0.2403.117 Mobile Safari/537.36", 
            "X-REQUESTED-WITH": "com.Avalon.amazingrun"
        }, 
        "host": "www.google-analytics.com", 
        "is_host_ip": 0, 
        "label": 0, 
        "md5": null, 
        "method": "GET", 
        "package_name": "com.Avalon.amazingrun", 
        "pii_types": null, 
        "platform": "android", 
        "post_body": "-", 
        "referrer": "http://featured.perfectionholic.com:8080/moregames/index.html", 
        "src_ip": "10.11.2.3", 
        "src_port": "37336", 
        "tk_flag": 1, 
        "ts": "1441737384.310391", 
        "uri": "/r/collect?v=1&_v=j38&a=1396270750&t=pageview&_s=1&dl=http://featured.perfectionholic.com/moregames/index.html&ul=en-us&de=UTF-8&dt=More Games&sd=32-bit&sr=2562x1442&vp=412x634&je=1&_u=AEAAAAABI~&jid=1853132190&cid=1136860918.1441737291&tid=UA-34243461-1&_r=1&z=2018470744", 
        "user_agent": "Mozilla/5.0 (Linux; Android 5.1.1; Nexus 6 Build/LMY48I; wv) AppleWebKit/537.36 (KHTML, like Gecko) Version/4.0 Chrome/44.0.2403.117 Mobile Safari/537.36"
    }, 
    "1441737384.482569,CT2YrJ1VKnBglYuaxd": {
        "domain": "d3jhh8va3kyqsf.cloudfront.net", 
        "dst_ip": "54.192.193.253", 
        "dst_port": "80", 
        "headers": {
            "ACCEPT": "image/webp\\x2c*/*;q=0.8", 
            "ACCEPT-ENCODING": "gzip\\x2c deflate", 
            "ACCEPT-LANGUAGE": "en-US", 
            "CONNECTION": "keep-alive", 
            "HOST": "d3jhh8va3kyqsf.cloudfront.net", 
            "REFERER": "http://featured.perfectionholic.com:8080/moregames/index.html", 
            "USER-AGENT": "Mozilla/5.0 (Linux; Android 5.1.1; Nexus 6 Build/LMY48I; wv) AppleWebKit/537.36 (KHTML\\x2c like Gecko) Version/4.0 Chrome/44.0.2403.117 Mobile Safari/537.36", 
            "X-REQUESTED-WITH": "com.Avalon.amazingrun"
        }, 
        "host": "d3jhh8va3kyqsf.cloudfront.net", 
        "is_host_ip": 0, 
        "label": 0, 
        "md5": null, 
        "method": "GET", 
        "package_name": "com.Avalon.amazingrun", 
        "pii_types": null, 
        "platform": "android", 
        "post_body": "-", 
        "referrer": "http://featured.perfectionholic.com:8080/moregames/index.html", 
        "src_ip": "10.11.2.3", 
        "src_port": "34980", 
        "tk_flag": 0, 
        "ts": "1441737384.482569", 
        "uri": "/moregames_files/icon_zombieroadkill3d.png", 
        "user_agent": "Mozilla/5.0 (Linux; Android 5.1.1; Nexus 6 Build/LMY48I; wv) AppleWebKit/537.36 (KHTML, like Gecko) Version/4.0 Chrome/44.0.2403.117 Mobile Safari/537.36"
    }, 
    "1441737384.492130,Co8WXv4aPV66ZvSgB4": {
        "domain": "d3jhh8va3kyqsf.cloudfront.net", 
        "dst_ip": "54.192.193.253", 
        "dst_port": "80", 
        "headers": {
            "ACCEPT": "image/webp\\x2c*/*;q=0.8", 
            "ACCEPT-ENCODING": "gzip\\x2c deflate", 
            "ACCEPT-LANGUAGE": "en-US", 
            "CONNECTION": "keep-alive", 
            "HOST": "d3jhh8va3kyqsf.cloudfront.net", 
            "REFERER": "http://featured.perfectionholic.com:8080/moregames/index.html", 
            "USER-AGENT": "Mozilla/5.0 (Linux; Android 5.1.1; Nexus 6 Build/LMY48I; wv) AppleWebKit/537.36 (KHTML\\x2c like Gecko) Version/4.0 Chrome/44.0.2403.117 Mobile Safari/537.36", 
            "X-REQUESTED-WITH": "com.Avalon.amazingrun"
        }, 
        "host": "d3jhh8va3kyqsf.cloudfront.net", 
        "is_host_ip": 0, 
        "label": 0, 
        "md5": null, 
        "method": "GET", 
        "package_name": "com.Avalon.amazingrun", 
        "pii_types": null, 
        "platform": "android", 
        "post_body": "-", 
        "referrer": "http://featured.perfectionholic.com:8080/moregames/index.html", 
        "src_ip": "10.11.2.3", 
        "src_port": "34982", 
        "tk_flag": 0, 
        "ts": "1441737384.492130", 
        "uri": "/moregames_files/icon_basketballmania.png", 
        "user_agent": "Mozilla/5.0 (Linux; Android 5.1.1; Nexus 6 Build/LMY48I; wv) AppleWebKit/537.36 (KHTML, like Gecko) Version/4.0 Chrome/44.0.2403.117 Mobile Safari/537.36"
    }, 
    "1441737384.495273,CMpDkYfaCrfBcjP48": {
        "domain": "d3jhh8va3kyqsf.cloudfront.net", 
        "dst_ip": "54.192.193.253", 
        "dst_port": "80", 
        "headers": {
            "ACCEPT": "image/webp\\x2c*/*;q=0.8", 
            "ACCEPT-ENCODING": "gzip\\x2c deflate", 
            "ACCEPT-LANGUAGE": "en-US", 
            "CONNECTION": "keep-alive", 
            "HOST": "d3jhh8va3kyqsf.cloudfront.net", 
            "REFERER": "http://featured.perfectionholic.com:8080/moregames/index.html", 
            "USER-AGENT": "Mozilla/5.0 (Linux; Android 5.1.1; Nexus 6 Build/LMY48I; wv) AppleWebKit/537.36 (KHTML\\x2c like Gecko) Version/4.0 Chrome/44.0.2403.117 Mobile Safari/537.36", 
            "X-REQUESTED-WITH": "com.Avalon.amazingrun"
        }, 
        "host": "d3jhh8va3kyqsf.cloudfront.net", 
        "is_host_ip": 0, 
        "label": 0, 
        "md5": null, 
        "method": "GET", 
        "package_name": "com.Avalon.amazingrun", 
        "pii_types": null, 
        "platform": "android", 
        "post_body": "-", 
        "referrer": "http://featured.perfectionholic.com:8080/moregames/index.html", 
        "src_ip": "10.11.2.3", 
        "src_port": "34981", 
        "tk_flag": 0, 
        "ts": "1441737384.495273", 
        "uri": "/moregames_files/icon_zombiesmasher.png", 
        "user_agent": "Mozilla/5.0 (Linux; Android 5.1.1; Nexus 6 Build/LMY48I; wv) AppleWebKit/537.36 (KHTML, like Gecko) Version/4.0 Chrome/44.0.2403.117 Mobile Safari/537.36"
    }, 
    "1441737384.496042,CDPmt42O4O3SDNNNe2": {
        "domain": "d3jhh8va3kyqsf.cloudfront.net", 
        "dst_ip": "54.192.193.253", 
        "dst_port": "80", 
        "headers": {
            "ACCEPT": "image/webp\\x2c*/*;q=0.8", 
            "ACCEPT-ENCODING": "gzip\\x2c deflate", 
            "ACCEPT-LANGUAGE": "en-US", 
            "CONNECTION": "keep-alive", 
            "HOST": "d3jhh8va3kyqsf.cloudfront.net", 
            "REFERER": "http://featured.perfectionholic.com:8080/moregames/index.html", 
            "USER-AGENT": "Mozilla/5.0 (Linux; Android 5.1.1; Nexus 6 Build/LMY48I; wv) AppleWebKit/537.36 (KHTML\\x2c like Gecko) Version/4.0 Chrome/44.0.2403.117 Mobile Safari/537.36", 
            "X-REQUESTED-WITH": "com.Avalon.amazingrun"
        }, 
        "host": "d3jhh8va3kyqsf.cloudfront.net", 
        "is_host_ip": 0, 
        "label": 0, 
        "md5": null, 
        "method": "GET", 
        "package_name": "com.Avalon.amazingrun", 
        "pii_types": null, 
        "platform": "android", 
        "post_body": "-", 
        "referrer": "http://featured.perfectionholic.com:8080/moregames/index.html", 
        "src_ip": "10.11.2.3", 
        "src_port": "34985", 
        "tk_flag": 0, 
        "ts": "1441737384.496042", 
        "uri": "/moregames_files/icon_tennis3d.png", 
        "user_agent": "Mozilla/5.0 (Linux; Android 5.1.1; Nexus 6 Build/LMY48I; wv) AppleWebKit/537.36 (KHTML, like Gecko) Version/4.0 Chrome/44.0.2403.117 Mobile Safari/537.36"
    }, 
    "1441737384.497501,CJm4lS2l1aVaPA5dif": {
        "domain": "d3jhh8va3kyqsf.cloudfront.net", 
        "dst_ip": "54.192.193.253", 
        "dst_port": "80", 
        "headers": {
            "ACCEPT": "image/webp\\x2c*/*;q=0.8", 
            "ACCEPT-ENCODING": "gzip\\x2c deflate", 
            "ACCEPT-LANGUAGE": "en-US", 
            "CONNECTION": "keep-alive", 
            "HOST": "d3jhh8va3kyqsf.cloudfront.net", 
            "REFERER": "http://featured.perfectionholic.com:8080/moregames/index.html", 
            "USER-AGENT": "Mozilla/5.0 (Linux; Android 5.1.1; Nexus 6 Build/LMY48I; wv) AppleWebKit/537.36 (KHTML\\x2c like Gecko) Version/4.0 Chrome/44.0.2403.117 Mobile Safari/537.36", 
            "X-REQUESTED-WITH": "com.Avalon.amazingrun"
        }, 
        "host": "d3jhh8va3kyqsf.cloudfront.net", 
        "is_host_ip": 0, 
        "label": 0, 
        "md5": null, 
        "method": "GET", 
        "package_name": "com.Avalon.amazingrun", 
        "pii_types": null, 
        "platform": "android", 
        "post_body": "-", 
        "referrer": "http://featured.perfectionholic.com:8080/moregames/index.html", 
        "src_ip": "10.11.2.3", 
        "src_port": "34983", 
        "tk_flag": 0, 
        "ts": "1441737384.497501", 
        "uri": "/moregames_files/icon_shootbubbledeluxe.png", 
        "user_agent": "Mozilla/5.0 (Linux; Android 5.1.1; Nexus 6 Build/LMY48I; wv) AppleWebKit/537.36 (KHTML, like Gecko) Version/4.0 Chrome/44.0.2403.117 Mobile Safari/537.36"
    }, 
    "1441737384.508301,CMIegum3OtDmC4uGi": {
        "domain": "d3jhh8va3kyqsf.cloudfront.net", 
        "dst_ip": "54.192.193.253", 
        "dst_port": "80", 
        "headers": {
            "ACCEPT": "image/webp\\x2c*/*;q=0.8", 
            "ACCEPT-ENCODING": "gzip\\x2c deflate", 
            "ACCEPT-LANGUAGE": "en-US", 
            "CONNECTION": "keep-alive", 
            "HOST": "d3jhh8va3kyqsf.cloudfront.net", 
            "REFERER": "http://featured.perfectionholic.com:8080/moregames/index.html", 
            "USER-AGENT": "Mozilla/5.0 (Linux; Android 5.1.1; Nexus 6 Build/LMY48I; wv) AppleWebKit/537.36 (KHTML\\x2c like Gecko) Version/4.0 Chrome/44.0.2403.117 Mobile Safari/537.36", 
            "X-REQUESTED-WITH": "com.Avalon.amazingrun"
        }, 
        "host": "d3jhh8va3kyqsf.cloudfront.net", 
        "is_host_ip": 0, 
        "label": 0, 
        "md5": null, 
        "method": "GET", 
        "package_name": "com.Avalon.amazingrun", 
        "pii_types": null, 
        "platform": "android", 
        "post_body": "-", 
        "referrer": "http://featured.perfectionholic.com:8080/moregames/index.html", 
        "src_ip": "10.11.2.3", 
        "src_port": "34984", 
        "tk_flag": 0, 
        "ts": "1441737384.508301", 
        "uri": "/moregames_files/icon_fishlive.png", 
        "user_agent": "Mozilla/5.0 (Linux; Android 5.1.1; Nexus 6 Build/LMY48I; wv) AppleWebKit/537.36 (KHTML, like Gecko) Version/4.0 Chrome/44.0.2403.117 Mobile Safari/537.36"
    }
}
