{
    "1441739955.325758,CzpbRT1HCQ5NOCOl3k": {
        "domain": "google.com", 
        "dst_ip": "74.125.29.139", 
        "dst_port": "80", 
        "headers": {
            "ACCEPT-ENCODING": "gzip", 
            "CONNECTION": "Keep-Alive", 
            "HOST": "clients3.google.com", 
            "USER-AGENT": "Dalvik/2.1.0 (Linux; U; Android 5.1.1; Nexus 6 Build/LMY48I)"
        }, 
        "host": "clients3.google.com", 
        "is_host_ip": 0, 
        "label": 0, 
        "md5": null, 
        "method": "GET", 
        "package_name": "com.doodle.woem", 
        "pii_types": null, 
        "platform": "android", 
        "post_body": "-", 
        "referrer": "-", 
        "src_ip": "10.11.2.3", 
        "src_port": "56339", 
        "tk_flag": 1, 
        "ts": "1441739955.325758", 
        "uri": "/generate_204", 
        "user_agent": "Dalvik/2.1.0 (Linux; U; Android 5.1.1; Nexus 6 Build/LMY48I)"
    }, 
    "1441739972.910894,CNuPTm1tdIaQO9HASg": {
        "domain": "perfectionholic.com", 
        "dst_ip": "54.225.233.177", 
        "dst_port": "80", 
        "headers": {
            "CONNECTION": "Keep-Alive", 
            "CONTENT-LENGTH": "0", 
            "CONTENT-TYPE": "application/x-www-form-urlencoded", 
            "HOST": "newfeatureview.perfectionholic.com"
        }, 
        "host": "newfeatureview.perfectionholic.com", 
        "is_host_ip": 0, 
        "label": 0, 
        "md5": null, 
        "method": "POST", 
        "package_name": "com.doodle.woem", 
        "pii_types": null, 
        "platform": "android", 
        "post_body": "-", 
        "referrer": "-", 
        "src_ip": "10.11.2.3", 
        "src_port": "41229", 
        "tk_flag": 0, 
        "ts": "1441739972.910894", 
        "uri": "/featureview/getfeatureview/", 
        "user_agent": "-"
    }, 
    "1441739973.511322,CD2YvNBuAVeZltds": {
        "domain": "doodlemobile.com", 
        "dst_ip": "23.23.136.147", 
        "dst_port": "80", 
        "headers": {
            "CONNECTION": "Keep-Alive", 
            "CONTENT-LENGTH": "122", 
            "CONTENT-TYPE": "application/x-www-form-urlencoded", 
            "HOST": "f2.doodlemobile.com"
        }, 
        "host": "f2.doodlemobile.com", 
        "is_host_ip": 0, 
        "label": 1, 
        "md5": null, 
        "method": "POST", 
        "package_name": "com.doodle.woem", 
        "pii_types": [
            "AdvertiserId"
        ], 
        "platform": "android", 
        "post_body": "clicked=0&deviceId=RECON_AdvertiserId_5bb221bf1d4e4d5bb88d2233e7d32e67&language=en&locale=US&sysversion=22&installedGames=com.doodle.woem", 
        "referrer": "-", 
        "src_ip": "10.11.2.3", 
        "src_port": "52116", 
        "tk_flag": 0, 
        "ts": "1441739973.511322", 
        "uri": "/feature_server/fullScreen/get.php", 
        "user_agent": "-"
    }
}
