{
    "1441460935.214467,CsAQju1O9zCtAW7QEe": {
        "domain": "google.com", 
        "dst_ip": "216.58.217.142", 
        "dst_port": "80", 
        "headers": {
            "ACCEPT-ENCODING": "gzip", 
            "CONNECTION": "Keep-Alive", 
            "HOST": "clients3.google.com", 
            "USER-AGENT": "Dalvik/2.1.0 (Linux; U; Android 5.1.1; Nexus 6 Build/LMY48I)"
        }, 
        "host": "clients3.google.com", 
        "is_host_ip": 0, 
        "label": 0, 
        "md5": null, 
        "method": "GET", 
        "package_name": "com.stormaster.stormage", 
        "pii_types": null, 
        "platform": "android", 
        "post_body": "-", 
        "referrer": "-", 
        "src_ip": "10.11.2.3", 
        "src_port": "46811", 
        "tk_flag": 1, 
        "ts": "1441460935.214467", 
        "uri": "/generate_204", 
        "user_agent": "Dalvik/2.1.0 (Linux; U; Android 5.1.1; Nexus 6 Build/LMY48I)"
    }, 
    "1441460945.448953,CJShfZ3L7BtdvQ6Esc": {
        "domain": "unity3d.com", 
        "dst_ip": "54.215.194.75", 
        "dst_port": "80", 
        "headers": {
            "ACCEPT-ENCODING": "gzip", 
            "CONNECTION": "Keep-Alive", 
            "CONTENT-LENGTH": "387", 
            "CONTENT-TYPE": "application/x-www-form-urlencoded", 
            "HOST": "stats.unity3d.com", 
            "USER-AGENT": "Dalvik/2.1.0 (Linux; U; Android 5.1.1; Nexus 6 Build/LMY48I)", 
            "X-UNITY-VERSION": "4.6.6p3"
        }, 
        "host": "stats.unity3d.com", 
        "is_host_ip": 0, 
        "label": 0, 
        "md5": null, 
        "method": "POST", 
        "package_name": "com.stormaster.stormage", 
        "pii_types": null, 
        "platform": "android", 
        "post_body": "os=Android+OS+API-22&cpu=ARMv7+VFPv3+NEON&gfxname=Adreno+(TM)+420&gfxvendor=Qualcomm&gfxversion=OpenGL+ES+3.1V%40104.0&gfxdriver=(GIT%40I0ba6dce82d)&cpucount=4&ram=2969&vram=1024&screen=2560+x+1440&platform=11&flags=16779458&hash=533ee8ffc257f259ec0eebc3a2d206e3&appId=com.stormaster.stormage&uuid=4087f7e93d01fa14d2c9fbcd115468d2&model=motorola/Nexus 6/shamu&unity=4.6.6p3&build=4.6.6p3", 
        "referrer": "-", 
        "src_ip": "10.11.2.3", 
        "src_port": "42762", 
        "tk_flag": 0, 
        "ts": "1441460945.448953", 
        "uri": "/HWStats.cgi", 
        "user_agent": "Dalvik/2.1.0 (Linux; U; Android 5.1.1; Nexus 6 Build/LMY48I)"
    }
}
